timestamps,open,high,low,close,volume,amount
2006-12-22 00:00:00,0.1198,0.1198,0.1198,0.1198,0.0,0.0
2006-12-27 00:00:00,0.1377,0.1677,0.1377,0.1617,1638129.0,264885.45930000005
2006-12-28 00:00:00,0.1707,0.1916,0.1677,0.1856,3908684.0,725451.7503999999
2006-12-29 00:00:00,0.1916,0.2006,0.1856,0.1976,1115000.0,220324.0
2007-01-02 00:00:00,0.2036,0.2096,0.1976,0.2096,1098556.0,230257.3376
2007-01-03 00:00:00,0.2036,0.2036,0.1916,0.1916,472231.0,90479.4596
2007-01-04 00:00:00,0.1916,0.1916,0.1796,0.1856,998224.0,185270.3744
2007-01-05 00:00:00,0.1856,0.1856,0.1736,0.1796,513089.0,92150.7844
2007-01-08 00:00:00,0.1886,0.1976,0.1826,0.1916,753733.0,144415.2428
2007-01-09 00:00:00,0.1916,0.1916,0.1826,0.1856,518397.0,96214.48319999999
2007-01-10 00:00:00,0.1826,0.1826,0.1736,0.1736,56372.0,9786.1792
2007-01-11 00:00:00,0.1677,0.1677,0.1587,0.1677,245301.0,41136.977699999996
2007-01-12 00:00:00,0.1617,0.1736,0.1617,0.1736,383742.0,66617.6112
2007-01-15 00:00:00,0.1736,0.1736,0.1587,0.1587,157014.0,24918.1218
2007-01-16 00:00:00,0.1587,0.1796,0.1587,0.1766,265378.0,46865.7548
2007-01-17 00:00:00,0.1766,0.1796,0.1736,0.1796,927591.0,166595.34360000002
2007-01-18 00:00:00,0.1856,0.1886,0.1736,0.1736,213268.0,37023.3248
2007-01-19 00:00:00,0.1736,0.1766,0.1707,0.1766,215482.0,38054.1212
2007-01-22 00:00:00,0.1736,0.1766,0.1736,0.1736,97937.0,17001.8632
2007-01-23 00:00:00,0.1736,0.1856,0.1736,0.1856,355177.0,65920.85119999999
2007-01-24 00:00:00,0.1796,0.2156,0.1796,0.2156,1179179.0,254230.99240000002
2007-01-25 00:00:00,0.2215,0.2215,0.2036,0.2066,476214.0,98385.81240000001
2007-01-29 00:00:00,0.2036,0.2036,0.1856,0.1916,583924.0,111879.8384
2007-01-30 00:00:00,0.1916,0.2066,0.1886,0.2066,277861.0,57406.0826
2007-01-31 00:00:00,0.2036,0.2036,0.1796,0.1826,663577.0,121169.16020000001
2007-02-01 00:00:00,0.1856,0.1916,0.1856,0.1856,283573.0,52631.148799999995
2007-02-02 00:00:00,0.1856,0.1886,0.1856,0.1856,286103.0,53100.716799999995
2007-02-05 00:00:00,0.1796,0.1796,0.1736,0.1736,436434.0,75764.9424
2007-02-06 00:00:00,0.1796,0.1796,0.1736,0.1736,355806.0,61767.9216
2007-02-07 00:00:00,0.1796,0.1796,0.1736,0.1736,43375.0,7529.900000000001
2007-02-08 00:00:00,0.1736,0.1736,0.1736,0.1736,29858.0,5183.3488
2007-02-09 00:00:00,0.1736,0.1736,0.1707,0.1736,96492.0,16751.0112
2007-02-12 00:00:00,0.1736,0.1736,0.1677,0.1677,104283.0,17488.2591
2007-02-13 00:00:00,0.1647,0.1647,0.1587,0.1617,127798.0,20664.9366
2007-02-14 00:00:00,0.1557,0.1736,0.1557,0.1736,333965.0,57976.324
2007-02-15 00:00:00,0.1736,0.1856,0.1736,0.1856,432505.0,80272.928
2007-02-16 00:00:00,0.1796,0.1856,0.1766,0.1766,265880.0,46954.408
2007-02-19 00:00:00,0.1766,0.1796,0.1736,0.1736,126976.0,22043.0336
2007-02-20 00:00:00,0.1736,0.1796,0.1736,0.1736,116103.0,20155.4808
2007-02-21 00:00:00,0.1736,0.1796,0.1736,0.1736,371531.0,64497.7816
2007-02-22 00:00:00,0.1736,0.1796,0.1736,0.1796,103194.0,18533.6424
2007-02-23 00:00:00,0.1736,0.1736,0.1736,0.1736,20209.0,3508.2824
2007-02-27 00:00:00,0.1736,0.1736,0.1707,0.1707,31162.0,5319.3534
2007-02-28 00:00:00,0.1707,0.1707,0.1497,0.1617,109385.0,17687.554500000002
2007-03-01 00:00:00,0.1527,0.1557,0.1527,0.1557,66815.0,10403.0955
2007-03-02 00:00:00,0.1557,0.1557,0.1497,0.1557,76284.0,11877.418800000001
2007-03-05 00:00:00,0.1557,0.1557,0.1407,0.1407,41818.0,5883.7926
2007-03-06 00:00:00,0.1407,0.1407,0.1138,0.1287,152780.0,19662.786
2007-03-07 00:00:00,0.1257,0.1257,0.1228,0.1257,370201.0,46534.2657
2007-03-08 00:00:00,0.1317,0.1317,0.1317,0.1317,4460.0,587.3820000000001
2007-03-09 00:00:00,0.1407,0.1497,0.1377,0.1377,89789.0,12363.9453
2007-03-12 00:00:00,0.1377,0.1377,0.1347,0.1377,129996.0,17900.4492
2007-03-13 00:00:00,0.1497,0.1497,0.1497,0.1497,33941.0,5080.9677
2007-03-14 00:00:00,0.1437,0.1557,0.1437,0.1557,249113.0,38786.8941
2007-03-15 00:00:00,0.1587,0.1587,0.1557,0.1587,175290.0,27818.523
2007-03-16 00:00:00,0.1617,0.1677,0.1617,0.1677,389078.0,65248.3806
2007-03-19 00:00:00,0.1647,0.1647,0.1557,0.1557,85664.0,13337.8848
2007-03-21 00:00:00,0.1557,0.1557,0.1557,0.1557,232141.0,36144.3537
2007-03-22 00:00:00,0.1557,0.1557,0.1467,0.1497,1176817.0,176169.5049
2007-03-23 00:00:00,0.1497,0.1557,0.1497,0.1497,1997732.0,299060.4804
2007-03-26 00:00:00,0.1497,0.1707,0.1497,0.1617,398536.0,64443.2712
2007-03-27 00:00:00,0.1617,0.1617,0.1617,0.1617,93816.0,15170.0472
2007-03-28 00:00:00,0.1617,0.1617,0.1467,0.1587,131529.0,20873.6523
2007-03-29 00:00:00,0.1587,0.1587,0.1497,0.1497,89595.0,13412.3715
2007-03-30 00:00:00,0.1467,0.1766,0.1467,0.1766,153042.0,27027.217200000003
2007-04-02 00:00:00,0.1796,0.1796,0.1707,0.1796,347543.0,62418.7228
2007-04-03 00:00:00,0.1736,0.1916,0.1736,0.1916,604271.0,115778.32359999999
2007-04-04 00:00:00,0.1916,0.1916,0.1856,0.1916,494940.0,94830.504
2007-04-05 00:00:00,0.1916,0.1916,0.1916,0.1916,89341.0,17117.7356
2007-04-10 00:00:00,0.1856,0.1916,0.1796,0.1796,144382.0,25931.0072
2007-04-11 00:00:00,0.1796,0.1856,0.1796,0.1856,327215.0,60731.104
2007-04-12 00:00:00,0.1796,0.1916,0.1796,0.1916,421350.0,80730.66
2007-04-13 00:00:00,0.1856,0.1856,0.1796,0.1796,211698.0,38020.9608
2007-04-16 00:00:00,0.1796,0.1826,0.1707,0.1796,208858.0,37510.8968
2007-04-17 00:00:00,0.1796,0.1796,0.1796,0.1796,355092.0,63774.5232
2007-04-18 00:00:00,0.1796,0.1796,0.1587,0.1587,700154.0,111114.43980000001
2007-04-19 00:00:00,0.1587,0.1587,0.1437,0.1557,327215.0,50947.3755
2007-04-20 00:00:00,0.1497,0.1557,0.1497,0.1497,238502.0,35703.7494
2007-04-23 00:00:00,0.1557,0.1796,0.1557,0.1796,151868.0,27275.4928
2007-04-24 00:00:00,0.1677,0.1677,0.1677,0.1677,57895.0,9708.9915
2007-04-26 00:00:00,0.1707,0.1766,0.1677,0.1707,217063.0,37052.6541
2007-04-27 00:00:00,0.1707,0.1707,0.1707,0.1707,37056.0,6325.459199999999
2007-04-30 00:00:00,0.1707,0.1736,0.1707,0.1736,103461.0,17960.8296
2007-05-01 00:00:00,0.1736,0.1736,0.1677,0.1677,183852.0,30831.980399999997
2007-05-02 00:00:00,0.1707,0.1707,0.1677,0.1677,86311.0,14474.3547
2007-05-03 00:00:00,0.1677,0.1736,0.1617,0.1617,302343.0,48888.8631
2007-05-04 00:00:00,0.1677,0.1677,0.1677,0.1677,65936.0,11057.4672
2007-05-07 00:00:00,0.1677,0.1677,0.1647,0.1677,105283.0,17655.9591
2007-05-08 00:00:00,0.1677,0.1736,0.1617,0.1736,204135.0,35437.836
2007-05-09 00:00:00,0.1677,0.1766,0.1677,0.1766,131167.0,23164.0922
2007-05-10 00:00:00,0.1796,0.1796,0.1736,0.1796,325564.0,58471.294400000006
2007-05-11 00:00:00,0.1707,0.1736,0.1677,0.1736,241231.0,41877.7016
2007-05-14 00:00:00,0.1617,0.1617,0.1587,0.1587,62506.0,9919.7022
2007-05-15 00:00:00,0.1557,0.1557,0.1497,0.1497,741084.0,110940.2748
2007-05-16 00:00:00,0.1497,0.1557,0.1497,0.1557,8113.0,1263.1941
2007-05-17 00:00:00,0.1557,0.1557,0.1557,0.1557,12866.0,2003.2362
2007-05-18 00:00:00,0.1587,0.1587,0.1557,0.1557,257241.0,40052.4237
2007-05-21 00:00:00,0.1617,0.1766,0.1617,0.1766,242371.0,42802.7186
2007-05-22 00:00:00,0.1766,0.1796,0.1707,0.1766,284653.0,50269.7198
2007-05-23 00:00:00,0.1736,0.1766,0.1677,0.1766,280375.0,49514.225
2007-05-24 00:00:00,0.1796,0.1796,0.1707,0.1766,294784.0,52058.854400000004
2007-05-25 00:00:00,0.1617,0.1826,0.1617,0.1796,357540.0,64214.184
2007-05-28 00:00:00,0.1826,0.1826,0.1677,0.1736,1687652.0,292976.3872
2007-05-29 00:00:00,0.1766,0.1796,0.1766,0.1796,38597.0,6932.0212
2007-05-30 00:00:00,0.1796,0.1796,0.1707,0.1707,63143.0,10778.5101
2007-05-31 00:00:00,0.1707,0.1796,0.1707,0.1796,59718.0,10725.3528
2007-06-01 00:00:00,0.1707,0.1736,0.1677,0.1736,201132.0,34916.5152
2007-06-04 00:00:00,0.1677,0.1677,0.1647,0.1647,150441.0,24777.632700000002
2007-06-05 00:00:00,0.1647,0.1647,0.1617,0.1647,139517.0,22978.449900000003
2007-06-06 00:00:00,0.1647,0.1647,0.1647,0.1647,289477.0,47676.8619
2007-06-07 00:00:00,0.1617,0.1617,0.1497,0.1497,95140.0,14242.458
2007-06-08 00:00:00,0.1736,0.1766,0.1736,0.1766,222635.0,39317.341
2007-06-12 00:00:00,0.1766,0.1766,0.1557,0.1557,49687.0,7736.2659
2007-06-13 00:00:00,0.1587,0.1587,0.1587,0.1587,27875.0,4423.7625
2007-06-14 00:00:00,0.1617,0.1677,0.1617,0.1617,348527.0,56356.8159
2007-06-15 00:00:00,0.1617,0.1617,0.1437,0.1497,63251.0,9468.6747
2007-06-18 00:00:00,0.1497,0.1557,0.1497,0.1557,80410.0,12519.837
2007-06-19 00:00:00,0.1557,0.1557,0.1557,0.1557,124475.0,19380.7575
2007-06-20 00:00:00,0.1557,0.1557,0.1527,0.1527,37738.0,5762.5926
2007-06-21 00:00:00,0.1557,0.1826,0.1557,0.1736,1341839.0,232943.25040000002
2007-06-22 00:00:00,0.1736,0.1736,0.1677,0.1736,461555.0,80125.948
2007-06-25 00:00:00,0.1677,0.1677,0.1677,0.1677,96492.0,16181.7084
2007-06-27 00:00:00,0.1587,0.1587,0.1587,0.1587,10828.0,1718.4036
2007-06-28 00:00:00,0.1587,0.1587,0.1497,0.1527,147206.0,22478.356200000002
2007-06-29 00:00:00,0.1497,0.1497,0.1497,0.1497,383503.0,57410.3991
2007-07-02 00:00:00,0.1497,0.1497,0.1497,0.1497,171407.0,25659.6279
2007-07-03 00:00:00,0.1617,0.1677,0.1617,0.1677,334129.0,56033.4333
2007-07-04 00:00:00,0.1677,0.1677,0.1617,0.1617,294339.0,47594.6163
2007-07-05 00:00:00,0.1617,0.1677,0.1617,0.1647,107750.0,17746.425000000003
2007-07-06 00:00:00,0.1647,0.1736,0.1647,0.1736,363616.0,63123.7376
2007-07-09 00:00:00,0.1707,0.1707,0.1677,0.1677,149965.0,25149.1305
2007-07-10 00:00:00,0.1677,0.1707,0.1677,0.1707,225149.0,38432.9343
2007-07-11 00:00:00,0.1617,0.1886,0.1617,0.1796,2508873.0,450593.5908
2007-07-12 00:00:00,0.1976,0.2156,0.1796,0.1856,1897928.0,352255.43679999997
2007-07-13 00:00:00,0.2006,0.2066,0.1916,0.1916,557018.0,106724.6488
2007-07-16 00:00:00,0.2006,0.2096,0.1886,0.1886,421524.0,79499.4264
2007-07-17 00:00:00,0.2066,0.2096,0.2006,0.2096,672726.0,141003.3696
2007-07-18 00:00:00,0.2096,0.2096,0.2096,0.2096,209067.0,43820.4432
2007-07-19 00:00:00,0.2096,0.2305,0.2096,0.2305,673517.0,155245.6685
2007-07-20 00:00:00,0.2305,0.2305,0.2215,0.2215,266325.0,58990.9875
2007-07-23 00:00:00,0.2275,0.2275,0.2126,0.2126,415721.0,88382.2846
2007-07-24 00:00:00,0.2126,0.2126,0.2006,0.2036,64328.0,13097.1808
2007-07-25 00:00:00,0.2036,0.2036,0.1916,0.1946,551816.0,107383.3936
2007-07-26 00:00:00,0.1946,0.2156,0.1916,0.2156,235602.0,50795.7912
2007-07-27 00:00:00,0.1916,0.1976,0.1856,0.1976,653934.0,129217.3584
2007-07-30 00:00:00,0.1856,0.1856,0.1826,0.1826,402930.0,73575.01800000001
2007-07-31 00:00:00,0.1916,0.1916,0.1826,0.1886,148931.0,28088.386599999998
2007-08-01 00:00:00,0.1826,0.1826,0.1736,0.1736,160821.0,27918.5256
2007-08-02 00:00:00,0.1826,0.1886,0.1796,0.1796,61861.0,11110.2356
2007-08-03 00:00:00,0.1736,0.1736,0.1647,0.1647,298943.0,49235.9121
2007-08-06 00:00:00,0.1707,0.1707,0.1557,0.1617,541966.0,87635.90220000001
2007-08-07 00:00:00,0.1707,0.1707,0.1677,0.1677,109874.0,18425.8698
2007-08-08 00:00:00,0.1886,0.1976,0.1856,0.1976,1008764.0,199331.7664
2007-08-09 00:00:00,0.1976,0.1976,0.1946,0.1976,33621.0,6643.5096
2007-08-10 00:00:00,0.1916,0.1916,0.1707,0.1736,420546.0,73006.7856
2007-08-13 00:00:00,0.1796,0.1796,0.1707,0.1707,186552.0,31844.426399999997
2007-08-14 00:00:00,0.1707,0.1736,0.1677,0.1736,160821.0,27918.5256
2007-08-15 00:00:00,0.1677,0.1677,0.1497,0.1527,166289.0,25392.3303
2007-08-16 00:00:00,0.1527,0.1527,0.1198,0.1437,215363.0,30947.663099999998
2007-08-17 00:00:00,0.1437,0.1497,0.1437,0.1497,165420.0,24763.374
2007-08-20 00:00:00,0.1497,0.1587,0.1497,0.1497,179117.0,26813.8149
2007-08-21 00:00:00,0.1557,0.1557,0.1497,0.1497,176903.0,26482.3791
2007-08-22 00:00:00,0.1527,0.1617,0.1407,0.1407,164632.0,23163.7224
2007-08-23 00:00:00,0.1437,0.1497,0.1437,0.1497,356983.0,53440.3551
2007-08-24 00:00:00,0.1527,0.1527,0.1497,0.1497,32164.0,4814.9508
2007-08-27 00:00:00,0.1557,0.1557,0.1527,0.1527,22515.0,3438.0405
2007-08-28 00:00:00,0.1557,0.1557,0.1497,0.1497,98101.0,14685.7197
2007-08-29 00:00:00,0.1497,0.1497,0.1497,0.1497,125332.0,18762.2004
2007-08-30 00:00:00,0.1497,0.1497,0.1497,0.1497,160821.0,24074.9037
2007-08-31 00:00:00,0.1497,0.1497,0.1497,0.1497,40205.0,6018.6885
2007-09-03 00:00:00,0.1557,0.1557,0.1557,0.1557,285946.0,44521.7922
2007-09-04 00:00:00,0.1557,0.1557,0.1557,0.1557,80410.0,12519.837
2007-09-05 00:00:00,0.1617,0.1677,0.1557,0.1617,482885.0,78082.50450000001
2007-09-06 00:00:00,0.1557,0.1557,0.1527,0.1527,452389.0,69079.8003
2007-09-07 00:00:00,0.1527,0.1557,0.1527,0.1527,38803.0,5925.2181
2007-09-10 00:00:00,0.1527,0.1557,0.1527,0.1557,71681.0,11160.7317
2007-09-11 00:00:00,0.1557,0.1557,0.1557,0.1557,286785.0,44652.4245
2007-09-13 00:00:00,0.1557,0.1557,0.1557,0.1557,78265.0,12185.8605
2007-09-14 00:00:00,0.1557,0.1557,0.1557,0.1557,197822.0,30800.8854
2007-09-18 00:00:00,0.1497,0.1497,0.1497,0.1497,80409.0,12037.2273
2007-09-19 00:00:00,0.1557,0.1557,0.1557,0.1557,7247.0,1128.3579
2007-09-20 00:00:00,0.1617,0.1677,0.1617,0.1677,21058.0,3531.4266
2007-09-21 00:00:00,0.1617,0.1617,0.1617,0.1617,11150.0,1802.9550000000002
2007-09-24 00:00:00,0.1617,0.1617,0.1617,0.1617,80410.0,13002.297
2007-09-25 00:00:00,0.1617,0.1617,0.1617,0.1617,164058.0,26528.178600000003
2007-09-26 00:00:00,0.1647,0.1677,0.1647,0.1677,129363.0,21694.175099999997
2007-09-27 00:00:00,0.1677,0.1677,0.1677,0.1677,64328.0,10787.8056
2007-09-28 00:00:00,0.1796,0.1796,0.1677,0.1677,439790.0,73752.783
2007-10-01 00:00:00,0.1796,0.1796,0.1796,0.1796,168058.0,30183.216800000002
2007-10-02 00:00:00,0.1766,0.1796,0.1677,0.1677,1339080.0,224563.716
2007-10-03 00:00:00,0.1677,0.1677,0.1677,0.1677,32164.0,5393.9028
2007-10-05 00:00:00,0.1617,0.1677,0.1617,0.1677,192383.0,32262.6291
2007-10-08 00:00:00,0.1677,0.1856,0.1677,0.1796,2317325.0,416191.57
2007-10-11 00:00:00,0.1736,0.1856,0.1736,0.1826,443523.0,80987.29980000001
2007-10-12 00:00:00,0.1796,0.1826,0.1677,0.1677,110966.0,18608.998199999998
2007-10-15 00:00:00,0.1796,0.1796,0.1796,0.1796,694221.0,124682.0916
2007-10-16 00:00:00,0.1736,0.1796,0.1736,0.1796,233190.0,41880.924
2007-10-17 00:00:00,0.1736,0.1736,0.1736,0.1736,274037.0,47572.8232
2007-10-18 00:00:00,0.1796,0.1826,0.1796,0.1796,321641.0,57766.723600000005
2007-10-19 00:00:00,0.1766,0.1796,0.1736,0.1796,206600.0,37105.36
2007-10-22 00:00:00,0.1736,0.1766,0.1647,0.1677,437883.0,73432.9791
2007-10-23 00:00:00,0.1647,0.1856,0.1647,0.1856,1537145.0,285294.11199999996
2007-10-24 00:00:00,0.1796,0.1796,0.1766,0.1796,1008881.0,181195.0276
2007-10-25 00:00:00,0.1796,0.1826,0.1736,0.1826,1414051.0,258205.71260000003
2007-10-26 00:00:00,0.1796,0.1856,0.1707,0.1796,747416.0,134235.9136
2007-10-29 00:00:00,0.1826,0.1856,0.1736,0.1856,366671.0,68054.1376
2007-10-30 00:00:00,0.1856,0.1856,0.1796,0.1796,99749.0,17914.920400000003
2007-10-31 00:00:00,0.1796,0.1796,0.1766,0.1796,157625.0,28309.45
2007-11-01 00:00:00,0.1826,0.1886,0.1826,0.1886,135893.0,25629.4198
2007-11-02 00:00:00,0.1826,0.1826,0.1677,0.1707,475003.0,81083.01209999999
2007-11-05 00:00:00,0.1736,0.1796,0.1736,0.1796,139806.0,25109.157600000002
2007-11-06 00:00:00,0.1796,0.1796,0.1736,0.1796,77302.0,13883.4392
2007-11-07 00:00:00,0.1856,0.1886,0.1796,0.1856,396269.0,73547.52639999999
2007-11-08 00:00:00,0.1796,0.1796,0.1707,0.1736,1016369.0,176441.65840000001
2007-11-09 00:00:00,0.1736,0.1796,0.1736,0.1796,128657.0,23106.7972
2007-11-12 00:00:00,0.1796,0.1796,0.1796,0.1796,1068.0,191.8128
2007-11-13 00:00:00,0.1736,0.1736,0.1736,0.1736,160821.0,27918.5256
2007-11-14 00:00:00,0.1736,0.1766,0.1736,0.1766,307972.0,54387.855200000005
2007-11-15 00:00:00,0.1736,0.1766,0.1736,0.1736,32164.0,5583.6704
2007-11-16 00:00:00,0.1736,0.1736,0.1736,0.1736,5574.0,967.6464
2007-11-19 00:00:00,0.1796,0.1796,0.1736,0.1796,154817.0,27805.1332
2007-11-20 00:00:00,0.1707,0.1707,0.1677,0.1677,20907.0,3506.1038999999996
2007-11-21 00:00:00,0.1617,0.1617,0.1617,0.1617,196201.0,31725.7017
2007-11-22 00:00:00,0.1587,0.1617,0.1527,0.1527,323250.0,49360.275
2007-11-23 00:00:00,0.1557,0.1557,0.1527,0.1527,307114.0,46896.3078
2007-11-26 00:00:00,0.1527,0.1527,0.1527,0.1527,181245.0,27676.1115
2007-11-27 00:00:00,0.1497,0.1497,0.1497,0.1497,96492.0,14444.8524
2007-11-28 00:00:00,0.1497,0.1497,0.1497,0.1497,42724.0,6395.7828
2007-11-29 00:00:00,0.1497,0.1497,0.1497,0.1497,102925.0,15407.8725
2007-11-30 00:00:00,0.1497,0.1497,0.1497,0.1497,9649.0,1444.4553
2007-12-03 00:00:00,0.1497,0.1497,0.1377,0.1497,351384.0,52602.1848
2007-12-04 00:00:00,0.1557,0.1557,0.1557,0.1557,97993.0,15257.510100000001
2007-12-05 00:00:00,0.1557,0.1617,0.1557,0.1617,94884.0,15342.742800000002
2007-12-06 00:00:00,0.1617,0.1617,0.1617,0.1617,2977.0,481.38090000000005
2007-12-07 00:00:00,0.1617,0.1677,0.1617,0.1677,114914.0,19271.0778
2007-12-12 00:00:00,0.1557,0.1557,0.1557,0.1557,17690.0,2754.333
2007-12-14 00:00:00,0.1587,0.1617,0.1317,0.1317,140075.0,18447.877500000002
2007-12-17 00:00:00,0.1527,0.1557,0.1527,0.1557,41813.0,6510.2841
2007-12-18 00:00:00,0.1437,0.1437,0.1317,0.1317,118017.0,15542.8389
2007-12-19 00:00:00,0.1257,0.1257,0.1198,0.1257,249755.0,31394.203500000003
2007-12-20 00:00:00,0.1257,0.1317,0.1257,0.1317,101208.0,13329.093600000002
2007-12-21 00:00:00,0.1257,0.1257,0.1257,0.1257,45213.0,5683.2741000000005
2007-12-24 00:00:00,0.1228,0.1228,0.1198,0.1228,46025.0,5651.87
2007-12-27 00:00:00,0.1317,0.1377,0.1317,0.1317,131124.0,17269.0308
2007-12-28 00:00:00,0.1377,0.1377,0.1317,0.1317,59396.0,7822.453200000001
2007-12-31 00:00:00,0.1377,0.1377,0.1377,0.1377,152098.0,20943.8946
2008-01-02 00:00:00,0.1437,0.1437,0.1437,0.1437,56287.0,8088.4419
2008-01-03 00:00:00,0.1377,0.1377,0.1377,0.1377,148217.0,20409.4809
2008-01-07 00:00:00,0.1347,0.1347,0.1317,0.1347,194485.0,26197.1295
2008-01-08 00:00:00,0.1317,0.1317,0.1228,0.1228,98101.0,12046.802800000001
2008-01-09 00:00:00,0.1228,0.1228,0.1228,0.1228,27340.0,3357.3520000000003
2008-01-10 00:00:00,0.1228,0.1228,0.1228,0.1228,35381.0,4344.7868
2008-01-11 00:00:00,0.1228,0.1228,0.1228,0.1228,27232.0,3344.0896000000002
2008-01-14 00:00:00,0.1198,0.1228,0.1198,0.1228,546790.0,67145.812
2008-01-15 00:00:00,0.1228,0.1257,0.1228,0.1228,46582.0,5720.2696000000005
2008-01-16 00:00:00,0.1228,0.1228,0.1078,0.1078,170526.0,18382.702800000003
2008-01-18 00:00:00,0.1078,0.1078,0.1078,0.1078,17607.0,1898.0346000000002
2008-01-21 00:00:00,0.1078,0.1078,0.1078,0.1078,35786.0,3857.7308000000003
2008-01-22 00:00:00,0.1078,0.1078,0.0778,0.0778,44625.0,3471.825
2008-01-23 00:00:00,0.0868,0.0868,0.0868,0.0868,16082.0,1395.9176
2008-01-24 00:00:00,0.0868,0.0868,0.0778,0.0778,12197.0,948.9265999999999
2008-01-25 00:00:00,0.0868,0.0898,0.0868,0.0898,86039.0,7726.3022
2008-01-29 00:00:00,0.0898,0.0898,0.0898,0.0898,80410.0,7220.818
2008-02-13 00:00:00,0.0808,0.0808,0.0719,0.0719,418134.0,30063.834600000002
2008-02-14 00:00:00,0.0719,0.0719,0.0719,0.0719,51675.0,3715.4325000000003
2008-02-15 00:00:00,0.0778,0.0778,0.0778,0.0778,37310.0,2902.718
2008-02-18 00:00:00,0.0719,0.0719,0.0719,0.0719,160821.0,11563.029900000001
2008-02-19 00:00:00,0.0719,0.0719,0.0719,0.0719,367932.0,26454.310800000003
2008-02-20 00:00:00,0.0719,0.0719,0.0719,0.0719,12632.0,908.2408
2008-02-21 00:00:00,0.0629,0.0629,0.0629,0.0629,80410.0,5057.789
2008-02-22 00:00:00,0.0659,0.0659,0.0659,0.0659,9366.0,617.2194
2008-02-25 00:00:00,0.0689,0.0689,0.0629,0.0629,144739.0,9104.0831
2008-02-26 00:00:00,0.0629,0.0629,0.0629,0.0629,59504.0,3742.8016
2008-02-27 00:00:00,0.0629,0.0629,0.0629,0.0629,27232.0,1712.8927999999999
2008-02-28 00:00:00,0.0629,0.0629,0.0629,0.0629,67365.0,4237.2585
2008-02-29 00:00:00,0.0629,0.0629,0.0599,0.0599,108144.0,6477.8256
2008-03-03 00:00:00,0.0599,0.0599,0.0599,0.0599,16082.0,963.3118000000001
2008-03-04 00:00:00,0.0599,0.0599,0.0599,0.0599,482462.0,28899.4738
2008-03-05 00:00:00,0.0599,0.0599,0.0479,0.0479,108964.0,5219.375599999999
2008-03-06 00:00:00,0.0599,0.0599,0.0539,0.0599,252381.0,15117.6219
2008-03-07 00:00:00,0.0539,0.0599,0.0539,0.0599,197411.0,11824.9189
2008-03-10 00:00:00,0.0599,0.0599,0.0539,0.0539,108980.0,5874.022
2008-03-11 00:00:00,0.0539,0.0539,0.0539,0.0539,95278.0,5135.484200000001
2008-03-12 00:00:00,0.0659,0.0659,0.0599,0.0599,90060.0,5394.594
2008-03-13 00:00:00,0.0569,0.0569,0.0569,0.0569,32164.0,1830.1316
2008-03-17 00:00:00,0.0599,0.0599,0.0569,0.0569,154074.0,8766.8106
2008-03-18 00:00:00,0.0569,0.0599,0.0569,0.0569,73978.0,4209.3482
2008-03-19 00:00:00,0.0569,0.0569,0.0539,0.0539,48246.0,2600.4594
2008-03-25 00:00:00,0.0599,0.0599,0.0599,0.0599,219834.0,13168.0566
2008-03-27 00:00:00,0.0599,0.0599,0.0599,0.0599,160821.0,9633.1779
2008-03-28 00:00:00,0.0599,0.0599,0.0599,0.0599,301169.0,18040.023100000002
2008-03-31 00:00:00,0.0599,0.0659,0.0599,0.0659,156430.0,10308.737
2008-04-02 00:00:00,0.0599,0.0599,0.0599,0.0599,36624.0,2193.7776
2008-04-03 00:00:00,0.0599,0.0599,0.0599,0.0599,162046.0,9706.555400000001
2008-04-07 00:00:00,0.0509,0.0509,0.0479,0.0479,361847.0,17332.4713
2008-04-08 00:00:00,0.0479,0.0479,0.0449,0.0479,643283.0,30813.255699999998
2008-04-09 00:00:00,0.0497,0.0497,0.0479,0.0485,192985.0,9359.772500000001
2008-04-10 00:00:00,0.0491,0.0539,0.0491,0.0539,72369.0,3900.6891
2008-04-11 00:00:00,0.0491,0.0491,0.0479,0.0479,627201.0,30042.9279
2008-04-14 00:00:00,0.0449,0.0449,0.0449,0.0449,321641.0,14441.680900000001
2008-04-17 00:00:00,0.0449,0.0479,0.0419,0.0479,981006.0,46990.187399999995
2008-04-18 00:00:00,0.0449,0.0449,0.0449,0.0449,47944.0,2152.6856000000002
2008-04-21 00:00:00,0.0449,0.0479,0.0449,0.0479,19372.0,927.9187999999999
2008-04-22 00:00:00,0.0479,0.0479,0.0479,0.0479,16082.0,770.3278
2008-04-23 00:00:00,0.0479,0.0479,0.0479,0.0479,5307.0,254.2053
2008-04-24 00:00:00,0.0539,0.0539,0.0539,0.0539,78802.0,4247.4278
2008-04-28 00:00:00,0.0539,0.0539,0.0509,0.0509,48246.0,2455.7214
2008-04-29 00:00:00,0.0539,0.0539,0.0539,0.0539,16082.0,866.8198000000001
2008-04-30 00:00:00,0.0539,0.0539,0.0539,0.0539,96492.0,5200.9188
2008-05-01 00:00:00,0.0539,0.0539,0.0539,0.0539,12604.0,679.3556000000001
2008-05-02 00:00:00,0.0539,0.0539,0.0479,0.0479,319583.0,15308.0257
2008-05-05 00:00:00,0.0479,0.0659,0.0479,0.0659,703446.0,46357.0914
2008-05-06 00:00:00,0.0659,0.0659,0.0659,0.0659,191891.0,12645.6169
2008-05-07 00:00:00,0.0659,0.0719,0.0659,0.0719,658485.0,47345.071500000005
2008-05-09 00:00:00,0.0778,0.0778,0.0778,0.0778,96492.0,7507.0776
2008-05-12 00:00:00,0.0719,0.0719,0.0719,0.0719,742799.0,53407.248100000004
2008-05-13 00:00:00,0.0778,0.0778,0.0719,0.0719,562872.0,40470.4968
2008-05-15 00:00:00,0.0719,0.0719,0.0719,0.0719,482462.0,34689.0178
2008-05-16 00:00:00,0.0719,0.0719,0.0719,0.0719,32164.0,2312.5916
2008-05-19 00:00:00,0.0719,0.0719,0.0719,0.0719,258428.0,18580.9732
2008-05-20 00:00:00,0.0719,0.0719,0.0719,0.0719,20627.0,1483.0813
2008-05-21 00:00:00,0.0748,0.0748,0.0719,0.0719,48246.0,3468.8874
2008-05-22 00:00:00,0.0719,0.0719,0.0719,0.0719,69902.0,5025.9538
2008-05-23 00:00:00,0.0778,0.0778,0.0748,0.0748,168862.0,12630.877600000002
2008-05-26 00:00:00,0.0748,0.0778,0.0748,0.0778,197834.0,15391.4852
2008-05-27 00:00:00,0.0778,0.0778,0.0748,0.0748,126005.0,9425.174
2008-05-28 00:00:00,0.0748,0.0748,0.0748,0.0748,48246.0,3608.8008000000004
2008-05-29 00:00:00,0.0838,0.0838,0.0778,0.0778,128657.0,10009.514599999999
2008-05-30 00:00:00,0.0838,0.0838,0.0838,0.0838,120616.0,10107.6208
2008-06-02 00:00:00,0.0778,0.0778,0.0748,0.0748,107642.0,8051.6216
2008-06-03 00:00:00,0.0748,0.0748,0.0748,0.0748,5574.0,416.9352
2008-06-11 00:00:00,0.0748,0.0748,0.0719,0.0748,352344.0,26355.3312
2008-06-12 00:00:00,0.0748,0.0748,0.0719,0.0719,426175.0,30641.982500000002
2008-06-13 00:00:00,0.0719,0.0719,0.0719,0.0719,52235.0,3755.6965000000005
2008-06-16 00:00:00,0.0629,0.0629,0.0629,0.0629,48246.0,3034.6733999999997
2008-06-19 00:00:00,0.0629,0.0629,0.0599,0.0599,91967.0,5508.8233
2008-06-20 00:00:00,0.0599,0.0599,0.0599,0.0599,321641.0,19266.2959
2008-06-23 00:00:00,0.0599,0.0599,0.0599,0.0599,68532.0,4105.0668000000005
2008-06-24 00:00:00,0.0599,0.0599,0.0539,0.0539,33772.0,1820.3108000000002
2008-06-26 00:00:00,0.0599,0.0599,0.0539,0.0539,261816.0,14111.8824
2008-06-27 00:00:00,0.0545,0.0545,0.0539,0.0539,119329.0,6431.833100000001
2008-06-30 00:00:00,0.0509,0.0539,0.0509,0.0539,174973.0,9431.0447
2008-07-01 00:00:00,0.0539,0.0539,0.0539,0.0539,2396.0,129.14440000000002
2008-07-02 00:00:00,0.0539,0.0539,0.0539,0.0539,32164.0,1733.6396000000002
2008-07-07 00:00:00,0.0539,0.0539,0.0539,0.0539,80410.0,4334.099
2008-07-08 00:00:00,0.0539,0.0539,0.0515,0.0515,639637.0,32941.305499999995
2008-07-10 00:00:00,0.0515,0.0515,0.0515,0.0515,223007.0,11484.860499999999
2008-07-11 00:00:00,0.0539,0.0539,0.0515,0.0515,65756.0,3386.4339999999997
2008-07-16 00:00:00,0.0515,0.0515,0.0515,0.0515,180637.0,9302.8055
2008-07-18 00:00:00,0.0509,0.0509,0.0509,0.0509,3512.0,178.7608
2008-07-23 00:00:00,0.0509,0.0509,0.0509,0.0509,160821.0,8185.7889000000005
2008-07-29 00:00:00,0.0533,0.0557,0.0533,0.0557,112574.0,6270.3718
2008-08-04 00:00:00,0.0533,0.0533,0.0533,0.0533,19459.0,1037.1647
2008-08-06 00:00:00,0.0533,0.0533,0.0533,0.0533,263746.0,14057.6618
2008-08-07 00:00:00,0.0533,0.0533,0.0533,0.0533,6272.0,334.2976
2008-08-13 00:00:00,0.0479,0.0479,0.0479,0.0479,27179.0,1301.8741
2008-08-18 00:00:00,0.0479,0.0479,0.0479,0.0479,129996.0,6226.8084
2008-08-29 00:00:00,0.0509,0.0509,0.0509,0.0509,40638.0,2068.4742
2008-09-03 00:00:00,0.0509,0.0509,0.0509,0.0509,8041.0,409.2869
2008-09-04 00:00:00,0.0509,0.0509,0.0509,0.0509,2229.0,113.4561
2008-09-05 00:00:00,0.0509,0.0509,0.0509,0.0509,109913.0,5594.5717
2008-09-10 00:00:00,0.0479,0.0479,0.0479,0.0479,321641.0,15406.6039
2008-09-11 00:00:00,0.0419,0.0419,0.0419,0.0419,160821.0,6738.3999
2008-09-18 00:00:00,0.0299,0.0299,0.0299,0.0299,53003.0,1584.7897
2008-09-22 00:00:00,0.0329,0.0329,0.0329,0.0329,36989.0,1216.9380999999998
2008-10-03 00:00:00,0.0335,0.0335,0.0329,0.0329,123899.0,4076.2771
2008-10-08 00:00:00,0.0269,0.0269,0.0269,0.0269,32164.0,865.2116
2008-10-10 00:00:00,0.024,0.024,0.021,0.021,57595.0,1209.4950000000001
2008-10-27 00:00:00,0.0216,0.0216,0.0216,0.0216,160821.0,3473.7336
2008-10-29 00:00:00,0.021,0.021,0.021,0.021,42918.0,901.278
2008-11-03 00:00:00,0.012,0.012,0.012,0.012,160821.0,1929.852
2008-11-04 00:00:00,0.015,0.015,0.0132,0.0132,112574.0,1485.9768
2008-11-05 00:00:00,0.015,0.015,0.0138,0.0138,160821.0,2219.3298
2008-11-06 00:00:00,0.015,0.015,0.0144,0.0144,723693.0,10421.1792
2008-11-07 00:00:00,0.0126,0.0126,0.012,0.012,95388.0,1144.656
2008-11-10 00:00:00,0.0126,0.0126,0.012,0.012,419239.0,5030.868
2008-11-11 00:00:00,0.012,0.012,0.012,0.012,31059.0,372.708
2008-11-27 00:00:00,0.012,0.012,0.012,0.012,160821.0,1929.852
2008-11-28 00:00:00,0.012,0.012,0.012,0.012,241231.0,2894.772
2008-12-03 00:00:00,0.012,0.012,0.012,0.012,160821.0,1929.852
2008-12-05 00:00:00,0.009,0.009,0.009,0.009,2453.0,22.076999999999998
2008-12-09 00:00:00,0.009,0.009,0.009,0.009,319189.0,2872.7009999999996
2008-12-10 00:00:00,0.0078,0.0078,0.0078,0.0078,643283.0,5017.6074
2008-12-11 00:00:00,0.0078,0.0078,0.0078,0.0078,32164.0,250.8792
2008-12-16 00:00:00,0.0078,0.0078,0.0078,0.0078,128657.0,1003.5246
2008-12-17 00:00:00,0.0078,0.0078,0.0078,0.0078,160821.0,1254.4038
2008-12-18 00:00:00,0.0078,0.0078,0.0078,0.0078,80410.0,627.198
2008-12-19 00:00:00,0.0072,0.0072,0.0066,0.0066,197272.0,1301.9952
2008-12-30 00:00:00,0.0072,0.0072,0.0072,0.0072,38689.0,278.5608
2009-01-02 00:00:00,0.0084,0.0084,0.0084,0.0084,80410.0,675.444
2009-01-05 00:00:00,0.009,0.009,0.009,0.009,26576.0,239.18399999999997
2009-01-12 00:00:00,0.009,0.009,0.009,0.009,1951.0,17.558999999999997
2009-01-19 00:00:00,0.009,0.009,0.0084,0.0084,241231.0,2026.3403999999998
2009-01-21 00:00:00,0.0078,0.0078,0.0078,0.0078,27340.0,213.25199999999998
2009-01-28 00:00:00,0.0084,0.0084,0.0084,0.0084,509710.0,4281.563999999999
2009-02-04 00:00:00,0.0084,0.0084,0.0078,0.0078,19699075.0,153652.785
2009-02-11 00:00:00,0.0096,0.0096,0.0096,0.0096,35381.0,339.65759999999995
2009-02-13 00:00:00,0.0138,0.0138,0.0138,0.0138,131873.0,1819.8473999999999
2009-02-27 00:00:00,0.012,0.012,0.012,0.012,24123.0,289.476
2009-03-11 00:00:00,0.0102,0.0102,0.0102,0.0102,7247.0,73.91940000000001
2009-03-13 00:00:00,0.0102,0.0102,0.0102,0.0102,8041.0,82.01820000000001
2009-03-17 00:00:00,0.0102,0.0102,0.0102,0.0102,86650.0,883.83
2009-03-25 00:00:00,0.0128,0.0128,0.0128,0.0128,38313.0,490.4064
2009-04-01 00:00:00,0.0083,0.0083,0.0083,0.0083,38313.0,317.9979
2009-04-08 00:00:00,0.0083,0.0083,0.0083,0.0083,80458.0,667.8014000000001
2009-04-21 00:00:00,0.0113,0.0113,0.0113,0.0113,1577226.0,17822.6538
2009-04-22 00:00:00,0.0113,0.0113,0.009,0.009,204337.0,1839.033
2009-04-27 00:00:00,0.0106,0.0128,0.0106,0.0121,117494.0,1421.6774
2009-04-28 00:00:00,0.0113,0.0189,0.0113,0.0189,735544.0,13901.7816
2009-04-30 00:00:00,0.0189,0.0189,0.0189,0.0189,501724.0,9482.5836
2009-05-01 00:00:00,0.0189,0.0189,0.0189,0.0189,72709.0,1374.2001
2009-05-07 00:00:00,0.0128,0.0128,0.0113,0.0113,104723.0,1183.3699
2009-05-08 00:00:00,0.0189,0.0226,0.0189,0.0226,638553.0,14431.297799999998
2009-05-11 00:00:00,0.0226,0.0302,0.0226,0.0302,396541.0,11975.5382
2009-05-12 00:00:00,0.0302,0.0302,0.0264,0.0264,67048.0,1770.0672
2009-05-13 00:00:00,0.0264,0.0264,0.0196,0.0196,106000.0,2077.6
2009-05-14 00:00:00,0.0211,0.0211,0.0204,0.0204,89397.0,1823.6988000000001
2009-05-15 00:00:00,0.0211,0.0211,0.0211,0.0211,63855.0,1347.3405
2009-05-18 00:00:00,0.0211,0.0211,0.0211,0.0211,319276.0,6736.7236
2009-05-19 00:00:00,0.0264,0.0264,0.0264,0.0264,18518.0,488.8752
2009-05-22 00:00:00,0.0211,0.0211,0.0211,0.0211,44699.0,943.1489
2009-05-25 00:00:00,0.0196,0.0196,0.0189,0.0189,363125.0,6863.0625
2009-05-27 00:00:00,0.0211,0.0211,0.0211,0.0211,89397.0,1886.2767000000001
2009-06-02 00:00:00,0.0211,0.0211,0.0211,0.0211,25542.0,538.9362
2009-06-03 00:00:00,0.0196,0.0196,0.0196,0.0196,229248.0,4493.2608
2009-06-05 00:00:00,0.0219,0.0219,0.0219,0.0219,139358.0,3051.9402
2009-06-09 00:00:00,0.0219,0.0219,0.0196,0.0196,11016.0,215.9136
2009-06-12 00:00:00,0.0196,0.0196,0.0196,0.0196,1884311.0,36932.4956
2009-06-15 00:00:00,0.0196,0.0196,0.0189,0.0189,511437.0,9666.1593
2009-06-16 00:00:00,0.0189,0.0189,0.0181,0.0189,1739522.0,32876.9658
2009-06-17 00:00:00,0.0189,0.0189,0.0189,0.0189,2966819.0,56072.8791
2009-06-22 00:00:00,0.0189,0.0189,0.0189,0.0189,1273172.0,24062.9508
2009-06-23 00:00:00,0.0189,0.0189,0.0189,0.0189,789098.0,14913.9522
2009-06-24 00:00:00,0.0189,0.0189,0.0189,0.0189,255421.0,4827.4569
2009-06-26 00:00:00,0.0189,0.0189,0.0189,0.0189,34396.0,650.0844
2009-06-29 00:00:00,0.0189,0.0196,0.0189,0.0189,544898.0,10298.5722
2009-06-30 00:00:00,0.0189,0.0189,0.0189,0.0189,85481.0,1615.5909
2009-07-01 00:00:00,0.0189,0.0189,0.0189,0.0189,127925.0,2417.7825
2009-07-03 00:00:00,0.0189,0.0189,0.0189,0.0189,4894.0,92.4966
2009-07-07 00:00:00,0.0173,0.0173,0.0173,0.0173,63855.0,1104.6915
2009-07-13 00:00:00,0.0196,0.0196,0.0196,0.0196,51084.0,1001.2464
2009-07-14 00:00:00,0.0196,0.0226,0.0196,0.0226,349492.0,7898.5192
2009-07-15 00:00:00,0.0226,0.0226,0.0189,0.0189,638553.0,12068.6517
2009-07-17 00:00:00,0.0211,0.0211,0.0196,0.0196,191566.0,3754.6936
2009-07-21 00:00:00,0.0196,0.0196,0.0196,0.0196,4148.0,81.3008
2009-07-22 00:00:00,0.0226,0.0226,0.0226,0.0226,319276.0,7215.637599999999
2009-07-23 00:00:00,0.0226,0.0226,0.0226,0.0226,1277106.0,28862.595599999997
2009-07-24 00:00:00,0.0264,0.0332,0.0264,0.0332,299481.0,9942.7692
2009-07-27 00:00:00,0.0377,0.0392,0.0369,0.0377,1245529.0,46956.4433
2009-07-28 00:00:00,0.0415,0.0415,0.0377,0.0377,278082.0,10483.6914
2009-07-31 00:00:00,0.0377,0.0377,0.0377,0.0377,214293.0,8078.8461
2009-08-03 00:00:00,0.0377,0.0377,0.0377,0.0377,66670.0,2513.459
2009-08-05 00:00:00,0.0377,0.0377,0.0377,0.0377,76626.0,2888.8001999999997
2009-08-11 00:00:00,0.0339,0.0339,0.0302,0.0302,191566.0,5785.2932
2009-08-12 00:00:00,0.0317,0.0317,0.0317,0.0317,12771.0,404.84069999999997
2009-08-13 00:00:00,0.0317,0.0347,0.0317,0.0347,92590.0,3212.873
2009-08-14 00:00:00,0.0347,0.0347,0.0332,0.0347,98976.0,3434.4672
2009-08-20 00:00:00,0.0302,0.0347,0.0302,0.0347,240096.0,8331.3312
2009-08-24 00:00:00,0.0347,0.0347,0.0347,0.0347,51084.0,1772.6148
2009-08-31 00:00:00,0.0302,0.0302,0.0302,0.0302,638553.0,19284.300600000002
2009-09-01 00:00:00,0.0302,0.0302,0.0302,0.0302,63855.0,1928.421
2009-09-04 00:00:00,0.0347,0.0377,0.0347,0.0377,387871.0,14622.7367
2009-09-07 00:00:00,0.0354,0.0377,0.0354,0.0377,24787.0,934.4698999999999
2009-09-08 00:00:00,0.0377,0.0377,0.0377,0.0377,255421.0,9629.3717
2009-09-09 00:00:00,0.0407,0.0407,0.0407,0.0407,210722.0,8576.3854
2009-09-10 00:00:00,0.0437,0.0452,0.0437,0.0452,363975.0,16451.67
2009-09-11 00:00:00,0.0467,0.0528,0.046,0.0528,2294147.0,121130.9616
2009-09-14 00:00:00,0.0528,0.0528,0.049,0.049,1254928.0,61491.472
2009-09-15 00:00:00,0.049,0.049,0.049,0.049,14894.0,729.806
2009-09-16 00:00:00,0.0528,0.0566,0.0528,0.0528,1516356.0,80063.5968
2009-09-17 00:00:00,0.0528,0.0535,0.052,0.0528,3077825.0,162509.16
2009-09-18 00:00:00,0.0505,0.0505,0.0505,0.0505,21625.0,1092.0625
2009-09-22 00:00:00,0.0505,0.0505,0.049,0.049,319276.0,15644.524000000001
2009-09-23 00:00:00,0.049,0.049,0.0467,0.0467,617829.0,28852.614299999997
2009-09-24 00:00:00,0.0467,0.049,0.0467,0.0467,166024.0,7753.3207999999995
2009-09-25 00:00:00,0.0467,0.049,0.0467,0.0467,274578.0,12822.792599999999
2009-09-28 00:00:00,0.0467,0.049,0.0452,0.049,450818.0,22090.082000000002
2009-10-02 00:00:00,0.046,0.049,0.046,0.049,166272.0,8147.328
2009-10-05 00:00:00,0.046,0.046,0.0452,0.0452,510842.0,23090.058399999998
2009-10-06 00:00:00,0.0452,0.0452,0.0452,0.0452,127711.0,5772.5372
2009-10-08 00:00:00,0.049,0.049,0.049,0.049,127711.0,6257.839
2009-10-09 00:00:00,0.052,0.0528,0.052,0.0528,249036.0,13149.1008
2009-10-12 00:00:00,0.052,0.052,0.052,0.052,94797.0,4929.4439999999995
2009-10-14 00:00:00,0.049,0.049,0.0452,0.0452,509394.0,23024.608799999998
2009-10-15 00:00:00,0.0452,0.0452,0.0452,0.0452,40526.0,1831.7751999999998
2009-10-19 00:00:00,0.049,0.049,0.049,0.049,127711.0,6257.839
2009-10-20 00:00:00,0.052,0.0528,0.049,0.0528,358576.0,18932.8128
2009-10-21 00:00:00,0.0528,0.0528,0.0528,0.0528,580194.0,30634.2432
2009-10-22 00:00:00,0.0528,0.0528,0.0528,0.0528,338433.0,17869.2624
2009-10-23 00:00:00,0.0528,0.0528,0.0528,0.0528,230768.0,12184.5504
2009-10-27 00:00:00,0.0528,0.0535,0.0528,0.0528,228990.0,12090.672
2009-10-28 00:00:00,0.046,0.0505,0.046,0.0505,65106.0,3287.853
2009-10-29 00:00:00,0.0505,0.0505,0.0467,0.0467,86929.0,4059.5843
2009-10-30 00:00:00,0.0467,0.0505,0.0467,0.0505,160659.0,8113.279500000001
2009-11-02 00:00:00,0.046,0.046,0.0452,0.0452,219666.0,9928.903199999999
2009-11-03 00:00:00,0.0452,0.0452,0.0452,0.0452,255421.0,11545.029199999999
2009-11-06 00:00:00,0.0498,0.0498,0.0452,0.0452,127711.0,5772.5372
2009-11-10 00:00:00,0.0452,0.0452,0.0452,0.0452,463423.0,20946.7196
2009-11-16 00:00:00,0.0528,0.0528,0.0528,0.0528,47253.0,2494.9584
2009-11-18 00:00:00,0.0528,0.0528,0.0528,0.0528,39521.0,2086.7088
2009-11-19 00:00:00,0.0528,0.0528,0.0528,0.0528,102168.0,5394.4704
2009-11-20 00:00:00,0.0528,0.0528,0.0528,0.0528,630379.0,33284.0112
2009-11-23 00:00:00,0.0528,0.0528,0.0528,0.0528,1770.0,93.456
2009-11-24 00:00:00,0.0528,0.0528,0.0528,0.0528,324370.0,17126.736
2009-11-25 00:00:00,0.049,0.049,0.049,0.049,2490356.0,122027.444
2009-11-30 00:00:00,0.049,0.049,0.049,0.049,1328.0,65.072
2009-12-01 00:00:00,0.0528,0.0528,0.049,0.049,312329.0,15304.121000000001
2009-12-02 00:00:00,0.0483,0.0483,0.0483,0.0483,147189.0,7109.228700000001
2009-12-03 00:00:00,0.0483,0.0528,0.0483,0.0528,830304.0,43840.0512
2009-12-07 00:00:00,0.0513,0.0513,0.049,0.049,240759.0,11797.191
2009-12-08 00:00:00,0.049,0.049,0.0467,0.0467,91289.0,4263.1963
2009-12-09 00:00:00,0.043,0.043,0.043,0.043,189323.0,8140.888999999999
2009-12-17 00:00:00,0.0437,0.0437,0.043,0.043,104411.0,4489.673
2009-12-18 00:00:00,0.0407,0.0407,0.0392,0.0392,151010.0,5919.592
2009-12-21 00:00:00,0.0392,0.0392,0.0392,0.0392,311665.0,12217.268
2009-12-23 00:00:00,0.0392,0.0392,0.0392,0.0392,2554.0,100.1168
2009-12-30 00:00:00,0.0452,0.049,0.0452,0.049,656261.0,32156.789
2009-12-31 00:00:00,0.0505,0.0505,0.049,0.049,89397.0,4380.453
2010-01-05 00:00:00,0.049,0.049,0.049,0.049,76626.0,3754.674
2010-01-06 00:00:00,0.0475,0.049,0.0475,0.049,383132.0,18773.468
2010-01-07 00:00:00,0.049,0.049,0.049,0.049,3622405.0,177497.845
2010-01-08 00:00:00,0.0498,0.0498,0.0498,0.0498,11494.0,572.4012
2010-01-12 00:00:00,0.0498,0.0498,0.0498,0.0498,42570.0,2119.986
2010-01-13 00:00:00,0.0505,0.0505,0.049,0.049,259997.0,12739.853000000001
2010-01-14 00:00:00,0.049,0.049,0.049,0.049,123135.0,6033.615
2010-01-15 00:00:00,0.049,0.049,0.049,0.049,2171080.0,106382.92
2010-01-19 00:00:00,0.049,0.049,0.049,0.049,137927.0,6758.423000000001
2010-01-20 00:00:00,0.049,0.049,0.049,0.049,1021685.0,50062.565
2010-01-21 00:00:00,0.0498,0.0498,0.0498,0.0498,12771.0,635.9957999999999
2010-01-22 00:00:00,0.0498,0.0498,0.0498,0.0498,255421.0,12719.9658
2010-01-25 00:00:00,0.052,0.052,0.0498,0.0498,127711.0,6360.007799999999
2010-01-29 00:00:00,0.049,0.049,0.0475,0.0475,68496.0,3253.56
2010-02-01 00:00:00,0.0483,0.0483,0.0475,0.0475,178304.0,8469.44
2010-02-02 00:00:00,0.0452,0.0452,0.0452,0.0452,11494.0,519.5287999999999
2010-02-03 00:00:00,0.0452,0.0452,0.0452,0.0452,51084.0,2308.9968
2010-02-08 00:00:00,0.0445,0.0445,0.0445,0.0445,160915.0,7160.7175
2010-02-12 00:00:00,0.043,0.0445,0.043,0.0445,160915.0,7160.7175
2010-02-15 00:00:00,0.0452,0.0452,0.0452,0.0452,63855.0,2886.2459999999996
2010-02-24 00:00:00,0.0422,0.0422,0.0422,0.0422,25542.0,1077.8724
2010-02-26 00:00:00,0.0377,0.0377,0.0377,0.0377,2653536.0,100038.3072
2010-03-03 00:00:00,0.0377,0.0377,0.0377,0.0377,43189.0,1628.2252999999998
2010-03-05 00:00:00,0.0377,0.0377,0.0377,0.0377,210722.0,7944.219399999999
2010-03-08 00:00:00,0.0377,0.0377,0.0377,0.0377,1046.0,39.4342
2010-03-10 00:00:00,0.0377,0.0377,0.0377,0.0377,1151.0,43.3927
2010-03-11 00:00:00,0.0377,0.0377,0.0377,0.0377,29373.0,1107.3620999999998
2010-03-16 00:00:00,0.0377,0.0392,0.0377,0.0377,509923.0,19224.0971
2010-03-17 00:00:00,0.0385,0.0385,0.0385,0.0385,51084.0,1966.734
2010-03-18 00:00:00,0.0392,0.0415,0.0392,0.0415,32880.0,1364.52
2010-03-19 00:00:00,0.0415,0.0452,0.0415,0.0415,873865.0,36265.3975
2010-03-22 00:00:00,0.0385,0.0385,0.0385,0.0385,12771.0,491.6835
2010-03-25 00:00:00,0.0385,0.0385,0.0385,0.0385,12771.0,491.6835
2010-03-29 00:00:00,0.0385,0.0385,0.0385,0.0385,4697.0,180.8345
2010-03-31 00:00:00,0.0385,0.0385,0.0385,0.0385,191566.0,7375.291
2010-04-06 00:00:00,0.0385,0.0385,0.0377,0.0377,166151.0,6263.892699999999
2010-04-07 00:00:00,0.0377,0.0377,0.0377,0.0377,12771.0,481.46669999999995
2010-04-08 00:00:00,0.0385,0.0385,0.0377,0.0377,229879.0,8666.4383
2010-04-09 00:00:00,0.04,0.04,0.04,0.04,31928.0,1277.1200000000001
2010-04-12 00:00:00,0.0415,0.0415,0.04,0.04,85234.0,3409.36
2010-04-14 00:00:00,0.0445,0.0475,0.0445,0.0475,204337.0,9706.0075
2010-04-15 00:00:00,0.0475,0.0528,0.0475,0.0513,1528047.0,78388.81109999999
2010-04-16 00:00:00,0.0603,0.0641,0.049,0.0513,3606587.0,185017.9131
2010-04-19 00:00:00,0.0543,0.0603,0.0543,0.0603,1339524.0,80773.2972
2010-04-20 00:00:00,0.0603,0.0618,0.0603,0.0603,983684.0,59316.1452
2010-04-21 00:00:00,0.0603,0.0641,0.0603,0.0641,191239.0,12258.4199
2010-04-22 00:00:00,0.0588,0.0588,0.0581,0.0581,747434.0,43425.9154
2010-04-23 00:00:00,0.0581,0.0603,0.0581,0.0581,34155.0,1984.4055
2010-04-27 00:00:00,0.0573,0.0573,0.0528,0.0543,691850.0,37567.455
2010-04-28 00:00:00,0.0528,0.0528,0.0513,0.0513,138268.0,7093.1484
2010-05-06 00:00:00,0.04,0.04,0.04,0.04,51084.0,2043.3600000000001
2010-05-07 00:00:00,0.0385,0.0385,0.0377,0.0377,224981.0,8481.7837
2010-05-11 00:00:00,0.0528,0.0528,0.0385,0.0385,368536.0,14188.636
2010-05-12 00:00:00,0.0392,0.0392,0.0392,0.0392,178795.0,7008.764
2010-05-13 00:00:00,0.0377,0.0385,0.0377,0.0377,252867.0,9533.0859
2010-05-18 00:00:00,0.0377,0.0385,0.0377,0.0385,547878.0,21093.303
2010-05-21 00:00:00,0.0415,0.0415,0.0415,0.0415,127711.0,5300.0065
2010-05-24 00:00:00,0.0415,0.0452,0.0415,0.0452,66199.0,2992.1947999999998
2010-05-26 00:00:00,0.0377,0.0377,0.0377,0.0377,136565.0,5148.500499999999
2010-05-27 00:00:00,0.0377,0.0377,0.0377,0.0377,118856.0,4480.8712
2010-05-28 00:00:00,0.0362,0.0377,0.0362,0.0377,85481.0,3222.6337
2010-06-01 00:00:00,0.0377,0.0377,0.0377,0.0377,17198.0,648.3646
2010-06-03 00:00:00,0.0377,0.0377,0.0377,0.0377,49115.0,1851.6354999999999
2010-06-04 00:00:00,0.0377,0.0377,0.0377,0.0377,19795.0,746.2715
2010-06-07 00:00:00,0.0377,0.0377,0.0377,0.0377,82373.0,3105.4620999999997
2010-06-10 00:00:00,0.0362,0.0362,0.0362,0.0362,83012.0,3005.0344000000005
2010-06-18 00:00:00,0.0377,0.0377,0.0377,0.0377,45337.0,1709.2049
2010-06-21 00:00:00,0.0377,0.0377,0.0377,0.0377,18518.0,698.1286
2010-06-22 00:00:00,0.0377,0.0377,0.0377,0.0377,127711.0,4814.704699999999
2010-06-25 00:00:00,0.0354,0.0377,0.0354,0.0377,70241.0,2648.0856999999996
2010-06-28 00:00:00,0.0354,0.0354,0.0339,0.0339,159638.0,5411.7282
2010-06-29 00:00:00,0.0339,0.0339,0.0339,0.0339,202498.0,6864.6822
2010-06-30 00:00:00,0.0339,0.0339,0.0339,0.0339,94429.0,3201.1431
2010-07-05 00:00:00,0.0339,0.0339,0.0339,0.0339,74072.0,2511.0407999999998
2010-07-12 00:00:00,0.0347,0.0369,0.0339,0.0369,166024.0,6126.2856
2010-07-13 00:00:00,0.0415,0.0415,0.0415,0.0415,127711.0,5300.0065
2010-07-15 00:00:00,0.0385,0.0385,0.0385,0.0385,38313.0,1475.0505
2010-07-19 00:00:00,0.0369,0.0377,0.0369,0.0377,153253.0,5777.638099999999
2010-07-20 00:00:00,0.0369,0.0369,0.0369,0.0369,89397.0,3298.7493000000004
2010-07-21 00:00:00,0.0415,0.0415,0.0415,0.0415,116494.0,4834.501
2010-07-26 00:00:00,0.0415,0.0415,0.0415,0.0415,51084.0,2119.9860000000003
2010-07-27 00:00:00,0.0415,0.0415,0.0415,0.0415,127711.0,5300.0065
2010-07-28 00:00:00,0.0415,0.0415,0.0415,0.0415,38313.0,1589.9895000000001
2010-07-29 00:00:00,0.0415,0.0415,0.0415,0.0415,25542.0,1059.9930000000002
2010-08-02 00:00:00,0.0415,0.0415,0.0415,0.0415,45677.0,1895.5955000000001
2010-08-03 00:00:00,0.0415,0.0415,0.0415,0.0415,412527.0,17119.8705
2010-08-04 00:00:00,0.0385,0.0385,0.0377,0.0377,285360.0,10758.072
2010-08-05 00:00:00,0.0377,0.0377,0.0302,0.0347,19027414.0,660251.2658
2010-08-06 00:00:00,0.0347,0.0377,0.0347,0.0377,53051.0,2000.0226999999998
2010-08-10 00:00:00,0.0392,0.0392,0.0392,0.0392,62288.0,2441.6895999999997
2010-08-12 00:00:00,0.0392,0.0392,0.0392,0.0392,42676.0,1672.8991999999998
2010-08-17 00:00:00,0.0377,0.0385,0.0377,0.0385,70241.0,2704.2785
2010-08-18 00:00:00,0.0385,0.0392,0.0377,0.0392,53638.0,2102.6096
2010-08-19 00:00:00,0.0392,0.0392,0.0392,0.0392,45892.0,1798.9664
2010-08-20 00:00:00,0.0392,0.0392,0.0377,0.0377,127711.0,4814.704699999999
2010-08-25 00:00:00,0.0452,0.0452,0.0452,0.0452,293734.0,13276.7768
2010-08-26 00:00:00,0.0467,0.0467,0.0467,0.0467,166332.0,7767.7044
2010-08-27 00:00:00,0.0475,0.049,0.0467,0.049,360463.0,17662.687
2010-08-31 00:00:00,0.0475,0.0528,0.0475,0.049,588757.0,28849.093
2010-09-01 00:00:00,0.0528,0.0528,0.0528,0.0528,127711.0,6743.1408
2010-09-02 00:00:00,0.0498,0.0498,0.0452,0.0452,6288265.0,284229.578
2010-09-03 00:00:00,0.0513,0.0566,0.0513,0.0528,768562.0,40580.0736
2010-09-06 00:00:00,0.0603,0.0664,0.0603,0.0603,828688.0,49969.8864
2010-09-07 00:00:00,0.0603,0.0603,0.0528,0.0528,153253.0,8091.7584
2010-09-08 00:00:00,0.0566,0.0603,0.0566,0.0603,191566.0,11551.4298
2010-09-09 00:00:00,0.055,0.055,0.055,0.055,25542.0,1404.81
2010-09-10 00:00:00,0.055,0.055,0.0528,0.0528,192871.0,10183.5888
2010-09-13 00:00:00,0.055,0.0603,0.055,0.0603,93121.0,5615.1963
2010-09-14 00:00:00,0.0588,0.0611,0.0588,0.0596,345037.0,20564.2052
2010-09-15 00:00:00,0.0596,0.0596,0.0596,0.0596,275344.0,16410.5024
2010-09-16 00:00:00,0.0603,0.0611,0.0603,0.0611,191566.0,11704.6826
2010-09-17 00:00:00,0.0618,0.0626,0.0618,0.0618,204337.0,12628.026600000001
2010-09-20 00:00:00,0.0641,0.0709,0.0641,0.0709,556180.0,39433.162000000004
2010-09-21 00:00:00,0.0694,0.0694,0.0694,0.0694,125156.0,8685.8264
2010-09-22 00:00:00,0.0694,0.0694,0.0679,0.0679,200506.0,13614.3574
2010-09-23 00:00:00,0.0701,0.0754,0.0701,0.0739,868760.0,64201.363999999994
2010-09-24 00:00:00,0.0754,0.0829,0.0754,0.0829,524891.0,43513.4639
2010-09-27 00:00:00,0.0792,0.0829,0.0792,0.0829,735905.0,61006.5245
2010-09-28 00:00:00,0.0867,0.0943,0.0754,0.0754,464496.0,35022.9984
2010-09-29 00:00:00,0.0829,0.0829,0.0829,0.0829,49807.0,4129.0003
2010-09-30 00:00:00,0.0754,0.0754,0.0754,0.0754,17334.0,1306.9835999999998
2010-10-01 00:00:00,0.0754,0.0792,0.0754,0.0792,675419.0,53493.1848
2010-10-04 00:00:00,0.0754,0.0754,0.0754,0.0754,89397.0,6740.533799999999
2010-10-05 00:00:00,0.0754,0.0754,0.0754,0.0754,25542.0,1925.8667999999998
2010-10-06 00:00:00,0.0754,0.0754,0.0731,0.0754,316381.0,23855.127399999998
2010-10-07 00:00:00,0.0754,0.0754,0.0754,0.0754,383387.0,28907.3798
2010-10-08 00:00:00,0.0754,0.0792,0.0754,0.0792,198424.0,15715.180800000002
2010-10-11 00:00:00,0.0731,0.0731,0.0731,0.0731,31928.0,2333.9368
2010-10-12 00:00:00,0.0731,0.0754,0.0716,0.0731,251679.0,18397.7349
2010-10-13 00:00:00,0.0724,0.0754,0.0724,0.0754,280963.0,21184.6102
2010-10-14 00:00:00,0.0724,0.0724,0.0716,0.0716,197017.0,14106.4172
2010-10-15 00:00:00,0.0716,0.0716,0.0716,0.0716,63855.0,4572.018
2010-10-18 00:00:00,0.0701,0.0701,0.0664,0.0664,344819.0,22895.9816
2010-10-19 00:00:00,0.0656,0.0656,0.0656,0.0656,31928.0,2094.4768000000004
2010-10-20 00:00:00,0.0656,0.0656,0.0656,0.0656,14048.0,921.5488
2010-10-22 00:00:00,0.0641,0.0716,0.0641,0.0716,405862.0,29059.7192
2010-10-25 00:00:00,0.0716,0.0829,0.0716,0.0792,1941986.0,153805.2912
2010-10-26 00:00:00,0.0792,0.0792,0.0792,0.0792,134735.0,10671.012
2010-10-27 00:00:00,0.0829,0.0829,0.0792,0.0792,237714.0,18826.948800000002
2010-10-28 00:00:00,0.0792,0.0792,0.0792,0.0792,76625.0,6068.700000000001
2010-10-29 00:00:00,0.0792,0.0792,0.0792,0.0792,127711.0,10114.711200000002
2010-11-01 00:00:00,0.0792,0.0792,0.0716,0.0716,562712.0,40290.1792
2010-11-02 00:00:00,0.0754,0.0754,0.0754,0.0754,63855.0,4814.6669999999995
2010-11-03 00:00:00,0.0754,0.0754,0.0754,0.0754,65470.0,4936.438
2010-11-04 00:00:00,0.0754,0.0754,0.0679,0.0679,12291.0,834.5589
2010-11-05 00:00:00,0.0679,0.0679,0.0679,0.0679,19157.0,1300.7603000000001
2010-11-10 00:00:00,0.0754,0.0754,0.0754,0.0754,255421.0,19258.7434
2010-11-12 00:00:00,0.0746,0.0792,0.0716,0.0792,1851804.0,146662.8768
2010-11-15 00:00:00,0.0754,0.0754,0.0754,0.0754,172409.0,12999.638599999998
2010-11-16 00:00:00,0.0754,0.0754,0.0754,0.0754,1168552.0,88108.82079999999
2010-11-18 00:00:00,0.0648,0.0648,0.0648,0.0648,22136.0,1434.4127999999998
2010-11-19 00:00:00,0.0648,0.0754,0.0648,0.0754,86809.0,6545.3985999999995
2010-11-22 00:00:00,0.0754,0.0754,0.0754,0.0754,1277106.0,96293.79239999999
2010-11-23 00:00:00,0.0746,0.0754,0.0746,0.0754,549245.0,41413.073
2010-11-24 00:00:00,0.0754,0.0754,0.0754,0.0754,183221.0,13814.863399999998
2010-11-25 00:00:00,0.0754,0.0792,0.0754,0.0792,235741.0,18670.6872
2010-11-29 00:00:00,0.0829,0.0829,0.0829,0.0829,63855.0,5293.5795
2010-11-30 00:00:00,0.0829,0.0829,0.0829,0.0829,127711.0,10587.2419
2010-12-01 00:00:00,0.0829,0.0829,0.0829,0.0829,63855.0,5293.5795
2010-12-02 00:00:00,0.0792,0.0829,0.0641,0.0792,618758.0,49005.6336
2010-12-03 00:00:00,0.0829,0.0829,0.0792,0.0792,991107.0,78495.6744
2010-12-06 00:00:00,0.0829,0.0905,0.0829,0.0867,362698.0,31445.9166
2010-12-07 00:00:00,0.0905,0.0905,0.0829,0.0867,471046.0,40839.6882
2010-12-08 00:00:00,0.0905,0.0905,0.0905,0.0905,1.0,0.0905
2010-12-09 00:00:00,0.0867,0.0867,0.0867,0.0867,646216.0,56026.9272
2010-12-10 00:00:00,0.0867,0.0867,0.0829,0.0867,347967.0,30168.7389
2010-12-13 00:00:00,0.0867,0.0867,0.0867,0.0867,127711.0,11072.5437
2010-12-14 00:00:00,0.0867,0.0867,0.0867,0.0867,383132.0,33217.5444
2010-12-15 00:00:00,0.0829,0.0829,0.0829,0.0829,117583.0,9747.6307
2010-12-16 00:00:00,0.0754,0.0754,0.0754,0.0754,31928.0,2407.3712
2010-12-17 00:00:00,0.0754,0.0754,0.0754,0.0754,7663.0,577.7901999999999
2010-12-20 00:00:00,0.0829,0.0829,0.0829,0.0829,3742.0,310.2118
2010-12-21 00:00:00,0.0867,0.0867,0.0867,0.0867,319276.0,27681.2292
2010-12-22 00:00:00,0.0829,0.0867,0.0829,0.0829,126984.0,10526.9736
2010-12-23 00:00:00,0.0829,0.0829,0.0829,0.0829,93498.0,7750.9842
2010-12-29 00:00:00,0.0792,0.0792,0.0792,0.0792,26819.0,2124.0648
2010-12-30 00:00:00,0.0792,0.0792,0.0792,0.0792,49807.0,3944.7144000000003
2010-12-31 00:00:00,0.0754,0.0754,0.0754,0.0754,153253.0,11555.276199999998
2011-01-04 00:00:00,0.0754,0.0792,0.0754,0.0792,26819.0,2124.0648
2011-01-05 00:00:00,0.0829,0.0829,0.0829,0.0829,113662.0,9422.5798
2011-01-06 00:00:00,0.0829,0.0829,0.0792,0.0792,176836.0,14005.4112
2011-01-07 00:00:00,0.0792,0.0792,0.0792,0.0792,181579.0,14381.0568
2011-01-11 00:00:00,0.0754,0.0754,0.0754,0.0754,255421.0,19258.7434
2011-01-12 00:00:00,0.0679,0.0754,0.0679,0.0754,421445.0,31776.952999999998
2011-01-19 00:00:00,0.0754,0.0754,0.0716,0.0754,42144.0,3177.6576
2011-01-20 00:00:00,0.0679,0.0679,0.0679,0.0679,561927.0,38154.8433
2011-01-24 00:00:00,0.0641,0.0641,0.0641,0.0641,10946.0,701.6386
2011-01-25 00:00:00,0.0641,0.0829,0.0618,0.0792,1599843.0,126707.56560000002
2011-01-27 00:00:00,0.0754,0.0792,0.0754,0.0792,270746.0,21443.0832
2011-01-28 00:00:00,0.0792,0.0792,0.0754,0.0754,63089.0,4756.910599999999
2011-02-01 00:00:00,0.0716,0.0716,0.0716,0.0716,25542.0,1828.8072
2011-02-02 00:00:00,0.0716,0.0716,0.0679,0.0679,38798.0,2634.3842
2011-02-04 00:00:00,0.0641,0.0641,0.0603,0.0603,204490.0,12330.747
2011-02-07 00:00:00,0.0618,0.0618,0.0618,0.0618,13282.0,820.8276
2011-02-09 00:00:00,0.0641,0.0641,0.0618,0.0618,198259.0,12252.4062
2011-02-11 00:00:00,0.0626,0.0626,0.0626,0.0626,127711.0,7994.7086
2011-02-14 00:00:00,0.0626,0.0626,0.0618,0.0626,255421.0,15989.3546
2011-02-17 00:00:00,0.0633,0.0633,0.0633,0.0633,64314.0,4071.0761999999995
2011-02-18 00:00:00,0.0633,0.0633,0.0633,0.0633,25542.0,1616.8085999999998
2011-02-22 00:00:00,0.0611,0.0611,0.0588,0.0588,244909.0,14400.6492
2011-02-28 00:00:00,0.0483,0.0483,0.0475,0.0475,170961.0,8120.6475
2011-03-04 00:00:00,0.049,0.0528,0.049,0.0528,42740.0,2256.672
2011-03-07 00:00:00,0.0535,0.0535,0.0528,0.0528,175782.0,9281.2896
2011-03-08 00:00:00,0.0528,0.0566,0.0528,0.0566,255421.0,14456.828599999999
2011-03-09 00:00:00,0.0566,0.0566,0.0566,0.0566,127711.0,7228.442599999999
2011-03-10 00:00:00,0.0566,0.0566,0.0566,0.0566,10512.0,594.9792
2011-03-11 00:00:00,0.0566,0.0566,0.0566,0.0566,37036.0,2096.2376
2011-03-15 00:00:00,0.0566,0.0566,0.0528,0.0528,228417.0,12060.4176
2011-03-16 00:00:00,0.0483,0.049,0.0483,0.049,243290.0,11921.210000000001
2011-03-17 00:00:00,0.049,0.049,0.049,0.049,10217.0,500.63300000000004
2011-03-18 00:00:00,0.049,0.049,0.049,0.049,74923.0,3671.2270000000003
2011-03-23 00:00:00,0.049,0.049,0.049,0.049,14048.0,688.352
2011-03-25 00:00:00,0.049,0.049,0.049,0.049,127711.0,6257.839
2011-03-28 00:00:00,0.049,0.049,0.049,0.049,87478.0,4286.4220000000005
2011-03-30 00:00:00,0.049,0.0505,0.049,0.049,136563.0,6691.587
2011-03-31 00:00:00,0.0498,0.0498,0.0498,0.0498,127711.0,6360.007799999999
2011-04-04 00:00:00,0.0528,0.0528,0.0528,0.0528,37461.0,1977.9408
2011-04-06 00:00:00,0.055,0.0573,0.055,0.0573,11239.0,643.9947
2011-04-07 00:00:00,0.0596,0.0603,0.0596,0.0603,169855.0,10242.2565
2011-04-08 00:00:00,0.0603,0.0603,0.0603,0.0603,255421.0,15401.8863
2011-04-11 00:00:00,0.0611,0.0716,0.0611,0.0716,293734.0,21031.3544
2011-04-12 00:00:00,0.0716,0.0716,0.0716,0.0716,195870.0,14024.292
2011-04-13 00:00:00,0.0716,0.0716,0.0716,0.0716,14048.0,1005.8367999999999
2011-04-14 00:00:00,0.0716,0.0716,0.0679,0.0679,44699.0,3035.0621
2011-04-18 00:00:00,0.0679,0.0679,0.0679,0.0679,63855.0,4335.7545
2011-04-19 00:00:00,0.0656,0.0656,0.0656,0.0656,296619.0,19458.206400000003
2011-04-20 00:00:00,0.0656,0.0656,0.0656,0.0656,72795.0,4775.352000000001
2011-04-21 00:00:00,0.0656,0.0671,0.0656,0.0671,408674.0,27422.025400000002
2011-04-27 00:00:00,0.0671,0.0679,0.0671,0.0679,255421.0,17343.085900000002
2011-04-28 00:00:00,0.0664,0.0664,0.0626,0.0641,74652.0,4785.193200000001
2011-04-29 00:00:00,0.0641,0.0641,0.0641,0.0641,60964.0,3907.7924000000003
2011-05-02 00:00:00,0.0603,0.0603,0.0603,0.0603,255421.0,15401.8863
2011-05-03 00:00:00,0.0596,0.0596,0.0596,0.0596,13660.0,814.136
2011-05-05 00:00:00,0.0596,0.0603,0.0596,0.0603,63855.0,3850.4565
2011-05-09 00:00:00,0.0603,0.0603,0.0603,0.0603,139811.0,8430.6033
2011-05-10 00:00:00,0.0603,0.0603,0.0603,0.0603,46359.0,2795.4477
2011-05-12 00:00:00,0.0603,0.0641,0.0603,0.0641,43579.0,2793.4139
2011-05-13 00:00:00,0.0603,0.0603,0.0603,0.0603,6322.0,381.21659999999997
2011-05-16 00:00:00,0.0603,0.0603,0.0603,0.0603,8046.0,485.17379999999997
2011-05-17 00:00:00,0.0581,0.0581,0.0528,0.0528,206720.0,10914.816
2011-05-18 00:00:00,0.0528,0.0528,0.0528,0.0528,1109.0,58.5552
2011-05-20 00:00:00,0.0528,0.0528,0.046,0.0528,69388.0,3663.6864
2011-05-23 00:00:00,0.0498,0.0498,0.0498,0.0498,45553.0,2268.5393999999997
2011-05-24 00:00:00,0.046,0.0498,0.0452,0.0498,209613.0,10438.7274
2011-05-25 00:00:00,0.0528,0.0528,0.0528,0.0528,38313.0,2022.9264
2011-05-27 00:00:00,0.0498,0.0498,0.0498,0.0498,9960.0,496.008
2011-05-31 00:00:00,0.0505,0.0505,0.0505,0.0505,702408.0,35471.604
2011-06-01 00:00:00,0.0498,0.0498,0.049,0.049,104130.0,5102.37
2011-06-03 00:00:00,0.0467,0.0467,0.0467,0.0467,7982.0,372.75939999999997
2011-06-06 00:00:00,0.0467,0.0467,0.046,0.046,247439.0,11382.194
2011-06-09 00:00:00,0.0452,0.0452,0.0422,0.0452,174964.0,7908.372799999999
2011-06-10 00:00:00,0.0437,0.0437,0.0415,0.0415,355035.0,14733.952500000001
2011-06-14 00:00:00,0.0415,0.0415,0.0385,0.0385,1034456.0,39826.556
2011-06-16 00:00:00,0.0415,0.0415,0.0385,0.0385,133251.0,5130.1635
2011-06-17 00:00:00,0.0415,0.0415,0.0415,0.0415,11622.0,482.31300000000005
2011-06-20 00:00:00,0.0385,0.0385,0.0377,0.0377,255421.0,9629.3717
2011-06-21 00:00:00,0.0377,0.0377,0.0377,0.0377,147713.0,5568.7801
2011-06-22 00:00:00,0.0369,0.0377,0.0369,0.0377,172409.0,6499.819299999999
2011-06-23 00:00:00,0.0377,0.0377,0.0377,0.0377,412936.0,15567.687199999998
2011-06-24 00:00:00,0.0354,0.0354,0.0347,0.0354,103829.0,3675.5466
2011-06-27 00:00:00,0.0339,0.0339,0.0339,0.0339,19157.0,649.4223
2011-06-28 00:00:00,0.0339,0.0339,0.0339,0.0339,51084.0,1731.7476
2011-06-29 00:00:00,0.0339,0.0339,0.0339,0.0339,57470.0,1948.233
2011-06-30 00:00:00,0.0339,0.0339,0.0317,0.0324,166918.0,5408.1431999999995
2011-07-08 00:00:00,0.0332,0.0332,0.0332,0.0332,893974.0,29679.9368
2011-07-11 00:00:00,0.0332,0.0332,0.0324,0.0332,80884.0,2685.3488
2011-07-12 00:00:00,0.0362,0.0362,0.0362,0.0362,51084.0,1849.2408000000003
2011-07-13 00:00:00,0.0377,0.0377,0.0377,0.0377,4725.0,178.1325
2011-07-14 00:00:00,0.0392,0.0392,0.0392,0.0392,171132.0,6708.3744
2011-07-15 00:00:00,0.0392,0.046,0.0392,0.046,18559.0,853.7139999999999
2011-07-18 00:00:00,0.0445,0.0452,0.0445,0.0452,76734.0,3468.3768
2011-07-19 00:00:00,0.0422,0.0422,0.0422,0.0422,39202.0,1654.3244
2011-07-20 00:00:00,0.0422,0.0422,0.0422,0.0422,6202.0,261.7244
2011-07-25 00:00:00,0.0385,0.04,0.0385,0.04,159638.0,6385.52
2011-07-26 00:00:00,0.0377,0.0377,0.0369,0.0369,127711.0,4712.5359
2011-07-27 00:00:00,0.0369,0.04,0.0362,0.0362,1381742.0,50019.0604
2011-07-28 00:00:00,0.0362,0.0362,0.0362,0.0362,28822.0,1043.3564000000001
2011-07-29 00:00:00,0.0369,0.0369,0.0369,0.0369,14048.0,518.3712
2011-08-01 00:00:00,0.0369,0.0369,0.0369,0.0369,140482.0,5183.785800000001
2011-08-04 00:00:00,0.0362,0.0369,0.0362,0.0369,44699.0,1649.3931
2011-08-05 00:00:00,0.0339,0.0339,0.0339,0.0339,12771.0,432.9369
2011-08-08 00:00:00,0.0271,0.0309,0.0264,0.0264,1242109.0,32791.6776
2011-08-09 00:00:00,0.0264,0.0264,0.0264,0.0264,317579.0,8384.0856
2011-08-10 00:00:00,0.0264,0.0264,0.0264,0.0264,1748358.0,46156.6512
2011-08-11 00:00:00,0.0264,0.0264,0.0264,0.0264,676866.0,17869.2624
2011-08-12 00:00:00,0.0264,0.0264,0.0234,0.0264,1752952.0,46277.9328
2011-08-15 00:00:00,0.0317,0.0317,0.0317,0.0317,342.0,10.8414
2011-08-16 00:00:00,0.0264,0.0264,0.0264,0.0264,464093.0,12252.0552
2011-08-17 00:00:00,0.0264,0.0264,0.0264,0.0264,38313.0,1011.4632
2011-08-19 00:00:00,0.0264,0.0339,0.0264,0.0339,657997.0,22306.0983
2011-08-22 00:00:00,0.0339,0.0385,0.0339,0.0385,260739.0,10038.4515
2011-08-23 00:00:00,0.0385,0.0415,0.0385,0.0415,223494.0,9275.001
2011-08-24 00:00:00,0.0422,0.0422,0.0422,0.0422,70241.0,2964.1702
2011-08-25 00:00:00,0.046,0.0467,0.0385,0.0385,383132.0,14750.582
2011-08-26 00:00:00,0.0392,0.0392,0.0385,0.0385,88972.0,3425.422
2011-08-29 00:00:00,0.0415,0.0415,0.04,0.04,700404.0,28016.16
2011-08-30 00:00:00,0.0415,0.0415,0.0415,0.0415,38313.0,1589.9895000000001
2011-08-31 00:00:00,0.0415,0.0437,0.0415,0.0437,261807.0,11440.965900000001
2011-09-01 00:00:00,0.0415,0.0415,0.0415,0.0415,127711.0,5300.0065
2011-09-02 00:00:00,0.0407,0.0407,0.0407,0.0407,51084.0,2079.1188
2011-09-05 00:00:00,0.0385,0.0385,0.0385,0.0385,56193.0,2163.4305
2011-09-06 00:00:00,0.0377,0.0377,0.0377,0.0377,38313.0,1444.4000999999998
2011-09-08 00:00:00,0.0415,0.0415,0.0415,0.0415,140482.0,5830.003000000001
2011-09-09 00:00:00,0.0377,0.0437,0.0377,0.0437,92462.0,4040.5894000000003
2011-09-13 00:00:00,0.0415,0.0415,0.0415,0.0415,255421.0,10599.9715
2011-09-15 00:00:00,0.0377,0.0377,0.0377,0.0377,19157.0,722.2189
2011-09-16 00:00:00,0.0377,0.0377,0.0377,0.0377,31928.0,1203.6856
2011-09-19 00:00:00,0.0377,0.0377,0.0377,0.0377,63855.0,2407.3334999999997
2011-09-21 00:00:00,0.0377,0.0377,0.0377,0.0377,10580.0,398.866
2011-09-27 00:00:00,0.0339,0.0377,0.0339,0.0377,127711.0,4814.704699999999
2011-09-29 00:00:00,0.0317,0.0317,0.0317,0.0317,51084.0,1619.3627999999999
2011-09-30 00:00:00,0.0317,0.0317,0.0317,0.0317,255421.0,8096.8457
2011-10-04 00:00:00,0.0317,0.0317,0.0317,0.0317,12771.0,404.84069999999997
2011-10-07 00:00:00,0.0317,0.0377,0.0317,0.0377,197951.0,7462.752699999999
2011-10-11 00:00:00,0.049,0.049,0.049,0.049,370361.0,18147.689000000002
2011-10-12 00:00:00,0.049,0.049,0.049,0.049,353505.0,17321.745
2011-10-13 00:00:00,0.049,0.049,0.049,0.049,7030.0,344.47
2011-10-17 00:00:00,0.049,0.049,0.0452,0.0452,144741.0,6542.293199999999
2011-10-18 00:00:00,0.0452,0.0452,0.0452,0.0452,61940.0,2799.6879999999996
2011-10-21 00:00:00,0.0419,0.0419,0.0419,0.0419,172409.0,7223.9371
2011-10-25 00:00:00,0.0436,0.0436,0.0419,0.0419,287349.0,12039.9231
2011-10-27 00:00:00,0.0436,0.0436,0.0419,0.0419,57470.0,2407.993
2011-10-28 00:00:00,0.0419,0.0419,0.0419,0.0419,5458.0,228.6902
2011-11-09 00:00:00,0.0419,0.0419,0.0419,0.0419,32892.0,1378.1748
2011-11-14 00:00:00,0.0419,0.0419,0.0419,0.0419,114940.0,4815.986
2011-11-15 00:00:00,0.0419,0.0419,0.0419,0.0419,85514.0,3583.0366
2011-11-16 00:00:00,0.0419,0.0419,0.0419,0.0419,114940.0,4815.986
2011-11-22 00:00:00,0.0335,0.0335,0.0335,0.0335,114940.0,3850.4900000000002
2011-11-23 00:00:00,0.0335,0.0377,0.0318,0.0377,287349.0,10833.057299999999
2011-11-28 00:00:00,0.0335,0.0335,0.031,0.031,258614.0,8017.034
2011-11-30 00:00:00,0.031,0.031,0.0293,0.0293,703947.0,20625.6471
2011-12-01 00:00:00,0.0318,0.0318,0.0318,0.0318,180778.0,5748.740400000001
2011-12-02 00:00:00,0.0335,0.0335,0.0335,0.0335,91952.0,3080.3920000000003
2011-12-08 00:00:00,0.0318,0.0318,0.031,0.031,25577.0,792.887
2011-12-09 00:00:00,0.0293,0.0293,0.0293,0.0293,114940.0,3367.7419999999997
2011-12-13 00:00:00,0.0293,0.0293,0.0293,0.0293,57470.0,1683.8709999999999
2011-12-14 00:00:00,0.0293,0.0293,0.0293,0.0293,8678.0,254.2654
2011-12-19 00:00:00,0.026,0.026,0.0251,0.0251,106319.0,2668.6069
2011-12-20 00:00:00,0.0235,0.0235,0.0235,0.0235,114940.0,2701.09
2011-12-21 00:00:00,0.0251,0.0251,0.0235,0.0235,123560.0,2903.66
2011-12-22 00:00:00,0.0235,0.0235,0.0235,0.0235,114940.0,2701.09
2011-12-28 00:00:00,0.0251,0.0251,0.0235,0.0235,83274.0,1956.939
2011-12-29 00:00:00,0.0235,0.0243,0.0235,0.0235,330451.0,7765.5985
2012-01-05 00:00:00,0.0268,0.0268,0.0268,0.0268,1149395.0,30803.786
2012-01-06 00:00:00,0.0293,0.031,0.0293,0.031,402288.0,12470.928
2012-01-09 00:00:00,0.0302,0.0302,0.0302,0.0302,45976.0,1388.4752
2012-01-11 00:00:00,0.0302,0.0302,0.0302,0.0302,34482.0,1041.3564000000001
2012-01-16 00:00:00,0.0302,0.0302,0.0293,0.0293,334819.0,9810.1967
2012-01-18 00:00:00,0.0293,0.0293,0.0293,0.0293,321630.0,9423.759
2012-01-24 00:00:00,0.0293,0.0293,0.0285,0.0285,556984.0,15874.044
2012-01-25 00:00:00,0.031,0.0335,0.031,0.0335,103446.0,3465.4410000000003
2012-01-30 00:00:00,0.0335,0.0335,0.0335,0.0335,287349.0,9626.1915
2012-02-01 00:00:00,0.0276,0.0276,0.0276,0.0276,9962.0,274.9512
2012-02-07 00:00:00,0.0285,0.0285,0.0285,0.0285,7172.0,204.40200000000002
2012-02-14 00:00:00,0.0293,0.0293,0.0293,0.0293,5977.0,175.1261
2012-02-17 00:00:00,0.0293,0.0293,0.0293,0.0293,24183.0,708.5619
2012-02-21 00:00:00,0.0293,0.0293,0.0293,0.0293,229879.0,6735.4547
2012-02-22 00:00:00,0.0293,0.0293,0.0293,0.0293,114940.0,3367.7419999999997
2012-02-23 00:00:00,0.031,0.031,0.026,0.0293,591939.0,17343.8127
2012-02-28 00:00:00,0.0293,0.0293,0.0293,0.0293,398.0,11.6614
2012-02-29 00:00:00,0.031,0.0318,0.0293,0.0318,10509689.0,334208.1102
2012-03-06 00:00:00,0.0318,0.0318,0.0318,0.0318,73561.0,2339.2398000000003
2012-03-07 00:00:00,0.0302,0.0302,0.0293,0.0293,488965.0,14326.6745
2012-03-13 00:00:00,0.0318,0.036,0.0318,0.036,2497256.0,89901.216
2012-03-14 00:00:00,0.036,0.036,0.036,0.036,86205.0,3103.3799999999997
2012-03-15 00:00:00,0.0352,0.0352,0.0352,0.0352,344819.0,12137.6288
2012-03-19 00:00:00,0.0369,0.0419,0.0369,0.0419,880237.0,36881.9303
2012-03-20 00:00:00,0.0461,0.0461,0.0427,0.0461,816071.0,37620.873100000004
2012-03-27 00:00:00,0.0419,0.0419,0.0419,0.0419,229879.0,9631.9301
2012-03-28 00:00:00,0.0461,0.0478,0.0461,0.0461,1534443.0,70737.8223
2012-03-29 00:00:00,0.0503,0.0578,0.0503,0.0578,1526397.0,88225.7466
2012-03-30 00:00:00,0.0612,0.0653,0.0586,0.0586,1554940.0,91119.484
2012-04-02 00:00:00,0.0586,0.0586,0.0553,0.0553,704005.0,38931.476500000004
2012-04-03 00:00:00,0.0561,0.0561,0.0553,0.0553,640788.0,35435.5764
2012-04-04 00:00:00,0.0536,0.0536,0.0519,0.0528,199720.0,10545.216
2012-04-05 00:00:00,0.0528,0.0528,0.0503,0.0503,171535.0,8628.2105
2012-04-10 00:00:00,0.0503,0.0503,0.0503,0.0503,57470.0,2890.741
2012-04-11 00:00:00,0.0494,0.0494,0.0494,0.0494,154019.0,7608.5386
2012-04-12 00:00:00,0.0486,0.0486,0.0486,0.0486,219260.0,10656.036
2012-04-13 00:00:00,0.0503,0.0519,0.0503,0.0503,537342.0,27028.3026
2012-04-16 00:00:00,0.0494,0.0494,0.0494,0.0494,17241.0,851.7053999999999
2012-04-17 00:00:00,0.0494,0.0494,0.0469,0.0469,158042.0,7412.1698
2012-04-19 00:00:00,0.0494,0.0494,0.0494,0.0494,154364.0,7625.5815999999995
2012-04-20 00:00:00,0.0503,0.0503,0.0478,0.0478,158115.0,7557.897
2012-04-23 00:00:00,0.0478,0.0494,0.0469,0.0494,102284.0,5052.8296
2012-04-26 00:00:00,0.0478,0.0478,0.0461,0.0461,358817.0,16541.4637
2012-04-27 00:00:00,0.0461,0.0503,0.0461,0.0503,718343.0,36132.6529
2012-04-30 00:00:00,0.0494,0.0494,0.0494,0.0494,21839.0,1078.8466
2012-05-02 00:00:00,0.0444,0.0444,0.0444,0.0444,122985.0,5460.534000000001
2012-05-07 00:00:00,0.0461,0.0478,0.0461,0.0469,105132.0,4930.690799999999
2012-05-08 00:00:00,0.0469,0.0469,0.0469,0.0469,29621.0,1389.2249
2012-05-09 00:00:00,0.0469,0.0478,0.0469,0.0478,115267.0,5509.7626
2012-05-10 00:00:00,0.0461,0.0461,0.0461,0.0461,228097.0,10515.271700000001
2012-05-11 00:00:00,0.0461,0.0461,0.0452,0.0461,250734.0,11558.8374
2012-05-14 00:00:00,0.0452,0.0452,0.0444,0.0444,616375.0,27367.050000000003
2012-05-15 00:00:00,0.0436,0.0436,0.0419,0.0419,328727.0,13773.6613
2012-05-16 00:00:00,0.0369,0.0377,0.0327,0.0327,266028.0,8699.1156
2012-05-17 00:00:00,0.0335,0.0335,0.0335,0.0335,3707.0,124.18450000000001
2012-05-18 00:00:00,0.0419,0.0444,0.0419,0.0419,63887.0,2676.8653
2012-05-22 00:00:00,0.0335,0.0335,0.0335,0.0335,19540.0,654.59
2012-05-24 00:00:00,0.0352,0.0352,0.0352,0.0352,172409.0,6068.7968
2012-05-25 00:00:00,0.0352,0.0352,0.0343,0.0343,40382.0,1385.1026
2012-05-28 00:00:00,0.0335,0.0335,0.0327,0.0327,172151.0,5629.3377
2012-05-29 00:00:00,0.0335,0.0335,0.0335,0.0335,54596.0,1828.9660000000001
2012-05-30 00:00:00,0.0352,0.0377,0.0352,0.0369,154974.0,5718.5406
2012-05-31 00:00:00,0.0352,0.036,0.0352,0.036,96071.0,3458.5559999999996
2012-06-04 00:00:00,0.0394,0.0394,0.0394,0.0394,12643.0,498.13419999999996
2012-06-06 00:00:00,0.036,0.036,0.0352,0.0352,114940.0,4045.8880000000004
2012-06-08 00:00:00,0.0385,0.0503,0.0385,0.0494,4100100.0,202544.94
2012-06-12 00:00:00,0.0494,0.0503,0.0494,0.0494,714810.0,35311.614
2012-06-13 00:00:00,0.0478,0.0478,0.0478,0.0478,310337.0,14834.108600000001
2012-06-14 00:00:00,0.0469,0.0478,0.0461,0.0461,400564.0,18466.0004
2012-06-15 00:00:00,0.0452,0.0461,0.0452,0.0461,41608.0,1918.1288000000002
2012-06-18 00:00:00,0.0461,0.0478,0.0461,0.0478,126721.0,6057.263800000001
2012-06-19 00:00:00,0.0452,0.0452,0.0452,0.0452,114940.0,5195.288
2012-06-20 00:00:00,0.0436,0.0436,0.0427,0.0427,130451.0,5570.2577
2012-06-26 00:00:00,0.0478,0.0494,0.0478,0.0478,534842.0,25565.4476
2012-06-27 00:00:00,0.0478,0.0478,0.0436,0.0436,155168.0,6765.3248
2012-06-28 00:00:00,0.0469,0.0478,0.0469,0.0478,34998.0,1672.9044000000001
2012-06-29 00:00:00,0.0469,0.0486,0.0469,0.0486,22472.0,1092.1391999999998
2012-07-02 00:00:00,0.0461,0.0461,0.0461,0.0461,67429.0,3108.4769
2012-07-05 00:00:00,0.0461,0.0461,0.0461,0.0461,55171.0,2543.3831
2012-07-09 00:00:00,0.0469,0.0469,0.0469,0.0469,113503.0,5323.2907
2012-07-10 00:00:00,0.0461,0.0461,0.0461,0.0461,78159.0,3603.1299000000004
2012-07-16 00:00:00,0.0478,0.0478,0.0469,0.0469,574698.0,26953.336199999998
2012-07-17 00:00:00,0.0486,0.0486,0.0486,0.0486,30400.0,1477.4399999999998
2012-07-19 00:00:00,0.0461,0.0461,0.0452,0.0452,632193.0,28575.1236
2012-07-20 00:00:00,0.0436,0.0444,0.0427,0.0444,191949.0,8522.535600000001
2012-07-23 00:00:00,0.0436,0.0436,0.0436,0.0436,52872.0,2305.2192
2012-07-25 00:00:00,0.0427,0.0427,0.0427,0.0427,11494.0,490.79380000000003
2012-07-30 00:00:00,0.0427,0.0427,0.0427,0.0427,22988.0,981.5876000000001
2012-08-01 00:00:00,0.0436,0.0436,0.0436,0.0436,172409.0,7517.0324
2012-08-02 00:00:00,0.0427,0.0436,0.0427,0.0436,72105.0,3143.778
2012-08-03 00:00:00,0.0436,0.0436,0.0436,0.0436,63008.0,2747.1488
2012-08-07 00:00:00,0.0427,0.0427,0.0419,0.0419,30554.0,1280.2126
2012-08-09 00:00:00,0.0436,0.0436,0.0436,0.0436,34482.0,1503.4152
2012-08-10 00:00:00,0.0436,0.0436,0.0411,0.0411,436637.0,17945.7807
2012-08-13 00:00:00,0.0411,0.0411,0.0411,0.0411,57470.0,2362.017
2012-08-16 00:00:00,0.0411,0.0411,0.0411,0.0411,26436.0,1086.5195999999999
2012-08-17 00:00:00,0.0411,0.0427,0.0411,0.0427,295395.0,12613.3665
2012-08-21 00:00:00,0.0461,0.0461,0.0427,0.0427,384918.0,16435.9986
2012-08-22 00:00:00,0.0427,0.0427,0.0419,0.0427,206891.0,8834.2457
2012-08-23 00:00:00,0.0419,0.0436,0.0419,0.0436,239074.0,10423.6264
2012-08-24 00:00:00,0.0419,0.0419,0.0411,0.0411,23103.0,949.5332999999999
2012-08-30 00:00:00,0.0361,0.0361,0.0361,0.0361,121138.0,4373.0818
2012-08-31 00:00:00,0.0361,0.0361,0.0361,0.0361,53365.0,1926.4765
2012-09-05 00:00:00,0.0334,0.0334,0.0307,0.0316,170765.0,5396.174000000001
2012-09-07 00:00:00,0.0361,0.0406,0.0361,0.0406,106730.0,4333.237999999999
2012-09-14 00:00:00,0.0361,0.0361,0.0361,0.0361,5339.0,192.7379
2012-09-21 00:00:00,0.0316,0.0316,0.0316,0.0316,13341.0,421.57560000000007
2012-09-24 00:00:00,0.0316,0.0316,0.0316,0.0316,106730.0,3372.668
2012-09-25 00:00:00,0.0316,0.0406,0.0316,0.0316,424248.0,13406.2368
2012-09-26 00:00:00,0.0316,0.0316,0.0316,0.0316,35202.0,1112.3832000000002
2012-09-27 00:00:00,0.0316,0.0316,0.0316,0.0316,3699.0,116.88840000000002
2012-10-02 00:00:00,0.0343,0.0343,0.0316,0.0316,173267.0,5475.2372000000005
2012-10-03 00:00:00,0.0316,0.0316,0.0316,0.0316,92500.0,2923.0000000000005
2012-10-04 00:00:00,0.0334,0.0361,0.0334,0.0361,482750.0,17427.275
2012-10-08 00:00:00,0.0406,0.0406,0.0397,0.0397,80047.0,3177.8659
2012-10-09 00:00:00,0.0379,0.0379,0.0379,0.0379,106730.0,4045.0670000000005
2012-10-11 00:00:00,0.0397,0.0397,0.0397,0.0397,255462.0,10141.8414
2012-10-15 00:00:00,0.0361,0.0361,0.0361,0.0361,143803.0,5191.2883
2012-10-16 00:00:00,0.0361,0.0361,0.0361,0.0361,165876.0,5988.1236
2012-10-19 00:00:00,0.0361,0.0361,0.0352,0.0352,341534.0,12021.9968
2012-10-22 00:00:00,0.0352,0.0352,0.0352,0.0352,28230.0,993.696
2012-10-24 00:00:00,0.0352,0.0352,0.0352,0.0352,64038.0,2254.1376
2012-10-30 00:00:00,0.0352,0.0352,0.0334,0.0334,41144.0,1374.2096
2012-10-31 00:00:00,0.0361,0.0406,0.0361,0.0406,502205.0,20389.522999999997
2012-11-01 00:00:00,0.0361,0.0361,0.0361,0.0361,116826.0,4217.4186
2012-11-02 00:00:00,0.0361,0.0406,0.0361,0.0406,526581.0,21379.188599999998
2012-11-06 00:00:00,0.037,0.037,0.037,0.037,1293562.0,47861.793999999994
2012-11-07 00:00:00,0.037,0.037,0.037,0.037,266824.0,9872.488
2012-11-08 00:00:00,0.037,0.037,0.0361,0.0361,565666.0,20420.5426
2012-11-09 00:00:00,0.0361,0.0361,0.0343,0.0343,1718654.0,58949.8322
2012-11-12 00:00:00,0.0352,0.0352,0.0352,0.0352,373553.0,13149.0656
2012-11-13 00:00:00,0.0352,0.0352,0.0352,0.0352,320189.0,11270.6528
2012-11-14 00:00:00,0.0352,0.0352,0.0352,0.0352,522351.0,18386.7552
2012-11-19 00:00:00,0.0334,0.0334,0.0334,0.0334,32019.0,1069.4346
2012-11-21 00:00:00,0.0352,0.0361,0.0352,0.0361,3128267.0,112930.4387
2012-11-22 00:00:00,0.0361,0.0361,0.0361,0.0361,32019.0,1155.8859
2012-11-23 00:00:00,0.0361,0.0361,0.0361,0.0361,113004.0,4079.4444
2012-11-26 00:00:00,0.0361,0.0361,0.0343,0.0361,320189.0,11558.8229
2012-11-27 00:00:00,0.0343,0.0343,0.0343,0.0343,21346.0,732.1677999999999
2012-11-28 00:00:00,0.0343,0.0343,0.0334,0.0334,60302.0,2014.0868
2012-11-29 00:00:00,0.0334,0.0334,0.0334,0.0334,16009.0,534.7006
2012-11-30 00:00:00,0.0343,0.0343,0.0334,0.0334,85384.0,2851.8256
2012-12-07 00:00:00,0.0316,0.0316,0.0316,0.0316,88585.0,2799.286
2012-12-10 00:00:00,0.0316,0.0316,0.0316,0.0316,37996.0,1200.6736
2012-12-11 00:00:00,0.0316,0.0316,0.0307,0.0307,282193.0,8663.3251
2012-12-17 00:00:00,0.0289,0.0289,0.0271,0.0271,320765.0,8692.7315
2012-12-19 00:00:00,0.028,0.028,0.028,0.028,30418.0,851.7040000000001
2012-12-20 00:00:00,0.028,0.028,0.028,0.028,103457.0,2896.7960000000003
2013-01-04 00:00:00,0.0316,0.0316,0.0316,0.0316,160094.0,5058.9704
2013-01-07 00:00:00,0.0316,0.0316,0.0316,0.0316,157106.0,4964.5496
2013-01-10 00:00:00,0.0316,0.0316,0.0316,0.0316,2988.0,94.42080000000001
2013-01-14 00:00:00,0.0289,0.0325,0.0289,0.0325,21346.0,693.745
2013-01-15 00:00:00,0.0298,0.0298,0.0298,0.0298,667059.0,19878.3582
2013-01-16 00:00:00,0.0298,0.0298,0.0298,0.0298,11740.0,349.852
2013-01-17 00:00:00,0.0298,0.0343,0.0298,0.0343,1008670.0,34597.380999999994
2013-01-18 00:00:00,0.0343,0.0343,0.0343,0.0343,137961.0,4732.0623
2013-01-23 00:00:00,0.0334,0.0334,0.0334,0.0334,13875.0,463.425
2013-01-24 00:00:00,0.0298,0.0307,0.0298,0.0307,42692.0,1310.6444000000001
2013-01-25 00:00:00,0.0289,0.0289,0.0289,0.0289,50082.0,1447.3698
2013-01-29 00:00:00,0.0316,0.0316,0.0316,0.0316,1654307.0,52276.101200000005
2013-02-01 00:00:00,0.0289,0.0289,0.0289,0.0289,106730.0,3084.497
2013-02-04 00:00:00,0.0298,0.0298,0.0298,0.0298,106730.0,3180.554
2013-02-05 00:00:00,0.0298,0.0298,0.0298,0.0298,129836.0,3869.1128
2013-02-08 00:00:00,0.0298,0.0298,0.0298,0.0298,266824.0,7951.3552
2013-02-11 00:00:00,0.0298,0.0298,0.0298,0.0298,79573.0,2371.2754
2013-02-12 00:00:00,0.0289,0.0289,0.028,0.028,291453.0,8160.684
2013-02-13 00:00:00,0.028,0.0289,0.028,0.0289,213459.0,6168.965099999999
2013-02-14 00:00:00,0.0289,0.0289,0.0271,0.0271,688235.0,18651.1685
2013-02-15 00:00:00,0.028,0.0289,0.028,0.028,442927.0,12401.956
2013-02-18 00:00:00,0.0271,0.028,0.0226,0.028,422884.0,11840.752
2013-02-19 00:00:00,0.028,0.0289,0.0271,0.0271,868085.0,23525.103499999997
2013-02-20 00:00:00,0.0271,0.028,0.0271,0.0271,497826.0,13491.0846
2013-02-21 00:00:00,0.0262,0.0262,0.0262,0.0262,46961.0,1230.3782
2013-02-25 00:00:00,0.0271,0.0271,0.0262,0.0262,394899.0,10346.3538
2013-02-26 00:00:00,0.0262,0.0262,0.0262,0.0262,57064.0,1495.0768
2013-02-27 00:00:00,0.0271,0.0271,0.0271,0.0271,106730.0,2892.383
2013-02-28 00:00:00,0.0262,0.0262,0.0262,0.0262,141453.0,3706.0686
2013-03-05 00:00:00,0.0253,0.0253,0.0253,0.0253,106730.0,2700.269
2013-03-06 00:00:00,0.0244,0.0244,0.0244,0.0244,106730.0,2604.212
2013-03-07 00:00:00,0.0244,0.0244,0.0244,0.0244,213459.0,5208.399600000001
2013-03-12 00:00:00,0.0244,0.0253,0.0244,0.0253,53365.0,1350.1345
2013-03-13 00:00:00,0.0253,0.0253,0.0253,0.0253,373553.0,9450.8909
2013-03-14 00:00:00,0.0244,0.0244,0.0244,0.0244,144511.0,3526.0684
2013-03-18 00:00:00,0.0244,0.0253,0.0244,0.0253,178736.0,4522.0208
2013-03-20 00:00:00,0.0262,0.0262,0.0262,0.0262,263766.0,6910.6692
2013-03-21 00:00:00,0.0262,0.0262,0.0262,0.0262,160094.0,4194.4628
2013-03-28 00:00:00,0.0244,0.0262,0.0244,0.0253,750164.0,18979.1492
2013-04-03 00:00:00,0.0217,0.0217,0.0217,0.0217,213459.0,4632.0603
2013-04-04 00:00:00,0.0217,0.0217,0.0217,0.0217,273667.0,5938.5739
2013-04-05 00:00:00,0.0217,0.0217,0.0217,0.0217,213459.0,4632.0603
2013-04-09 00:00:00,0.0226,0.0235,0.0226,0.0235,192114.0,4514.679
2013-04-12 00:00:00,0.0235,0.0235,0.0226,0.0226,68040.0,1537.704
2013-04-15 00:00:00,0.0226,0.0226,0.0226,0.0226,50133.0,1133.0058
2013-04-19 00:00:00,0.0198,0.0226,0.0198,0.0226,74711.0,1688.4686
2013-04-22 00:00:00,0.0144,0.0144,0.0144,0.0144,29559.0,425.64959999999996
2013-04-23 00:00:00,0.0162,0.0162,0.0162,0.0162,26682.0,432.2484
2013-05-02 00:00:00,0.0208,0.0208,0.0189,0.0189,442927.0,8371.3203
2013-05-03 00:00:00,0.0198,0.0198,0.0198,0.0198,208123.0,4120.8354
2013-05-06 00:00:00,0.018,0.018,0.018,0.018,453600.0,8164.799999999999
2013-05-07 00:00:00,0.0171,0.0171,0.0171,0.0171,373553.0,6387.7563
2013-05-08 00:00:00,0.018,0.018,0.018,0.018,24014.0,432.25199999999995
2013-05-09 00:00:00,0.018,0.018,0.018,0.018,213459.0,3842.2619999999997
2013-05-10 00:00:00,0.0171,0.0171,0.0162,0.0162,222714.0,3607.9667999999997
2013-05-14 00:00:00,0.0162,0.0162,0.0153,0.0153,89653.0,1371.6909
2013-05-15 00:00:00,0.0144,0.0144,0.0135,0.0135,541119.0,7305.1065
2013-05-16 00:00:00,0.0153,0.0153,0.0144,0.0144,350073.0,5041.0512
2013-05-20 00:00:00,0.0144,0.0144,0.0144,0.0144,10673.0,153.6912
2013-05-22 00:00:00,0.0144,0.0144,0.0144,0.0144,154402.0,2223.3887999999997
2013-05-24 00:00:00,0.0153,0.0153,0.0153,0.0153,57719.0,883.1007
2013-05-29 00:00:00,0.0144,0.0144,0.0144,0.0144,11868.0,170.8992
2013-06-13 00:00:00,0.0144,0.0144,0.0144,0.0144,6631.0,95.4864
2013-06-14 00:00:00,0.0126,0.0126,0.0108,0.0108,85917.0,927.9036000000001
2013-06-17 00:00:00,0.0108,0.0108,0.0108,0.0108,13341.0,144.08280000000002
2013-06-18 00:00:00,0.0117,0.0117,0.0117,0.0117,68484.0,801.2628
2013-06-19 00:00:00,0.0099,0.0099,0.0099,0.0099,18273.0,180.9027
2013-06-20 00:00:00,0.0099,0.0099,0.009,0.009,1076712.0,9690.408
2013-06-21 00:00:00,0.009,0.009,0.009,0.009,587012.0,5283.107999999999
2013-06-24 00:00:00,0.0099,0.0099,0.0099,0.0099,213459.0,2113.2441000000003
2013-06-28 00:00:00,0.0099,0.0099,0.0099,0.0099,62507.0,618.8193
2013-07-02 00:00:00,0.0099,0.0099,0.0099,0.0099,533648.0,5283.1152
2013-07-12 00:00:00,0.009,0.009,0.009,0.009,40024.0,360.21599999999995
2013-08-14 00:00:00,0.009,0.009,0.009,0.009,15298.0,137.682
2013-08-16 00:00:00,0.009,0.009,0.009,0.009,598309.0,5384.781
2013-08-26 00:00:00,0.0117,0.0117,0.0117,0.0117,46961.0,549.4437
2013-08-27 00:00:00,0.0117,0.0117,0.0117,0.0117,46427.0,543.1959
2013-09-05 00:00:00,0.0117,0.0117,0.0117,0.0117,160094.0,1873.0998
2013-09-11 00:00:00,0.0135,0.0135,0.0126,0.0126,1067295.0,13447.917
2013-09-19 00:00:00,0.0126,0.0126,0.0126,0.0126,21346.0,268.9596
2013-09-24 00:00:00,0.0126,0.0126,0.0126,0.0126,25578.0,322.2828
2013-09-26 00:00:00,0.0144,0.0144,0.0144,0.0144,1067295.0,15369.047999999999
2013-09-30 00:00:00,0.0144,0.0144,0.0144,0.0144,106730.0,1536.912
2013-10-04 00:00:00,0.0144,0.0144,0.0144,0.0144,10672951.0,153690.4944
2013-10-08 00:00:00,0.0144,0.0144,0.0144,0.0144,533648.0,7684.531199999999
2013-10-10 00:00:00,0.0144,0.0144,0.0144,0.0144,533648.0,7684.531199999999
2013-10-14 00:00:00,0.0099,0.0099,0.0099,0.0099,400236.0,3962.3364
2013-10-15 00:00:00,0.0099,0.0099,0.0099,0.0099,13573.0,134.3727
2013-10-28 00:00:00,0.0108,0.0108,0.0108,0.0108,853836.0,9221.4288
2013-10-30 00:00:00,0.0099,0.0099,0.0099,0.0099,53365.0,528.3135000000001
2013-10-31 00:00:00,0.0099,0.0099,0.0099,0.0099,6012.0,59.518800000000006
2013-11-08 00:00:00,0.0099,0.0099,0.0099,0.0099,474271.0,4695.2829
2013-11-13 00:00:00,0.0099,0.0108,0.0099,0.0108,86059.0,929.4372000000001
2013-11-14 00:00:00,0.0108,0.0108,0.0108,0.0108,95381.0,1030.1148
2013-11-15 00:00:00,0.0108,0.0108,0.0108,0.0108,571679.0,6174.1332
2013-11-20 00:00:00,0.0108,0.0108,0.0099,0.0099,758171.0,7505.892900000001
2013-11-25 00:00:00,0.0099,0.0099,0.0099,0.0099,221997.0,2197.7703
2013-11-27 00:00:00,0.0099,0.0099,0.0099,0.0099,18499.0,183.14010000000002
2013-11-29 00:00:00,0.0099,0.0099,0.0099,0.0099,1200707.0,11886.999300000001
2013-12-10 00:00:00,0.0081,0.0081,0.0081,0.0081,42692.0,345.80519999999996
2013-12-12 00:00:00,0.0081,0.0081,0.0081,0.0081,14230.0,115.26299999999999
2013-12-18 00:00:00,0.0099,0.0099,0.0099,0.0099,42692.0,422.65080000000006
2014-01-08 00:00:00,0.009,0.009,0.009,0.009,106730.0,960.5699999999999
2014-01-09 00:00:00,0.009,0.009,0.009,0.009,426918.0,3842.2619999999997
2014-01-10 00:00:00,0.009,0.009,0.009,0.009,426918.0,3842.2619999999997
2014-01-17 00:00:00,0.009,0.009,0.009,0.009,2557599.0,23018.391
2014-01-24 00:00:00,0.009,0.009,0.009,0.009,85384.0,768.4559999999999
2014-01-31 00:00:00,0.0117,0.0117,0.0117,0.0117,80047.0,936.5499
2014-02-03 00:00:00,0.0117,0.0117,0.0117,0.0117,42692.0,499.4964
2014-02-05 00:00:00,0.0108,0.0108,0.0108,0.0108,53365.0,576.342
2014-02-14 00:00:00,0.0117,0.0117,0.0117,0.0117,20999.0,245.6883
2014-02-17 00:00:00,0.0135,0.0135,0.0135,0.0135,245825.0,3318.6375
2014-02-21 00:00:00,0.0117,0.0117,0.0117,0.0117,130744.0,1529.7048
2014-02-24 00:00:00,0.0126,0.0126,0.0117,0.0117,181093.0,2118.7881
2014-02-28 00:00:00,0.0135,0.0135,0.0135,0.0135,255759.0,3452.7464999999997
2014-03-03 00:00:00,0.0144,0.0153,0.0144,0.0153,155825.0,2384.1225
2014-03-04 00:00:00,0.0162,0.0171,0.0162,0.0171,266824.0,4562.6904
2014-03-10 00:00:00,0.018,0.018,0.0171,0.0171,5538.0,94.69980000000001
2014-03-13 00:00:00,0.0189,0.0189,0.0189,0.0189,10673.0,201.7197
2014-03-14 00:00:00,0.0189,0.0189,0.0189,0.0189,21346.0,403.4394
2014-03-17 00:00:00,0.0189,0.0189,0.0189,0.0189,34837.0,658.4193
2014-03-18 00:00:00,0.0189,0.0189,0.0189,0.0189,93239.0,1762.2171
2014-03-19 00:00:00,0.0189,0.0189,0.0189,0.0189,12007.0,226.9323
2014-03-21 00:00:00,0.0217,0.0217,0.0217,0.0217,160094.0,3474.0398
2014-03-26 00:00:00,0.0217,0.0226,0.0217,0.0226,26682.0,603.0132
2014-03-27 00:00:00,0.0226,0.0226,0.0226,0.0226,154758.0,3497.5308
2014-03-28 00:00:00,0.0217,0.0226,0.0217,0.0226,200651.0,4534.7126
2014-04-02 00:00:00,0.0235,0.0289,0.0235,0.0289,1739775.0,50279.4975
2014-04-03 00:00:00,0.0289,0.0316,0.0289,0.0307,3764667.0,115575.27690000001
2014-04-04 00:00:00,0.0316,0.0325,0.028,0.028,3047168.0,85320.704
2014-04-07 00:00:00,0.0307,0.0316,0.0307,0.0316,1702336.0,53793.8176
2014-04-08 00:00:00,0.0316,0.0316,0.0316,0.0316,1182105.0,37354.518000000004
2014-04-09 00:00:00,0.0307,0.0316,0.0307,0.0316,355423.0,11231.366800000002
2014-04-10 00:00:00,0.0334,0.0334,0.0316,0.0316,458937.0,14502.409200000002
2014-04-11 00:00:00,0.0307,0.0325,0.0289,0.0316,871966.0,27554.125600000003
2014-04-14 00:00:00,0.0325,0.0325,0.0316,0.0316,458937.0,14502.409200000002
2014-05-19 00:00:00,0.0316,0.0316,0.0316,0.0316,426918.0,13490.608800000002
2014-05-22 00:00:00,0.0271,0.0271,0.0271,0.0271,475587.0,12888.4077
2014-05-23 00:00:00,0.0271,0.0271,0.0271,0.0271,21346.0,578.4766
2014-05-26 00:00:00,0.0271,0.0271,0.0271,0.0271,202775.0,5495.202499999999
2014-05-28 00:00:00,0.0271,0.0271,0.0253,0.0253,89264.0,2258.3792
2014-05-29 00:00:00,0.0253,0.0253,0.0253,0.0253,41542.0,1051.0126
2014-06-04 00:00:00,0.0253,0.0253,0.0253,0.0253,50029.0,1265.7337
2014-06-05 00:00:00,0.0253,0.0253,0.0253,0.0253,11783.0,298.1099
2014-06-06 00:00:00,0.0253,0.0271,0.0253,0.0271,160184.0,4340.9864
2014-06-10 00:00:00,0.0271,0.0289,0.0271,0.0271,853836.0,23138.955599999998
2014-06-11 00:00:00,0.028,0.0289,0.028,0.0289,383791.0,11091.5599
2014-06-12 00:00:00,0.0289,0.0316,0.0289,0.0316,857432.0,27094.8512
2014-06-13 00:00:00,0.0325,0.0325,0.0316,0.0316,1634131.0,51638.539600000004
2014-06-16 00:00:00,0.0316,0.0316,0.0298,0.0307,1025672.0,31488.130400000002
2014-06-17 00:00:00,0.0298,0.0298,0.0298,0.0298,106730.0,3180.554
2014-06-18 00:00:00,0.0298,0.0298,0.0298,0.0298,225555.0,6721.539
2014-06-19 00:00:00,0.0298,0.0298,0.0289,0.0289,136494.0,3944.6766
2014-06-20 00:00:00,0.0298,0.0298,0.0298,0.0298,133577.0,3980.5946
2014-06-23 00:00:00,0.0298,0.0298,0.0289,0.0289,266824.0,7711.2136
2014-06-24 00:00:00,0.0298,0.0298,0.0298,0.0298,53365.0,1590.277
2014-06-25 00:00:00,0.0307,0.0307,0.0307,0.0307,213459.0,6553.1913
2014-06-26 00:00:00,0.0316,0.0325,0.0316,0.0316,2366256.0,74773.68960000001
2014-06-27 00:00:00,0.0316,0.0334,0.0316,0.0316,1382147.0,43675.8452
2014-06-30 00:00:00,0.0307,0.0316,0.0307,0.0307,456550.0,14016.085000000001
2014-07-01 00:00:00,0.0316,0.0316,0.0307,0.0307,365816.0,11230.5512
2014-07-02 00:00:00,0.0325,0.0343,0.0325,0.0343,1531653.0,52535.6979
2014-07-03 00:00:00,0.0325,0.0334,0.0316,0.0334,653185.0,21816.379
2014-07-04 00:00:00,0.0334,0.0343,0.0325,0.0334,1371325.0,45802.255
2014-07-07 00:00:00,0.0352,0.037,0.0352,0.037,792541.0,29324.017
2014-07-08 00:00:00,0.0343,0.0343,0.0334,0.0343,403591.0,13843.171299999998
2014-07-10 00:00:00,0.0361,0.0397,0.0361,0.0397,1372139.0,54473.9183
2014-07-11 00:00:00,0.0397,0.0397,0.037,0.037,360540.0,13339.98
2014-07-14 00:00:00,0.037,0.037,0.0361,0.0361,213459.0,7705.8699
2014-07-15 00:00:00,0.037,0.037,0.037,0.037,485619.0,17967.903
2014-07-16 00:00:00,0.0379,0.0379,0.037,0.037,773789.0,28630.193
2014-07-17 00:00:00,0.037,0.0397,0.037,0.0388,1164347.0,45176.6636
2014-07-18 00:00:00,0.0343,0.0343,0.0334,0.0343,1479078.0,50732.3754
2014-07-21 00:00:00,0.0352,0.0352,0.0343,0.0343,104540.0,3585.7219999999998
2014-07-24 00:00:00,0.0343,0.0343,0.0334,0.0334,464356.0,15509.490399999999
2014-07-25 00:00:00,0.0334,0.0334,0.0316,0.0316,576339.0,18212.312400000003
2014-07-28 00:00:00,0.0316,0.0316,0.0289,0.0289,305954.0,8842.0706
2014-07-29 00:00:00,0.0289,0.0307,0.0289,0.0289,126520.0,3656.428
2014-07-30 00:00:00,0.0289,0.0289,0.0289,0.0289,53365.0,1542.2485
2014-08-01 00:00:00,0.0289,0.0289,0.0289,0.0289,84084.0,2430.0276
2014-08-04 00:00:00,0.0289,0.0289,0.0289,0.0289,213459.0,6168.965099999999
2014-08-18 00:00:00,0.0271,0.0271,0.0271,0.0271,213459.0,5784.738899999999
2014-08-21 00:00:00,0.0198,0.0235,0.0198,0.0235,223558.0,5253.613
2014-08-22 00:00:00,0.0253,0.0253,0.0253,0.0253,160094.0,4050.3782
2014-08-26 00:00:00,0.0253,0.0253,0.0253,0.0253,31352.0,793.2056
2014-08-27 00:00:00,0.0253,0.0253,0.0253,0.0253,106730.0,2700.269
2014-08-29 00:00:00,0.0253,0.0253,0.0253,0.0253,355009.0,8981.7277
2014-09-03 00:00:00,0.0253,0.0253,0.0253,0.0253,320189.0,8100.7817
2014-09-04 00:00:00,0.0253,0.0253,0.0253,0.0253,336269.0,8507.6057
2014-09-08 00:00:00,0.0253,0.0253,0.0253,0.0253,234805.0,5940.5665
2014-09-09 00:00:00,0.0253,0.0253,0.0226,0.0235,197450.0,4640.075
2014-09-10 00:00:00,0.0235,0.0235,0.0226,0.0226,49257.0,1113.2082
2014-09-11 00:00:00,0.0235,0.0235,0.0235,0.0235,21346.0,501.63100000000003
2014-09-12 00:00:00,0.0208,0.0208,0.018,0.018,160094.0,2881.692
2014-09-18 00:00:00,0.0198,0.0198,0.0198,0.0198,46532.0,921.3336
2014-09-19 00:00:00,0.0208,0.0208,0.0208,0.0208,266824.0,5549.9392
2014-09-23 00:00:00,0.0198,0.0198,0.018,0.018,1004496.0,18080.928
2014-09-26 00:00:00,0.0189,0.0189,0.0189,0.0189,10673.0,201.7197
2014-10-02 00:00:00,0.0189,0.0189,0.0189,0.0189,26682.0,504.2898
2014-10-13 00:00:00,0.0189,0.0189,0.0189,0.0189,213459.0,4034.3751
2014-10-15 00:00:00,0.0189,0.0189,0.0189,0.0189,229468.0,4336.9452
2014-10-17 00:00:00,0.0198,0.0198,0.018,0.0189,3201885.0,60515.6265
2014-10-20 00:00:00,0.0198,0.0226,0.0198,0.0226,1491735.0,33713.210999999996
2014-10-21 00:00:00,0.0226,0.0226,0.0226,0.0226,885855.0,20020.323
2014-10-22 00:00:00,0.0226,0.0226,0.0226,0.0226,533648.0,12060.4448
2014-10-23 00:00:00,0.0226,0.0226,0.0226,0.0226,1067295.0,24120.867
2014-10-24 00:00:00,0.0226,0.0226,0.0226,0.0226,426918.0,9648.3468
2014-10-27 00:00:00,0.0226,0.0226,0.0226,0.0226,320189.0,7236.2714
2014-10-28 00:00:00,0.0208,0.0208,0.0198,0.0198,3342413.0,66179.7774
2014-10-29 00:00:00,0.0198,0.0198,0.018,0.018,480283.0,8645.094
2014-10-30 00:00:00,0.018,0.018,0.018,0.018,907201.0,16329.617999999999
2014-11-03 00:00:00,0.018,0.018,0.018,0.018,533648.0,9605.663999999999
2014-11-04 00:00:00,0.018,0.018,0.018,0.018,470015.0,8460.269999999999
2014-11-07 00:00:00,0.018,0.018,0.018,0.018,212661.0,3827.8979999999997
2014-11-10 00:00:00,0.0135,0.0135,0.0135,0.0135,6660.0,89.91
2014-11-12 00:00:00,0.0135,0.0135,0.0135,0.0135,526988.0,7114.338
2014-11-20 00:00:00,0.0117,0.0117,0.0117,0.0117,32019.0,374.6223
2014-11-21 00:00:00,0.0117,0.0117,0.0117,0.0117,74711.0,874.1187
2014-11-24 00:00:00,0.009,0.009,0.0081,0.0081,883364.0,7155.2483999999995
2014-11-25 00:00:00,0.0081,0.0081,0.0081,0.0081,18499.0,149.84189999999998
2014-11-28 00:00:00,0.0081,0.0081,0.0063,0.0063,512302.0,3227.5026
2014-12-02 00:00:00,0.0063,0.0063,0.0054,0.0054,230180.0,1242.972
2014-12-03 00:00:00,0.0054,0.0054,0.0045,0.0045,480283.0,2161.2735
2014-12-10 00:00:00,0.0063,0.0063,0.0054,0.0054,927835.0,5010.309
2014-12-15 00:00:00,0.0063,0.0063,0.0063,0.0063,106730.0,672.399
2014-12-16 00:00:00,0.0054,0.0054,0.0054,0.0054,16009.0,86.4486
2014-12-18 00:00:00,0.0054,0.0054,0.0054,0.0054,1600943.0,8645.092200000001
2014-12-29 00:00:00,0.0054,0.0054,0.0054,0.0054,37355.0,201.717
2015-01-08 00:00:00,0.0063,0.0063,0.0063,0.0063,106730.0,672.399
2015-01-09 00:00:00,0.0054,0.0054,0.0054,0.0054,298313.0,1610.8902
2015-01-20 00:00:00,0.0072,0.0072,0.0072,0.0072,160094.0,1152.6768
2015-01-22 00:00:00,0.0072,0.0072,0.0063,0.0063,373553.0,2353.3839
2015-01-23 00:00:00,0.0063,0.0063,0.0063,0.0063,2241320.0,14120.316
2015-01-28 00:00:00,0.0054,0.0054,0.0054,0.0054,8558998.0,46218.5892
2015-01-29 00:00:00,0.0054,0.0054,0.0054,0.0054,711530.0,3842.262
2015-02-04 00:00:00,0.0054,0.0054,0.0054,0.0054,202786.0,1095.0444
2015-02-17 00:00:00,0.0063,0.0063,0.0054,0.0054,1035532.0,5591.8728
2015-02-23 00:00:00,0.0054,0.0054,0.0054,0.0054,604819.0,3266.0226000000002
2015-02-24 00:00:00,0.0054,0.0054,0.0045,0.0045,3450902.0,15529.059
2015-03-02 00:00:00,0.0072,0.0072,0.0072,0.0072,426918.0,3073.8096
2015-03-10 00:00:00,0.0054,0.0072,0.0054,0.0072,596260.0,4293.072
2015-03-18 00:00:00,0.0054,0.0054,0.0045,0.0045,533648.0,2401.4159999999997
2015-04-01 00:00:00,0.0045,0.0045,0.0045,0.0045,14372.0,64.67399999999999
2015-04-09 00:00:00,0.0045,0.0045,0.0045,0.0045,533648.0,2401.4159999999997
2015-04-14 00:00:00,0.0045,0.0045,0.0045,0.0045,213463.0,960.5835
2015-04-15 00:00:00,0.0045,0.0045,0.0045,0.0045,154276.0,694.242
2015-04-23 00:00:00,0.0045,0.0063,0.0045,0.0063,655801.0,4131.5463
2015-04-24 00:00:00,0.0063,0.0063,0.0063,0.0063,838413.0,5282.0019
2015-04-28 00:00:00,0.0045,0.0045,0.0045,0.0045,16009.0,72.0405
2015-04-29 00:00:00,0.0063,0.0063,0.0063,0.0063,1794249.0,11303.7687
2015-05-04 00:00:00,0.0072,0.0072,0.0072,0.0072,1067295.0,7684.523999999999
2015-05-11 00:00:00,0.0072,0.0072,0.0072,0.0072,7708.0,55.4976
2015-05-19 00:00:00,0.0081,0.0081,0.0072,0.0072,533648.0,3842.2655999999997
2015-05-29 00:00:00,0.0063,0.0063,0.0063,0.0063,106730.0,672.399
2015-06-02 00:00:00,0.0063,0.0063,0.0063,0.0063,133412.0,840.4956
2015-06-10 00:00:00,0.0063,0.0063,0.0063,0.0063,346871.0,2185.2873
2015-06-12 00:00:00,0.0063,0.0063,0.0063,0.0063,355765.0,2241.3195
2015-06-16 00:00:00,0.0081,0.009,0.0081,0.009,1462431.0,13161.878999999999
2015-06-17 00:00:00,0.009,0.009,0.009,0.009,106730.0,960.5699999999999
2015-06-23 00:00:00,0.0081,0.0081,0.0081,0.0081,106730.0,864.5129999999999
2015-06-25 00:00:00,0.009,0.009,0.009,0.009,106730.0,960.5699999999999
2015-06-26 00:00:00,0.009,0.009,0.009,0.009,1066465.0,9598.185
2015-06-29 00:00:00,0.009,0.009,0.009,0.009,533648.0,4802.831999999999
2015-07-03 00:00:00,0.0072,0.0072,0.0063,0.0063,787398.0,4960.6074
2015-07-06 00:00:00,0.0072,0.0072,0.0072,0.0072,213459.0,1536.9048
2015-07-07 00:00:00,0.0081,0.009,0.0081,0.009,150845.0,1357.6049999999998
2015-07-09 00:00:00,0.0072,0.0072,0.0072,0.0072,266824.0,1921.1327999999999
2015-07-10 00:00:00,0.0072,0.0072,0.0072,0.0072,147687.0,1063.3464
2015-07-13 00:00:00,0.0081,0.0081,0.0072,0.0072,1506621.0,10847.671199999999
2015-07-14 00:00:00,0.0072,0.0117,0.0072,0.0108,8742030.0,94413.924
2015-07-15 00:00:00,0.0117,0.0135,0.0099,0.0099,9007246.0,89171.7354
2015-07-16 00:00:00,0.009,0.0099,0.0081,0.009,3625079.0,32625.711
2015-07-17 00:00:00,0.009,0.009,0.0081,0.0081,392548.0,3179.6387999999997
2015-07-20 00:00:00,0.0081,0.0081,0.0081,0.0081,734081.0,5946.0561
2015-07-21 00:00:00,0.0081,0.0081,0.0081,0.0081,98408.0,797.1048
2015-07-22 00:00:00,0.0081,0.0081,0.0072,0.0072,426918.0,3073.8096
2015-07-23 00:00:00,0.0072,0.0072,0.0072,0.0072,1600943.0,11526.7896
2015-07-24 00:00:00,0.0081,0.0081,0.0081,0.0081,59412.0,481.2372
2015-07-28 00:00:00,0.0072,0.0072,0.0063,0.0063,315152.0,1985.4576
2015-07-30 00:00:00,0.0063,0.0063,0.0063,0.0063,58701.0,369.8163
2015-08-03 00:00:00,0.0063,0.0063,0.0063,0.0063,1042587.0,6568.2981
2015-08-04 00:00:00,0.0063,0.0063,0.0063,0.0063,1067295.0,6723.9585
2015-08-05 00:00:00,0.0063,0.0072,0.0045,0.0045,6159877.0,27719.4465
2015-08-06 00:00:00,0.0054,0.0054,0.0054,0.0054,136060.0,734.724
2015-08-07 00:00:00,0.0054,0.0054,0.0054,0.0054,75600.0,408.24
2015-08-10 00:00:00,0.0054,0.0054,0.0045,0.0045,326236.0,1468.062
2015-08-11 00:00:00,0.0045,0.0045,0.0045,0.0045,213459.0,960.5654999999999
2015-08-13 00:00:00,0.0045,0.0045,0.0045,0.0045,260776.0,1173.492
2015-08-17 00:00:00,0.0036,0.0036,0.0036,0.0036,554140.0,1994.904
2015-08-18 00:00:00,0.0036,0.0036,0.0036,0.0036,738690.0,2659.284
2015-08-19 00:00:00,0.0045,0.0045,0.0045,0.0045,426064.0,1917.2879999999998
2015-08-20 00:00:00,0.0045,0.0045,0.0045,0.0045,815212.0,3668.4539999999997
2015-08-21 00:00:00,0.0045,0.0045,0.0045,0.0045,3121838.0,14048.270999999999
2015-08-24 00:00:00,0.0045,0.0045,0.0045,0.0045,3201885.0,14408.482499999998
2015-08-27 00:00:00,0.0045,0.0045,0.0036,0.0036,483840.0,1741.8239999999998
2015-08-28 00:00:00,0.0045,0.0045,0.0045,0.0045,48505.0,218.27249999999998
2015-08-31 00:00:00,0.0054,0.0054,0.0054,0.0054,853836.0,4610.7144
2015-09-07 00:00:00,0.0045,0.0054,0.0045,0.0045,2295986.0,10331.937
2015-09-11 00:00:00,0.0036,0.0036,0.0036,0.0036,213459.0,768.4524
2015-09-14 00:00:00,0.0036,0.0036,0.0036,0.0036,80047.0,288.1692
2015-09-18 00:00:00,0.0045,0.0045,0.0045,0.0045,182888.0,822.996
2015-09-21 00:00:00,0.0054,0.0054,0.0054,0.0054,30571.0,165.0834
2015-09-23 00:00:00,0.0036,0.0036,0.0036,0.0036,1067295.0,3842.2619999999997
2015-09-25 00:00:00,0.0036,0.0036,0.0036,0.0036,134759.0,485.13239999999996
2015-10-01 00:00:00,0.0036,0.0036,0.0036,0.0036,42692.0,153.6912
2015-10-02 00:00:00,0.0036,0.0036,0.0036,0.0036,224132.0,806.8752
2015-10-12 00:00:00,0.0036,0.0036,0.0036,0.0036,2664680.0,9592.848
2015-10-13 00:00:00,0.0045,0.0054,0.0045,0.0054,1593930.0,8607.222
2015-10-14 00:00:00,0.0054,0.0054,0.0054,0.0054,110288.0,595.5552
2015-10-15 00:00:00,0.0054,0.0054,0.0054,0.0054,414288.0,2237.1552
2015-10-16 00:00:00,0.0054,0.0054,0.0054,0.0054,106730.0,576.342
2015-10-21 00:00:00,0.0063,0.0063,0.0063,0.0063,533648.0,3361.9824
2015-10-23 00:00:00,0.0054,0.0054,0.0054,0.0054,88941.0,480.2814
2015-10-26 00:00:00,0.0054,0.0054,0.0045,0.0054,1156948.0,6247.519200000001
2015-10-28 00:00:00,0.0054,0.0054,0.0054,0.0054,443995.0,2397.5730000000003
2015-11-04 00:00:00,0.0054,0.0054,0.0054,0.0054,533648.0,2881.6992
2015-11-05 00:00:00,0.0063,0.0063,0.0063,0.0063,1067295.0,6723.9585
2015-11-09 00:00:00,0.0072,0.0072,0.0072,0.0072,533648.0,3842.2655999999997
2015-11-11 00:00:00,0.0072,0.0072,0.0072,0.0072,533648.0,3842.2655999999997
2015-11-24 00:00:00,0.0081,0.0126,0.0081,0.0117,8014174.0,93765.8358
2015-11-25 00:00:00,0.0117,0.0117,0.0108,0.0108,3196191.0,34518.8628
2015-11-26 00:00:00,0.009,0.009,0.009,0.009,3095156.0,27856.404
2015-11-27 00:00:00,0.009,0.009,0.009,0.009,537917.0,4841.253
2015-11-30 00:00:00,0.0081,0.0081,0.0081,0.0081,96057.0,778.0617
2015-12-01 00:00:00,0.0081,0.0081,0.0081,0.0081,544321.0,4409.0001
2015-12-03 00:00:00,0.009,0.009,0.009,0.009,213998.0,1925.9819999999997
2015-12-04 00:00:00,0.009,0.009,0.009,0.009,480283.0,4322.547
2015-12-07 00:00:00,0.0081,0.0081,0.0081,0.0081,154758.0,1253.5398
2015-12-08 00:00:00,0.009,0.0099,0.009,0.009,693742.0,6243.678
2015-12-10 00:00:00,0.009,0.009,0.009,0.009,1067295.0,9605.654999999999
2015-12-14 00:00:00,0.009,0.009,0.009,0.009,609012.0,5481.107999999999
2015-12-16 00:00:00,0.009,0.009,0.009,0.009,2668238.0,24014.142
2015-12-17 00:00:00,0.0099,0.0135,0.0099,0.0135,3282466.0,44313.291
2015-12-18 00:00:00,0.0135,0.0144,0.0117,0.0144,13762754.0,198183.6576
2015-12-21 00:00:00,0.0144,0.0162,0.0135,0.0135,5800708.0,78309.558
2015-12-22 00:00:00,0.0135,0.0135,0.0126,0.0126,337381.0,4251.0006
2015-12-23 00:00:00,0.0135,0.0144,0.0135,0.0135,1518343.0,20497.6305
2015-12-24 00:00:00,0.0144,0.0153,0.0144,0.0153,1419084.0,21711.9852
2015-12-29 00:00:00,0.0153,0.018,0.0153,0.0171,7512354.0,128461.2534
2015-12-30 00:00:00,0.0171,0.0171,0.0171,0.0171,1172059.0,20042.2089
2015-12-31 00:00:00,0.0162,0.0171,0.0162,0.0171,587012.0,10037.905200000001
2016-01-04 00:00:00,0.0162,0.0171,0.0153,0.0171,885201.0,15136.937100000001
2016-01-05 00:00:00,0.0171,0.018,0.0171,0.018,1437652.0,25877.735999999997
2016-01-08 00:00:00,0.0162,0.0162,0.0162,0.0162,39490.0,639.7379999999999
2016-01-12 00:00:00,0.0144,0.0144,0.0144,0.0144,138748.0,1997.9712
2016-01-14 00:00:00,0.0144,0.0144,0.0144,0.0144,80047.0,1152.6768
2016-01-15 00:00:00,0.0144,0.0144,0.0144,0.0144,266824.0,3842.2655999999997
2016-01-18 00:00:00,0.0144,0.0153,0.0144,0.0153,133412.0,2041.2035999999998
2016-01-19 00:00:00,0.0153,0.0153,0.0153,0.0153,987248.0,15104.8944
2016-01-20 00:00:00,0.0162,0.0162,0.0153,0.0153,571323.0,8741.241899999999
2016-01-21 00:00:00,0.0153,0.0153,0.0135,0.0135,3289404.0,44406.954
2016-01-22 00:00:00,0.0135,0.0162,0.0135,0.0162,587012.0,9509.5944
2016-01-25 00:00:00,0.018,0.0253,0.0171,0.0171,45652581.0,780659.1351000001
2016-01-27 00:00:00,0.0171,0.0171,0.0144,0.0144,6455078.0,92953.1232
2016-01-28 00:00:00,0.0144,0.0144,0.0144,0.0144,2019834.0,29085.6096
2016-01-29 00:00:00,0.0153,0.0153,0.0144,0.0144,214074.0,3082.6656
2016-02-01 00:00:00,0.0144,0.0144,0.0135,0.0135,3885561.0,52455.0735
2016-02-02 00:00:00,0.0135,0.0135,0.0135,0.0135,2323066.0,31361.391
2016-02-03 00:00:00,0.0153,0.0153,0.0144,0.0153,2592727.0,39668.723099999996
2016-02-04 00:00:00,0.018,0.0217,0.0162,0.0162,46947331.0,760546.7622
2016-02-05 00:00:00,0.0153,0.0153,0.0144,0.0144,5281573.0,76054.6512
2016-02-08 00:00:00,0.0144,0.0153,0.0144,0.0144,947946.0,13650.4224
2016-02-09 00:00:00,0.0153,0.0153,0.0144,0.0144,552560.0,7956.864
2016-02-10 00:00:00,0.0144,0.0144,0.0135,0.0135,5016287.0,67719.8745
2016-02-11 00:00:00,0.0135,0.0135,0.0126,0.0126,1530501.0,19284.3126
2016-02-12 00:00:00,0.0126,0.0126,0.0126,0.0126,209958.0,2645.4708
2016-02-15 00:00:00,0.0135,0.0135,0.0135,0.0135,989161.0,13353.673499999999
2016-02-16 00:00:00,0.0135,0.0144,0.0135,0.0144,346871.0,4994.9424
2016-02-17 00:00:00,0.0144,0.0153,0.0144,0.0153,1056622.0,16166.3166
2016-02-18 00:00:00,0.0153,0.0153,0.0135,0.0135,675598.0,9120.573
2016-02-22 00:00:00,0.0144,0.0144,0.0135,0.0135,160094.0,2161.269
2016-02-23 00:00:00,0.0144,0.0144,0.0135,0.0135,2074062.0,27999.837
2016-02-24 00:00:00,0.0135,0.0135,0.0135,0.0135,282328.0,3811.428
2016-02-25 00:00:00,0.0135,0.0135,0.0135,0.0135,215885.0,2914.4474999999998
2016-02-26 00:00:00,0.0135,0.0144,0.0135,0.0144,200865.0,2892.456
2016-02-29 00:00:00,0.0135,0.0135,0.0135,0.0135,37355.0,504.2925
2016-03-01 00:00:00,0.0144,0.0144,0.0135,0.0135,593135.0,8007.3225
2016-03-02 00:00:00,0.0135,0.0144,0.0135,0.0144,2349581.0,33833.9664
2016-03-03 00:00:00,0.0144,0.0144,0.0135,0.0135,1739187.0,23479.0245
2016-03-04 00:00:00,0.0135,0.0135,0.0135,0.0135,2254297.0,30433.0095
2016-03-07 00:00:00,0.0135,0.0162,0.0135,0.0162,8053626.0,130468.74119999999
2016-03-08 00:00:00,0.0171,0.0171,0.0162,0.0162,2327889.0,37711.8018
2016-03-09 00:00:00,0.0162,0.0162,0.0162,0.0162,580609.0,9405.8658
2016-03-10 00:00:00,0.0144,0.0144,0.0144,0.0144,213459.0,3073.8096
2016-03-11 00:00:00,0.0162,0.0162,0.0144,0.0144,4650807.0,66971.6208
2016-03-14 00:00:00,0.0153,0.0162,0.0153,0.0162,1707672.0,27664.286399999997
2016-03-15 00:00:00,0.0162,0.0162,0.0153,0.0153,194112.0,2969.9136
2016-03-16 00:00:00,0.0153,0.0153,0.0144,0.0144,652376.0,9394.214399999999
2016-03-17 00:00:00,0.0153,0.0153,0.0144,0.0144,568716.0,8189.5104
2016-03-18 00:00:00,0.0144,0.0153,0.0144,0.0153,1187835.0,18173.8755
2016-03-21 00:00:00,0.0153,0.0162,0.0144,0.0144,661723.0,9528.8112
2016-03-22 00:00:00,0.0171,0.0171,0.0153,0.0153,1783557.0,27288.4221
2016-03-29 00:00:00,0.0153,0.0153,0.0144,0.0144,786843.0,11330.5392
2016-03-30 00:00:00,0.0162,0.0162,0.0153,0.0162,4316269.0,69923.5578
2016-03-31 00:00:00,0.0162,0.0198,0.0162,0.0171,14071060.0,240615.12600000002
2016-04-01 00:00:00,0.018,0.018,0.0171,0.0171,3602749.0,61607.007900000004
2016-04-04 00:00:00,0.0171,0.0198,0.0171,0.0189,20112558.0,380127.3462
2016-04-05 00:00:00,0.0198,0.0198,0.018,0.0198,8850758.0,175245.00840000002
2016-04-06 00:00:00,0.0198,0.0217,0.0198,0.0208,11492469.0,239043.3552
2016-04-07 00:00:00,0.0208,0.0235,0.0198,0.0208,27432286.0,570591.5488
2016-04-08 00:00:00,0.0217,0.0235,0.0217,0.0217,10445089.0,226658.4313
2016-04-11 00:00:00,0.0226,0.0235,0.0226,0.0226,8797836.0,198831.0936
2016-04-12 00:00:00,0.0226,0.0226,0.0217,0.0217,4807802.0,104329.3034
2016-04-13 00:00:00,0.0217,0.0235,0.0217,0.0226,8446819.0,190898.1094
2016-04-14 00:00:00,0.0235,0.0235,0.0198,0.0198,10890640.0,215634.67200000002
2016-04-15 00:00:00,0.0208,0.0226,0.0208,0.0226,4630906.0,104658.47559999999
2016-04-18 00:00:00,0.0217,0.0217,0.0208,0.0217,4085425.0,88653.7225
2016-04-19 00:00:00,0.0226,0.0262,0.0217,0.0253,11472900.0,290264.37
2016-04-20 00:00:00,0.0244,0.0289,0.0244,0.0271,14996840.0,406414.364
2016-04-21 00:00:00,0.0271,0.0271,0.0235,0.0244,5055898.0,123363.9112
2016-04-22 00:00:00,0.0253,0.028,0.0253,0.028,3906546.0,109383.288
2016-04-26 00:00:00,0.028,0.0298,0.0235,0.0235,6299451.0,148037.0985
2016-04-27 00:00:00,0.0244,0.0253,0.0217,0.0226,5111971.0,115530.5446
2016-04-28 00:00:00,0.0226,0.0226,0.0171,0.0198,10697780.0,211816.04400000002
2016-04-29 00:00:00,0.0208,0.0235,0.0198,0.0217,4897659.0,106279.2003
2016-05-02 00:00:00,0.0226,0.0226,0.0208,0.0226,1081917.0,24451.3242
2016-05-03 00:00:00,0.0208,0.0208,0.0208,0.0208,208001.0,4326.4208
2016-05-04 00:00:00,0.0226,0.0226,0.0189,0.0198,3054225.0,60473.655000000006
2016-05-05 00:00:00,0.0198,0.0198,0.018,0.018,4288383.0,77190.894
2016-05-06 00:00:00,0.0185,0.0185,0.0171,0.0171,184140.0,3148.7940000000003
2016-05-09 00:00:00,0.0189,0.0235,0.0189,0.0235,10192775.0,239530.2125
2016-05-10 00:00:00,0.0226,0.0235,0.0217,0.0235,1873689.0,44031.6915
2016-05-11 00:00:00,0.0235,0.0262,0.0235,0.0253,5349058.0,135331.1674
2016-05-12 00:00:00,0.0253,0.0253,0.0253,0.0253,299018.0,7565.1554
2016-05-13 00:00:00,0.0253,0.0253,0.0226,0.0244,5863226.0,143062.7144
2016-05-16 00:00:00,0.0244,0.0244,0.0235,0.0235,266504.0,6262.844
2016-05-17 00:00:00,0.0235,0.0235,0.0208,0.0226,3572977.0,80749.2802
2016-05-18 00:00:00,0.0226,0.0226,0.0198,0.0198,1593899.0,31559.200200000003
2016-05-19 00:00:00,0.0208,0.0226,0.0208,0.0226,2054543.0,46432.6718
2016-05-20 00:00:00,0.0208,0.0217,0.0208,0.0217,561533.0,12185.2661
2016-05-23 00:00:00,0.0208,0.0208,0.0189,0.0189,2906735.0,54937.2915
2016-05-24 00:00:00,0.0198,0.0198,0.018,0.0198,3800878.0,75257.38440000001
2016-05-25 00:00:00,0.0198,0.0208,0.018,0.0208,4778465.0,99392.072
2016-05-26 00:00:00,0.0208,0.0208,0.0198,0.0198,55081.0,1090.6038
2016-05-27 00:00:00,0.0208,0.0208,0.0198,0.0208,1501005.0,31220.904
2016-05-30 00:00:00,0.0208,0.0226,0.0208,0.0217,897182.0,19468.8494
2016-05-31 00:00:00,0.0217,0.0226,0.0198,0.0208,2189242.0,45536.2336
2016-06-01 00:00:00,0.0217,0.0217,0.0217,0.0217,144085.0,3126.6445
2016-06-02 00:00:00,0.0208,0.0208,0.0198,0.0198,480283.0,9509.6034
2016-06-03 00:00:00,0.0208,0.0235,0.0208,0.0235,1745146.0,41010.931
2016-06-06 00:00:00,0.0226,0.0226,0.0217,0.0217,792105.0,17188.6785
2016-06-07 00:00:00,0.0208,0.0217,0.0198,0.0217,3221885.0,69914.9045
2016-06-08 00:00:00,0.0217,0.0217,0.0189,0.0198,6350275.0,125735.445
2016-06-09 00:00:00,0.0198,0.0198,0.0189,0.0189,985387.0,18623.814300000002
2016-06-10 00:00:00,0.0189,0.0189,0.0171,0.018,2432840.0,43791.119999999995
2016-06-14 00:00:00,0.0189,0.0189,0.018,0.018,1452482.0,26144.676
2016-06-15 00:00:00,0.018,0.018,0.0171,0.0171,1953957.0,33412.6647
2016-06-16 00:00:00,0.0162,0.0162,0.0153,0.0153,1042203.0,15945.705899999999
2016-06-17 00:00:00,0.0171,0.0208,0.0171,0.018,2030946.0,36557.028
2016-06-20 00:00:00,0.018,0.018,0.018,0.018,446951.0,8045.1179999999995
2016-06-21 00:00:00,0.018,0.018,0.0162,0.0162,1760343.0,28517.5566
2016-06-22 00:00:00,0.018,0.018,0.018,0.018,1227389.0,22093.001999999997
2016-06-23 00:00:00,0.0171,0.0171,0.0171,0.0171,304179.0,5201.4609
2016-06-24 00:00:00,0.018,0.018,0.0144,0.0162,5530182.0,89588.9484
2016-06-27 00:00:00,0.0162,0.0162,0.0162,0.0162,22412.0,363.07439999999997
2016-06-28 00:00:00,0.0162,0.0171,0.0162,0.0162,561291.0,9092.9142
2016-06-29 00:00:00,0.0162,0.0162,0.0162,0.0162,355409.0,5757.6258
2016-07-01 00:00:00,0.018,0.0198,0.018,0.0198,1383086.0,27385.1028
2016-07-04 00:00:00,0.0208,0.0226,0.0198,0.0217,1168464.0,25355.6688
2016-07-05 00:00:00,0.0217,0.0253,0.0217,0.0226,8875600.0,200588.56
2016-07-06 00:00:00,0.0226,0.0235,0.0217,0.0217,2764309.0,59985.505300000004
2016-07-07 00:00:00,0.0226,0.0226,0.0226,0.0226,616187.0,13925.8262
2016-07-08 00:00:00,0.0235,0.0235,0.0208,0.0208,1443389.0,30022.4912
2016-07-11 00:00:00,0.0226,0.0226,0.0226,0.0226,165431.0,3738.7405999999996
2016-07-12 00:00:00,0.0226,0.0226,0.0208,0.0208,506965.0,10544.872
2016-07-13 00:00:00,0.0208,0.0208,0.0198,0.0198,909104.0,18000.2592
2016-07-14 00:00:00,0.0208,0.0217,0.0208,0.0217,1408830.0,30571.611
2016-07-15 00:00:00,0.0217,0.0226,0.0208,0.0226,550925.0,12450.904999999999
2016-07-18 00:00:00,0.0217,0.0226,0.0217,0.0226,2207166.0,49881.9516
2016-07-19 00:00:00,0.0226,0.0253,0.0226,0.0235,2561508.0,60195.438
2016-07-20 00:00:00,0.0235,0.0235,0.0226,0.0226,320189.0,7236.2714
2016-07-21 00:00:00,0.0235,0.0235,0.0189,0.0198,3763683.0,74520.9234
2016-07-22 00:00:00,0.0198,0.0208,0.0198,0.0208,227334.0,4728.5472
2016-07-25 00:00:00,0.0208,0.0208,0.0198,0.0198,292804.0,5797.519200000001
2016-07-26 00:00:00,0.0208,0.0208,0.0153,0.0162,6483801.0,105037.5762
2016-07-27 00:00:00,0.0162,0.0171,0.0153,0.0153,1882733.0,28805.814899999998
2016-07-28 00:00:00,0.0153,0.0171,0.0153,0.0171,577301.0,9871.8471
2016-07-29 00:00:00,0.018,0.018,0.0162,0.0162,5457342.0,88408.94039999999
2016-08-01 00:00:00,0.0162,0.0189,0.0162,0.0189,1545189.0,29204.0721
2016-08-02 00:00:00,0.0171,0.018,0.0171,0.018,213459.0,3842.2619999999997
2016-08-04 00:00:00,0.0198,0.0198,0.0171,0.018,2657214.0,47829.852
2016-08-05 00:00:00,0.018,0.018,0.0144,0.0162,7441435.0,120551.24699999999
2016-08-08 00:00:00,0.0171,0.0171,0.0162,0.0171,1682070.0,28763.397
2016-08-09 00:00:00,0.0171,0.0171,0.0162,0.0162,2943059.0,47677.555799999995
2016-08-10 00:00:00,0.0162,0.0162,0.0162,0.0162,685745.0,11109.069
2016-08-11 00:00:00,0.0171,0.0171,0.0162,0.0162,2920112.0,47305.814399999996
2016-08-15 00:00:00,0.0171,0.018,0.0171,0.0171,504900.0,8633.79
2016-08-16 00:00:00,0.0171,0.0171,0.0171,0.0171,1280754.0,21900.8934
2016-08-17 00:00:00,0.0162,0.0162,0.0162,0.0162,375765.0,6087.393
2016-08-18 00:00:00,0.0162,0.0162,0.0162,0.0162,53365.0,864.5129999999999
2016-08-19 00:00:00,0.0162,0.0162,0.0153,0.0153,565666.0,8654.6898
2016-08-22 00:00:00,0.0162,0.0162,0.0144,0.0144,2895551.0,41695.9344
2016-08-23 00:00:00,0.0144,0.0144,0.0144,0.0144,531535.0,7654.103999999999
2016-08-24 00:00:00,0.0135,0.0153,0.0135,0.0144,1162719.0,16743.153599999998
2016-08-25 00:00:00,0.0153,0.0153,0.0153,0.0153,53365.0,816.4844999999999
2016-08-26 00:00:00,0.0144,0.0144,0.0144,0.0144,272160.0,3919.104
2016-08-29 00:00:00,0.0144,0.0144,0.0135,0.0135,540772.0,7300.422
2016-08-30 00:00:00,0.0135,0.0135,0.0135,0.0135,266824.0,3602.124
2016-08-31 00:00:00,0.0135,0.0135,0.0135,0.0135,514783.0,6949.5705
2016-09-01 00:00:00,0.0135,0.0135,0.0135,0.0135,95671.0,1291.5585
2016-09-06 00:00:00,0.0135,0.0153,0.0126,0.0153,3517461.0,53817.1533
2016-09-07 00:00:00,0.0153,0.0153,0.0144,0.0144,737816.0,10624.5504
2016-09-08 00:00:00,0.0144,0.0144,0.0144,0.0144,255084.0,3673.2095999999997
2016-09-09 00:00:00,0.0153,0.0171,0.0153,0.0162,2513327.0,40715.897399999994
2016-09-12 00:00:00,0.0162,0.0162,0.0144,0.0144,490956.0,7069.7663999999995
2016-09-13 00:00:00,0.0153,0.0153,0.0153,0.0153,85384.0,1306.3752
2016-09-14 00:00:00,0.0162,0.0162,0.0135,0.0135,907889.0,12256.5015
2016-09-15 00:00:00,0.0143,0.0143,0.0143,0.0143,156259.0,2234.5037
2016-09-16 00:00:00,0.0143,0.0143,0.0143,0.0143,10.0,0.14300000000000002
2016-09-20 00:00:00,0.0115,0.0115,0.0115,0.0115,125812.0,1446.838
2016-09-23 00:00:00,0.0153,0.0191,0.0153,0.0191,4588208.0,87634.77279999999
2016-09-26 00:00:00,0.0191,0.022,0.0191,0.0201,4555685.0,91569.2685
2016-09-27 00:00:00,0.0201,0.0201,0.0182,0.0201,6388525.0,128409.3525
2016-09-28 00:00:00,0.0191,0.0229,0.0191,0.022,20792291.0,457430.402
2016-09-29 00:00:00,0.022,0.022,0.0191,0.0191,2654541.0,50701.7331
2016-09-30 00:00:00,0.021,0.0277,0.021,0.0258,29463049.0,760146.6642
2016-10-03 00:00:00,0.0277,0.043,0.0267,0.0392,41769877.0,1637379.1783999999
2016-10-04 00:00:00,0.043,0.0439,0.0334,0.0344,32086201.0,1103765.3144
2016-10-05 00:00:00,0.0344,0.0344,0.0296,0.0325,10895928.0,354117.66000000003
2016-10-06 00:00:00,0.0315,0.0363,0.0315,0.0344,11664354.0,401253.7776
2016-10-07 00:00:00,0.0344,0.0382,0.0334,0.0363,13553956.0,492008.6028
2016-10-10 00:00:00,0.0382,0.0401,0.0344,0.0344,10857237.0,373488.9528
2016-10-11 00:00:00,0.0344,0.0353,0.0287,0.0296,15622196.0,462417.0016
2016-10-12 00:00:00,0.0296,0.0315,0.0287,0.0306,4749764.0,145342.77839999998
2016-10-13 00:00:00,0.0306,0.0344,0.0306,0.0315,6817658.0,214756.227
2016-10-14 00:00:00,0.0306,0.0315,0.0287,0.0306,6616919.0,202477.72139999998
2016-10-17 00:00:00,0.0306,0.0325,0.0306,0.0325,6134714.0,199378.20500000002
2016-10-18 00:00:00,0.0325,0.0363,0.0315,0.0353,11776769.0,415719.9457
2016-10-19 00:00:00,0.0363,0.0363,0.0334,0.0353,6432000.0,227049.59999999998
2016-10-20 00:00:00,0.0353,0.0353,0.0296,0.0306,8542513.0,261400.89779999998
2016-10-21 00:00:00,0.0306,0.0315,0.0296,0.0306,7822627.0,239372.38619999998
2016-10-24 00:00:00,0.0315,0.0325,0.0296,0.0296,4332288.0,128235.72480000001
2016-10-25 00:00:00,0.0296,0.0325,0.0296,0.0296,5955423.0,176280.5208
2016-10-26 00:00:00,0.0296,0.0306,0.0296,0.0296,1500258.0,44407.6368
2016-10-27 00:00:00,0.0296,0.0334,0.0296,0.0296,10705369.0,316878.92240000004
2016-10-28 00:00:00,0.0296,0.0306,0.0277,0.0277,5827994.0,161435.4338
2016-10-31 00:00:00,0.0277,0.0277,0.0248,0.0267,4042750.0,107941.425
2016-11-01 00:00:00,0.0267,0.0306,0.0258,0.0277,3657510.0,101313.027
2016-11-02 00:00:00,0.0287,0.0315,0.022,0.0229,29761127.0,681529.8083
2016-11-03 00:00:00,0.0229,0.0229,0.021,0.022,6787593.0,149327.046
2016-11-04 00:00:00,0.0229,0.0239,0.021,0.021,4322060.0,90763.26000000001
2016-11-07 00:00:00,0.0229,0.0234,0.022,0.022,2333488.0,51336.736
2016-11-08 00:00:00,0.022,0.0229,0.021,0.021,2493691.0,52367.511000000006
2016-11-09 00:00:00,0.022,0.0229,0.0191,0.0191,5879075.0,112290.33249999999
2016-11-10 00:00:00,0.0201,0.021,0.0191,0.0191,1959657.0,37429.4487
2016-11-11 00:00:00,0.0201,0.022,0.0201,0.021,1969579.0,41361.159
2016-11-14 00:00:00,0.022,0.022,0.0191,0.0201,3062294.0,61552.1094
2016-11-15 00:00:00,0.021,0.021,0.0191,0.0191,421010.0,8041.290999999999
2016-11-16 00:00:00,0.0191,0.0201,0.0191,0.0191,2558507.0,48867.4837
2016-11-17 00:00:00,0.0201,0.021,0.0191,0.021,1280161.0,26883.381
2016-11-18 00:00:00,0.021,0.021,0.021,0.021,100800.0,2116.8
2016-11-21 00:00:00,0.0201,0.0201,0.0191,0.0191,982060.0,18757.345999999998
2016-11-22 00:00:00,0.0191,0.0191,0.0153,0.0172,3350076.0,57621.3072
2016-11-23 00:00:00,0.0172,0.0191,0.0162,0.0162,6126155.0,99243.711
2016-11-24 00:00:00,0.0172,0.021,0.0162,0.0162,10876737.0,176203.1394
2016-11-25 00:00:00,0.0172,0.0172,0.0162,0.0162,3282320.0,53173.583999999995
2016-11-28 00:00:00,0.0162,0.0162,0.0162,0.0162,318049.0,5152.3938
2016-11-29 00:00:00,0.0162,0.0162,0.0153,0.0153,2942050.0,45013.365
2016-11-30 00:00:00,0.0153,0.0162,0.0153,0.0162,258296.0,4184.3952
2016-12-01 00:00:00,0.0162,0.0162,0.0153,0.0153,1042668.0,15952.820399999999
2016-12-02 00:00:00,0.0153,0.0162,0.0153,0.0153,441505.0,6755.0265
2016-12-05 00:00:00,0.0162,0.0172,0.0153,0.0153,371819.0,5688.8306999999995
2016-12-06 00:00:00,0.0162,0.0172,0.0162,0.0162,2791980.0,45230.076
2016-12-07 00:00:00,0.0172,0.0182,0.0162,0.0162,1853916.0,30033.439199999997
2016-12-08 00:00:00,0.0172,0.0172,0.0172,0.0172,403200.0,6935.04
2016-12-09 00:00:00,0.0162,0.0162,0.0162,0.0162,8366.0,135.5292
2016-12-12 00:00:00,0.0162,0.0162,0.0162,0.0162,339764.0,5504.176799999999
2016-12-13 00:00:00,0.0162,0.0172,0.0162,0.0172,979789.0,16852.3708
2016-12-14 00:00:00,0.0172,0.0172,0.0172,0.0172,201600.0,3467.52
2016-12-16 00:00:00,0.0162,0.0162,0.0143,0.0143,639308.0,9142.1044
2016-12-19 00:00:00,0.0153,0.0172,0.0153,0.0153,692273.0,10591.776899999999
2016-12-20 00:00:00,0.0153,0.0153,0.0143,0.0143,331259.0,4737.0037
2016-12-21 00:00:00,0.0143,0.0153,0.0143,0.0153,487555.0,7459.5914999999995
2016-12-22 00:00:00,0.0153,0.0153,0.0153,0.0153,96894.0,1482.4782
2016-12-23 00:00:00,0.0162,0.0162,0.0162,0.0162,369194.0,5980.9428
2016-12-28 00:00:00,0.0162,0.0162,0.0162,0.0162,27591.0,446.9742
2016-12-29 00:00:00,0.0162,0.0162,0.0162,0.0162,201600.0,3265.9199999999996
2017-01-03 00:00:00,0.0172,0.0172,0.0162,0.0162,203276.0,3293.0712
2017-01-04 00:00:00,0.0172,0.0172,0.0162,0.0162,1060505.0,17180.181
2017-01-05 00:00:00,0.0162,0.0162,0.0153,0.0153,100800.0,1542.24
2017-01-06 00:00:00,0.0162,0.0162,0.0162,0.0162,3030866.0,49100.0292
2017-01-09 00:00:00,0.022,0.0277,0.0201,0.0277,42970021.0,1190269.5817
2017-01-10 00:00:00,0.0306,0.0306,0.0239,0.0248,27785122.0,689071.0255999999
2017-01-11 00:00:00,0.0248,0.0258,0.0229,0.0229,10961476.0,251017.8004
2017-01-12 00:00:00,0.0229,0.0258,0.0229,0.0229,3662128.0,83862.7312
2017-01-13 00:00:00,0.0229,0.0239,0.0229,0.0229,1351310.0,30944.999
2017-01-16 00:00:00,0.0229,0.0277,0.0229,0.0267,6432190.0,171739.473
2017-01-17 00:00:00,0.0267,0.0267,0.0229,0.0229,2572725.0,58915.402500000004
2017-01-18 00:00:00,0.0239,0.0258,0.0229,0.0239,5516353.0,131840.8367
2017-01-19 00:00:00,0.0229,0.0229,0.0201,0.0201,9901227.0,199014.6627
2017-01-20 00:00:00,0.021,0.022,0.021,0.022,1751227.0,38526.994
2017-01-24 00:00:00,0.0229,0.0239,0.022,0.0239,4179211.0,99883.1429
2017-01-25 00:00:00,0.0248,0.0248,0.0239,0.0239,4607327.0,110115.1153
2017-01-27 00:00:00,0.0239,0.0239,0.0239,0.0239,201600.0,4818.24
2017-01-30 00:00:00,0.0239,0.0267,0.0239,0.0248,10336732.0,256350.95359999998
2017-01-31 00:00:00,0.0248,0.0258,0.0248,0.0258,2970405.0,76636.449
2017-02-01 00:00:00,0.0248,0.0248,0.0239,0.0248,7790422.0,193202.4656
2017-02-02 00:00:00,0.0248,0.0248,0.0248,0.0248,2157984.0,53518.0032
2017-02-03 00:00:00,0.0258,0.0267,0.0248,0.0258,9539949.0,246130.6842
2017-02-06 00:00:00,0.0248,0.0287,0.0248,0.0267,6708795.0,179124.82650000002
2017-02-07 00:00:00,0.0277,0.0277,0.0258,0.0267,3364452.0,89830.8684
2017-02-08 00:00:00,0.0277,0.0277,0.0258,0.0267,8685737.0,231909.1779
2017-02-09 00:00:00,0.0267,0.0267,0.0258,0.0267,1675132.0,44726.0244
2017-02-10 00:00:00,0.0267,0.0277,0.0258,0.0267,4328116.0,115560.69720000001
2017-02-13 00:00:00,0.0277,0.0277,0.0258,0.0258,5449037.0,140585.1546
2017-02-14 00:00:00,0.0258,0.0267,0.0258,0.0258,3949861.0,101906.4138
2017-02-15 00:00:00,0.0248,0.0258,0.0248,0.0258,5942606.0,153319.2348
2017-02-16 00:00:00,0.0248,0.0267,0.0248,0.0267,357146.0,9535.798200000001
2017-02-17 00:00:00,0.0277,0.0277,0.0258,0.0258,5644961.0,145639.9938
2017-02-20 00:00:00,0.0267,0.0267,0.0239,0.0239,4929294.0,117810.1266
2017-02-21 00:00:00,0.0239,0.0239,0.0229,0.0239,5157313.0,123259.7807
2017-02-22 00:00:00,0.0248,0.0248,0.0229,0.0239,3929463.0,93914.1657
2017-02-23 00:00:00,0.0248,0.0258,0.0248,0.0258,2400305.0,61927.869
2017-02-24 00:00:00,0.0258,0.0258,0.0248,0.0258,2409564.0,62166.7512
2017-02-27 00:00:00,0.0248,0.0248,0.0239,0.0239,1720987.0,41131.5893
2017-02-28 00:00:00,0.0239,0.0239,0.0229,0.0229,2475631.0,56691.9499
2017-03-01 00:00:00,0.022,0.022,0.0191,0.0191,2174258.0,41528.3278
2017-03-02 00:00:00,0.0201,0.0239,0.0201,0.022,2690414.0,59189.108
2017-03-03 00:00:00,0.0229,0.0239,0.022,0.022,595781.0,13107.181999999999
2017-03-06 00:00:00,0.0229,0.0239,0.0229,0.0239,1960539.0,46856.8821
2017-03-07 00:00:00,0.0229,0.0229,0.021,0.022,2506893.0,55151.64599999999
2017-03-08 00:00:00,0.0229,0.0229,0.021,0.021,1576719.0,33111.099
2017-03-09 00:00:00,0.021,0.0229,0.021,0.022,859656.0,18912.432
2017-03-10 00:00:00,0.021,0.022,0.021,0.022,1242534.0,27335.748
2017-03-13 00:00:00,0.022,0.0229,0.022,0.022,1846284.0,40618.248
2017-03-14 00:00:00,0.022,0.022,0.021,0.022,1899704.0,41793.488
2017-03-15 00:00:00,0.0229,0.0229,0.022,0.022,2624365.0,57736.03
2017-03-16 00:00:00,0.022,0.0239,0.022,0.0229,3899261.0,89293.0769
2017-03-17 00:00:00,0.0229,0.0248,0.0229,0.0239,1677573.0,40093.9947
2017-03-20 00:00:00,0.0239,0.0239,0.021,0.021,8544928.0,179443.488
2017-03-21 00:00:00,0.022,0.0229,0.021,0.021,1328545.0,27899.445000000003
2017-03-22 00:00:00,0.022,0.022,0.0201,0.0201,4371677.0,87870.7077
2017-03-23 00:00:00,0.0201,0.0201,0.0201,0.0201,1254134.0,25208.0934
2017-03-24 00:00:00,0.0205,0.021,0.0201,0.0201,2026305.0,40728.7305
2017-03-27 00:00:00,0.0201,0.0201,0.0201,0.0201,177291.0,3563.5491
2017-03-28 00:00:00,0.0201,0.0201,0.0201,0.0201,789233.0,15863.5833
2017-03-29 00:00:00,0.0201,0.0201,0.0201,0.0201,362193.0,7280.0793
2017-03-30 00:00:00,0.0191,0.0191,0.0191,0.0191,129024.0,2464.3584
2017-03-31 00:00:00,0.0191,0.0191,0.0191,0.0191,1195984.0,22843.2944
2017-04-03 00:00:00,0.0191,0.0191,0.0182,0.0182,464941.0,8461.9262
2017-04-04 00:00:00,0.0182,0.0182,0.0182,0.0182,1781644.0,32425.9208
2017-04-05 00:00:00,0.0182,0.021,0.0172,0.0172,3041004.0,52305.2688
2017-04-06 00:00:00,0.0182,0.0182,0.0172,0.0172,1762880.0,30321.536
2017-04-07 00:00:00,0.0172,0.0172,0.0172,0.0172,243138.0,4181.9736
2017-04-10 00:00:00,0.0172,0.0172,0.0172,0.0172,1069600.0,18397.12
2017-04-12 00:00:00,0.0172,0.0172,0.0172,0.0172,251443.0,4324.8196
2017-04-13 00:00:00,0.0172,0.0172,0.0172,0.0172,167565.0,2882.118
2017-04-18 00:00:00,0.0191,0.0191,0.0162,0.0162,2600157.0,42122.543399999995
2017-04-19 00:00:00,0.0172,0.0172,0.0153,0.0162,2241178.0,36307.0836
2017-04-20 00:00:00,0.0153,0.0153,0.0134,0.0134,9976773.0,133688.7582
2017-04-21 00:00:00,0.0134,0.0143,0.0124,0.0124,2350419.0,29145.1956
2017-04-24 00:00:00,0.0124,0.0134,0.0124,0.0134,1015611.0,13609.1874
2017-04-26 00:00:00,0.0134,0.0134,0.0124,0.0124,534701.0,6630.292399999999
2017-04-27 00:00:00,0.0124,0.0124,0.0105,0.0115,5325727.0,61245.8605
2017-04-28 00:00:00,0.0124,0.0134,0.0124,0.0134,3074936.0,41204.142400000004
2017-05-01 00:00:00,0.0134,0.0134,0.0115,0.0115,1335757.0,15361.2055
2017-05-02 00:00:00,0.0115,0.0124,0.0115,0.0124,1355230.0,16804.852
2017-05-03 00:00:00,0.0124,0.0124,0.0115,0.0115,1958134.0,22518.541
2017-05-04 00:00:00,0.0115,0.0115,0.0115,0.0115,1580498.0,18175.727
2017-05-05 00:00:00,0.0124,0.0124,0.0124,0.0124,1877236.0,23277.7264
2017-05-08 00:00:00,0.0115,0.0115,0.0105,0.0105,3024001.0,31752.0105
2017-05-09 00:00:00,0.0115,0.0115,0.0105,0.0105,1411459.0,14820.319500000001
2017-05-10 00:00:00,0.0115,0.0124,0.0115,0.0115,1583993.0,18215.9195
2017-05-11 00:00:00,0.0115,0.0124,0.0115,0.0115,665983.0,7658.8045
2017-05-12 00:00:00,0.0124,0.0124,0.0115,0.0115,2015258.0,23175.467
2017-05-16 00:00:00,0.0115,0.0115,0.0115,0.0115,480081.0,5520.9315
2017-05-17 00:00:00,0.0115,0.0124,0.0115,0.0124,1840334.0,22820.1416
2017-05-18 00:00:00,0.0115,0.0115,0.0105,0.0105,1889998.0,19844.979000000003
2017-05-19 00:00:00,0.0115,0.0115,0.0115,0.0115,821183.0,9443.6045
2017-05-23 00:00:00,0.0105,0.0115,0.0105,0.0115,3566302.0,41012.473
2017-05-24 00:00:00,0.0115,0.0115,0.0115,0.0115,1971362.0,22670.663
2017-05-25 00:00:00,0.0124,0.0124,0.0124,0.0124,3850058.0,47740.7192
2017-05-26 00:00:00,0.0134,0.0143,0.0134,0.0143,1604152.0,22939.3736
2017-05-29 00:00:00,0.0143,0.0143,0.0143,0.0143,131040.0,1873.872
2017-05-30 00:00:00,0.0143,0.0143,0.0124,0.0124,989081.0,12264.6044
2017-05-31 00:00:00,0.0124,0.0124,0.0124,0.0124,217096.0,2691.9903999999997
2017-06-01 00:00:00,0.0134,0.0134,0.0124,0.0124,766054.0,9499.069599999999
2017-06-02 00:00:00,0.0134,0.0134,0.0134,0.0134,83158.0,1114.3172
2017-06-05 00:00:00,0.0134,0.0134,0.0134,0.0134,405510.0,5433.834
2017-06-07 00:00:00,0.0124,0.0124,0.0124,0.0124,562924.0,6980.2576
2017-06-08 00:00:00,0.0124,0.0124,0.0115,0.0115,2440919.0,28070.5685
2017-06-09 00:00:00,0.0134,0.0134,0.0115,0.0134,191520.0,2566.368
2017-06-13 00:00:00,0.0124,0.0124,0.0115,0.0115,1237053.0,14226.1095
2017-06-14 00:00:00,0.0124,0.0124,0.0124,0.0124,197339.0,2447.0036
2017-06-15 00:00:00,0.0124,0.0124,0.0115,0.0115,4516859.0,51943.8785
2017-06-16 00:00:00,0.0115,0.0115,0.0105,0.0105,352800.0,3704.4
2017-06-19 00:00:00,0.0115,0.0115,0.0115,0.0115,2744936.0,31566.764
2017-06-20 00:00:00,0.0115,0.0115,0.0105,0.0115,1921728.0,22099.872
2017-06-21 00:00:00,0.0105,0.0105,0.0105,0.0105,1459463.0,15324.3615
2017-06-22 00:00:00,0.0105,0.0105,0.0105,0.0105,2231829.0,23434.2045
2017-06-23 00:00:00,0.0105,0.0105,0.0105,0.0105,1751382.0,18389.511000000002
2017-06-27 00:00:00,0.01,0.01,0.0096,0.0096,4141325.0,39756.719999999994
2017-06-28 00:00:00,0.0096,0.0096,0.0086,0.0096,10006912.0,96066.35519999999
2017-06-29 00:00:00,0.0096,0.0096,0.0086,0.0096,2449768.0,23517.7728
2017-06-30 00:00:00,0.0096,0.0096,0.0086,0.0086,4537152.0,39019.5072
2017-07-03 00:00:00,0.0086,0.0096,0.0086,0.0096,1073521.0,10305.801599999999
2017-07-04 00:00:00,0.0086,0.0086,0.0086,0.0086,1649391.0,14184.7626
2017-07-05 00:00:00,0.0096,0.0096,0.0096,0.0096,1008000.0,9676.8
2017-07-06 00:00:00,0.0096,0.0096,0.0096,0.0096,319713.0,3069.2448
2017-07-10 00:00:00,0.0096,0.0096,0.0096,0.0096,447678.0,4297.708799999999
2017-07-11 00:00:00,0.0105,0.0115,0.0105,0.0105,2608709.0,27391.4445
2017-07-12 00:00:00,0.0105,0.0105,0.0105,0.0105,512879.0,5385.2295
2017-07-18 00:00:00,0.0096,0.0096,0.0096,0.0096,1531587.0,14703.2352
2017-07-19 00:00:00,0.0096,0.0096,0.0096,0.0096,574.0,5.5104
2017-07-20 00:00:00,0.0086,0.0086,0.0086,0.0086,536608.0,4614.8288
2017-07-21 00:00:00,0.0096,0.0096,0.0096,0.0096,50400.0,483.84
2017-07-24 00:00:00,0.0096,0.0096,0.0096,0.0096,110880.0,1064.4479999999999
2017-07-25 00:00:00,0.0086,0.0096,0.0086,0.0096,231840.0,2225.6639999999998
2017-07-27 00:00:00,0.0096,0.0096,0.0096,0.0096,100800.0,967.68
2017-07-31 00:00:00,0.0086,0.0086,0.0086,0.0086,1172781.0,10085.9166
2017-08-01 00:00:00,0.0076,0.0096,0.0076,0.0096,1387195.0,13317.071999999998
2017-08-02 00:00:00,0.0086,0.0086,0.0086,0.0086,296604.0,2550.7944
2017-08-03 00:00:00,0.0086,0.0086,0.0086,0.0086,791784.0,6809.3424
2017-08-07 00:00:00,0.0096,0.0096,0.0086,0.0091,1498026.0,13632.036600000001
2017-08-09 00:00:00,0.0086,0.0086,0.0076,0.0076,2875647.0,21854.9172
2017-08-10 00:00:00,0.0076,0.0076,0.0076,0.0076,2254117.0,17131.2892
2017-08-11 00:00:00,0.0076,0.0076,0.0076,0.0076,175120.0,1330.912
2017-08-16 00:00:00,0.0086,0.0086,0.0086,0.0086,112000.0,963.2
2017-08-17 00:00:00,0.0086,0.0105,0.0086,0.0105,2762093.0,29001.9765
2017-08-18 00:00:00,0.0096,0.0096,0.0096,0.0096,655200.0,6289.919999999999
2017-08-21 00:00:00,0.0096,0.0105,0.0096,0.0096,1287437.0,12359.395199999999
2017-08-22 00:00:00,0.0096,0.0096,0.0096,0.0096,1681058.0,16138.156799999999
2017-08-25 00:00:00,0.0086,0.0086,0.0086,0.0086,1190751.0,10240.4586
2017-08-29 00:00:00,0.0096,0.0105,0.0096,0.0105,3299770.0,34647.585
2017-08-30 00:00:00,0.0096,0.0096,0.0096,0.0096,705600.0,6773.759999999999
2017-08-31 00:00:00,0.0086,0.0086,0.0086,0.0086,829620.0,7134.732
2017-09-01 00:00:00,0.0086,0.0086,0.0086,0.0086,1070831.0,9209.1466
2017-09-05 00:00:00,0.0086,0.0086,0.0086,0.0086,112000.0,963.2
2017-09-06 00:00:00,0.0076,0.0076,0.0076,0.0076,1101179.0,8368.9604
2017-09-07 00:00:00,0.0086,0.0086,0.0086,0.0086,90720.0,780.192
2017-09-08 00:00:00,0.0086,0.0086,0.0086,0.0086,132944.0,1143.3184
2017-09-11 00:00:00,0.0086,0.0086,0.0086,0.0086,811616.0,6979.8976
2017-09-12 00:00:00,0.0076,0.0076,0.0076,0.0076,1810712.0,13761.4112
2017-09-14 00:00:00,0.0086,0.0096,0.0086,0.0096,4645099.0,44592.950399999994
2017-09-15 00:00:00,0.0086,0.0086,0.0086,0.0086,3403555.0,29270.573
2017-09-18 00:00:00,0.0096,0.0096,0.0096,0.0096,203213.0,1950.8447999999999
2017-09-20 00:00:00,0.0086,0.0086,0.0086,0.0086,1358681.0,11684.6566
2017-09-26 00:00:00,0.0086,0.0086,0.0086,0.0086,1583904.0,13621.5744
2017-09-27 00:00:00,0.0096,0.0096,0.0096,0.0096,682431.0,6551.3376
2017-09-28 00:00:00,0.0096,0.0096,0.0086,0.0086,1001005.0,8608.643
2017-09-29 00:00:00,0.0086,0.0086,0.0086,0.0086,2110319.0,18148.7434
2017-10-02 00:00:00,0.0086,0.0086,0.0086,0.0086,306398.0,2635.0228
2017-10-03 00:00:00,0.0086,0.0086,0.0086,0.0086,447118.0,3845.2148
2017-10-04 00:00:00,0.0086,0.0086,0.0086,0.0086,951118.0,8179.6148
2017-10-05 00:00:00,0.0086,0.0086,0.0076,0.0076,25773797.0,195880.8572
2017-10-06 00:00:00,0.0086,0.0086,0.0086,0.0086,1016890.0,8745.254
2017-10-09 00:00:00,0.0086,0.0086,0.0086,0.0086,927704.0,7978.2544
2017-10-10 00:00:00,0.0086,0.0096,0.0086,0.0096,2721601.0,26127.369599999998
2017-10-11 00:00:00,0.0096,0.0096,0.0096,0.0096,2306015.0,22137.744
2017-10-12 00:00:00,0.0105,0.0105,0.0096,0.0096,971003.0,9321.628799999999
2017-10-13 00:00:00,0.0096,0.0096,0.0096,0.0096,909614.0,8732.294399999999
2017-10-16 00:00:00,0.0096,0.0096,0.0086,0.0086,5882119.0,50586.2234
2017-10-18 00:00:00,0.0096,0.0096,0.0086,0.0086,1203308.0,10348.4488
2017-10-19 00:00:00,0.0096,0.0124,0.0096,0.0124,9249087.0,114688.6788
2017-10-20 00:00:00,0.0124,0.0124,0.0115,0.0124,5779459.0,71665.2916
2017-10-23 00:00:00,0.0143,0.0143,0.0124,0.0134,10039550.0,134529.97
2017-10-24 00:00:00,0.0134,0.0134,0.0115,0.0115,3166017.0,36409.1955
2017-10-25 00:00:00,0.0115,0.0115,0.0115,0.0115,163182.0,1876.593
2017-10-30 00:00:00,0.0153,0.021,0.0143,0.0182,88845000.0,1616979.0
2017-10-31 00:00:00,0.0191,0.0258,0.0182,0.0229,66645139.0,1526173.6831
2017-11-01 00:00:00,0.0239,0.0239,0.021,0.021,15326418.0,321854.778
2017-11-02 00:00:00,0.0229,0.0267,0.0229,0.0239,19899584.0,475600.0576
2017-11-03 00:00:00,0.0248,0.0258,0.0239,0.0239,5950514.0,142217.2846
2017-11-06 00:00:00,0.0248,0.0258,0.0239,0.0239,7009362.0,167523.7518
2017-11-07 00:00:00,0.0248,0.0258,0.022,0.022,7832815.0,172321.93
2017-11-08 00:00:00,0.0229,0.0239,0.021,0.021,5876719.0,123411.099
2017-11-09 00:00:00,0.021,0.021,0.0191,0.0201,11367813.0,228493.0413
2017-11-10 00:00:00,0.0191,0.0229,0.0191,0.022,8391832.0,184620.304
2017-11-13 00:00:00,0.0248,0.0258,0.0239,0.0248,8374570.0,207689.33599999998
2017-11-14 00:00:00,0.0248,0.0258,0.0229,0.0229,8631372.0,197658.4188
2017-11-15 00:00:00,0.0267,0.0296,0.0248,0.0248,32341003.0,802056.8744
2017-11-16 00:00:00,0.0258,0.0267,0.0239,0.0239,7994280.0,191063.29200000002
2017-11-17 00:00:00,0.0248,0.0248,0.0239,0.0239,3934345.0,94030.84550000001
2017-11-20 00:00:00,0.0248,0.0248,0.0239,0.0248,6082432.0,150844.3136
2017-11-21 00:00:00,0.0248,0.0277,0.0248,0.0248,5366126.0,133079.9248
2017-11-22 00:00:00,0.0258,0.0258,0.0229,0.0239,6460606.0,154408.4834
2017-11-23 00:00:00,0.0248,0.0258,0.0239,0.0239,5537219.0,132339.53410000002
2017-11-24 00:00:00,0.0248,0.0258,0.0248,0.0248,2205757.0,54702.7736
2017-11-27 00:00:00,0.0277,0.0277,0.0258,0.0258,4343537.0,112063.2546
2017-11-28 00:00:00,0.0267,0.0267,0.0248,0.0248,4314762.0,107006.0976
2017-11-29 00:00:00,0.0258,0.0267,0.0258,0.0267,2182581.0,58274.9127
2017-11-30 00:00:00,0.0267,0.0267,0.0258,0.0258,4830215.0,124619.547
2017-12-01 00:00:00,0.0258,0.0325,0.0258,0.0325,23016625.0,748040.3125
2017-12-04 00:00:00,0.0334,0.043,0.0315,0.0401,29348162.0,1176861.2962
2017-12-05 00:00:00,0.0439,0.0468,0.0363,0.0373,22843642.0,852067.8466
2017-12-06 00:00:00,0.0373,0.0373,0.0325,0.0353,6133053.0,216496.77089999997
2017-12-07 00:00:00,0.0353,0.0353,0.0325,0.0334,2545608.0,85023.3072
2017-12-08 00:00:00,0.0334,0.0344,0.0296,0.0306,8616515.0,263665.359
2017-12-11 00:00:00,0.0334,0.0344,0.0306,0.0334,3887737.0,129850.4158
2017-12-12 00:00:00,0.0325,0.0344,0.0306,0.0325,7342526.0,238632.095
2017-12-13 00:00:00,0.0334,0.0373,0.0334,0.0344,3515937.0,120948.2328
2017-12-14 00:00:00,0.0353,0.0363,0.0334,0.0334,3195436.0,106727.5624
2017-12-15 00:00:00,0.0334,0.0334,0.0315,0.0315,2150947.0,67754.8305
2017-12-18 00:00:00,0.0325,0.0325,0.0306,0.0315,2085098.0,65680.587
2017-12-19 00:00:00,0.0325,0.0325,0.0315,0.0325,800464.0,26015.08
2017-12-20 00:00:00,0.0325,0.0363,0.0315,0.0334,2223363.0,74260.3242
2017-12-21 00:00:00,0.0334,0.0353,0.0334,0.0344,3240509.0,111473.5096
2017-12-22 00:00:00,0.0353,0.0401,0.0344,0.0392,6796667.0,266429.3464
2017-12-27 00:00:00,0.0392,0.0392,0.0363,0.0382,5226016.0,199633.8112
2017-12-28 00:00:00,0.0382,0.0459,0.0382,0.0459,12179908.0,559057.7772
2017-12-29 00:00:00,0.0459,0.0468,0.0411,0.042,6074171.0,255115.18200000003
2018-01-02 00:00:00,0.043,0.0497,0.043,0.0497,10547055.0,524188.6335
2018-01-03 00:00:00,0.0497,0.0516,0.0449,0.0468,7898554.0,369652.3272
2018-01-04 00:00:00,0.0478,0.0487,0.0459,0.0487,3455408.0,168278.3696
2018-01-05 00:00:00,0.0478,0.0535,0.0478,0.0478,7916532.0,378410.2296
2018-01-08 00:00:00,0.0516,0.0545,0.0497,0.0525,7778602.0,408376.605
2018-01-09 00:00:00,0.0525,0.0525,0.0468,0.0468,4287406.0,200650.60080000001
2018-01-10 00:00:00,0.0478,0.0487,0.0468,0.0468,2977290.0,139337.172
2018-01-11 00:00:00,0.0468,0.0487,0.0468,0.0468,2678678.0,125362.13040000001
2018-01-12 00:00:00,0.0468,0.0478,0.0468,0.0478,1592816.0,76136.6048
2018-01-15 00:00:00,0.0478,0.0487,0.0468,0.0478,3498050.0,167206.79
2018-01-16 00:00:00,0.0468,0.0506,0.0468,0.0506,4035885.0,204215.781
2018-01-17 00:00:00,0.0506,0.0506,0.0439,0.0439,5179615.0,227385.09850000002
2018-01-18 00:00:00,0.0497,0.0535,0.0468,0.0487,6557104.0,319330.9648
2018-01-19 00:00:00,0.0487,0.0487,0.042,0.0439,8907572.0,391042.4108
2018-01-22 00:00:00,0.0439,0.0439,0.0373,0.0382,6517305.0,248961.05099999998
2018-01-23 00:00:00,0.0382,0.0401,0.0382,0.0392,695698.0,27271.3616
2018-01-24 00:00:00,0.0401,0.042,0.0401,0.0411,2362465.0,97097.3115
2018-01-25 00:00:00,0.0411,0.0411,0.0392,0.0401,1537994.0,61673.5594
2018-01-29 00:00:00,0.0401,0.0411,0.0373,0.0411,2481783.0,102001.28129999999
2018-01-30 00:00:00,0.0401,0.0401,0.0373,0.0373,2419140.0,90233.922
2018-01-31 00:00:00,0.0373,0.0373,0.0334,0.0334,4855434.0,162171.4956
2018-02-01 00:00:00,0.0334,0.0363,0.0334,0.0353,1851315.0,65351.419499999996
2018-02-02 00:00:00,0.0363,0.0373,0.0353,0.0363,2033680.0,73822.584
2018-02-05 00:00:00,0.0344,0.0373,0.0334,0.0373,3293169.0,122835.2037
2018-02-06 00:00:00,0.0373,0.0373,0.0287,0.0315,5703160.0,179649.54
2018-02-07 00:00:00,0.0315,0.0353,0.0315,0.0325,2835249.0,92145.5925
2018-02-08 00:00:00,0.0344,0.0344,0.0315,0.0315,1019921.0,32127.5115
2018-02-09 00:00:00,0.0306,0.0315,0.0296,0.0315,1099339.0,34629.1785
2018-02-12 00:00:00,0.0344,0.0353,0.0334,0.0344,544320.0,18724.608
2018-02-13 00:00:00,0.0353,0.0353,0.0334,0.0334,307703.0,10277.2802
2018-02-14 00:00:00,0.0334,0.0353,0.0325,0.0353,4248061.0,149956.5533
2018-02-15 00:00:00,0.0363,0.0411,0.0363,0.0401,6222248.0,249512.14479999998
2018-02-16 00:00:00,0.0401,0.0401,0.0363,0.0373,1293897.0,48262.3581
2018-02-19 00:00:00,0.0401,0.0401,0.0353,0.0363,2872191.0,104260.5333
2018-02-20 00:00:00,0.0353,0.0363,0.0353,0.0353,919615.0,32462.409499999998
2018-02-21 00:00:00,0.0363,0.0363,0.0353,0.0353,510476.0,18019.802799999998
2018-02-22 00:00:00,0.0373,0.0392,0.0353,0.0373,4638333.0,173009.8209
2018-02-23 00:00:00,0.0382,0.0401,0.0382,0.0392,3848342.0,150855.00639999998
2018-02-26 00:00:00,0.0411,0.0439,0.0401,0.0401,5096251.0,204359.66509999998
2018-02-27 00:00:00,0.0392,0.0411,0.0392,0.0401,2002424.0,80297.2024
2018-02-28 00:00:00,0.0411,0.0411,0.0392,0.0392,735085.0,28815.332
2018-03-01 00:00:00,0.0392,0.0411,0.0382,0.0392,2493459.0,97743.5928
2018-03-02 00:00:00,0.0392,0.0392,0.0353,0.0363,2608708.0,94696.1004
2018-03-05 00:00:00,0.0373,0.0382,0.0373,0.0382,1439987.0,55007.503399999994
2018-03-06 00:00:00,0.0392,0.0392,0.0373,0.0373,3294043.0,122867.8039
2018-03-07 00:00:00,0.0373,0.0382,0.0373,0.0382,4255571.0,162562.8122
2018-03-08 00:00:00,0.0382,0.0401,0.0373,0.0373,1812136.0,67592.6728
2018-03-09 00:00:00,0.0382,0.0382,0.0373,0.0382,6249149.0,238717.4918
2018-03-12 00:00:00,0.0401,0.0401,0.0344,0.0363,8770624.0,318373.65119999996
2018-03-13 00:00:00,0.0363,0.0363,0.0315,0.0334,6304275.0,210562.785
2018-03-14 00:00:00,0.0344,0.0344,0.0325,0.0334,7084392.0,236618.6928
2018-03-15 00:00:00,0.0334,0.0353,0.0334,0.0334,3840670.0,128278.378
2018-03-16 00:00:00,0.0353,0.0373,0.0334,0.0373,3673773.0,137031.7329
2018-03-19 00:00:00,0.0373,0.0373,0.0353,0.0353,1082108.0,38198.4124
2018-03-20 00:00:00,0.0353,0.0392,0.0325,0.0334,10534465.0,351851.131
2018-03-21 00:00:00,0.0344,0.0353,0.0334,0.0334,1853882.0,61919.6588
2018-03-22 00:00:00,0.0334,0.0344,0.0334,0.0344,322215.0,11084.196
2018-03-23 00:00:00,0.0325,0.0325,0.0315,0.0315,3255425.0,102545.8875
2018-03-26 00:00:00,0.0353,0.0353,0.0325,0.0325,3910965.0,127106.3625
2018-03-27 00:00:00,0.0344,0.0353,0.0344,0.0344,984312.0,33860.3328
2018-03-28 00:00:00,0.0353,0.0363,0.0334,0.0334,1958816.0,65424.454399999995
2018-03-29 00:00:00,0.0334,0.0334,0.0334,0.0334,809364.0,27032.7576
2018-04-03 00:00:00,0.0334,0.0344,0.0334,0.0334,1445480.0,48279.032
2018-04-04 00:00:00,0.0363,0.0363,0.0344,0.0344,2291506.0,78827.8064
2018-04-05 00:00:00,0.0334,0.0334,0.0325,0.0325,2424406.0,78793.195
2018-04-06 00:00:00,0.0334,0.0334,0.0325,0.0334,739300.0,24692.62
2018-04-09 00:00:00,0.0325,0.0325,0.0325,0.0325,896516.0,29136.77
2018-04-10 00:00:00,0.0315,0.0315,0.0315,0.0315,229824.0,7239.456
2018-04-11 00:00:00,0.0325,0.0334,0.0315,0.0325,1781908.0,57912.01
2018-04-12 00:00:00,0.0325,0.0325,0.0325,0.0325,483213.0,15704.4225
2018-04-13 00:00:00,0.0315,0.0325,0.0315,0.0325,331851.0,10785.157500000001
2018-04-16 00:00:00,0.0325,0.0325,0.0325,0.0325,100800.0,3276.0
2018-04-17 00:00:00,0.0325,0.0325,0.0315,0.0315,612484.0,19293.246
2018-04-18 00:00:00,0.0315,0.0315,0.0267,0.0287,6233933.0,178913.8771
2018-04-19 00:00:00,0.0277,0.0277,0.0258,0.0267,3854676.0,102919.84920000001
2018-04-20 00:00:00,0.0267,0.0267,0.0239,0.0248,6007228.0,148979.2544
2018-04-23 00:00:00,0.0258,0.0277,0.0248,0.0258,3288938.0,84854.6004
2018-04-24 00:00:00,0.0267,0.0267,0.0258,0.0258,434316.0,11205.3528
2018-04-26 00:00:00,0.0267,0.0267,0.0258,0.0258,614200.0,15846.36
2018-04-27 00:00:00,0.0258,0.0258,0.0248,0.0248,582363.0,14442.6024
2018-04-30 00:00:00,0.0248,0.0248,0.0248,0.0248,160095.0,3970.3559999999998
2018-05-01 00:00:00,0.0258,0.0258,0.0239,0.0239,1271528.0,30389.519200000002
2018-05-02 00:00:00,0.0239,0.0239,0.0239,0.0239,504000.0,12045.6
2018-05-03 00:00:00,0.0239,0.0239,0.0229,0.0239,1070848.0,25593.267200000002
2018-05-04 00:00:00,0.0229,0.0239,0.0229,0.0229,971720.0,22252.388
2018-05-07 00:00:00,0.0239,0.0258,0.0239,0.0248,2363690.0,58619.511999999995
2018-05-08 00:00:00,0.0258,0.0258,0.0258,0.0258,835578.0,21557.9124
2018-05-09 00:00:00,0.0248,0.0287,0.0248,0.0287,3991362.0,114552.0894
2018-05-10 00:00:00,0.0287,0.0296,0.0277,0.0287,1982198.0,56889.0826
2018-05-11 00:00:00,0.0296,0.0296,0.0287,0.0287,999379.0,28682.1773
2018-05-14 00:00:00,0.0287,0.0287,0.0277,0.0277,664355.0,18402.6335
2018-05-15 00:00:00,0.0267,0.0267,0.0258,0.0258,604800.0,15603.84
2018-05-16 00:00:00,0.0267,0.0267,0.0267,0.0267,399636.0,10670.281200000001
2018-05-17 00:00:00,0.0267,0.0267,0.0267,0.0267,25200.0,672.84
2018-05-18 00:00:00,0.0277,0.0277,0.0267,0.0267,88704.0,2368.3968
2018-05-21 00:00:00,0.0267,0.0277,0.0267,0.0267,246486.0,6581.176200000001
2018-05-22 00:00:00,0.0267,0.0267,0.0229,0.0229,4536662.0,103889.5598
2018-05-23 00:00:00,0.0239,0.0239,0.0229,0.0229,563294.0,12899.4326
2018-05-24 00:00:00,0.0267,0.0287,0.0267,0.0267,7070175.0,188773.67250000002
2018-05-25 00:00:00,0.0277,0.0296,0.0267,0.0296,3675989.0,108809.27440000001
2018-05-28 00:00:00,0.0296,0.0315,0.0296,0.0315,2721892.0,85739.598
2018-05-29 00:00:00,0.0334,0.0382,0.0334,0.0382,9390453.0,358715.3046
2018-05-30 00:00:00,0.0373,0.0382,0.0353,0.0363,6261344.0,227286.7872
2018-05-31 00:00:00,0.0382,0.0382,0.0344,0.0344,4592989.0,157998.8216
2018-06-01 00:00:00,0.0344,0.0344,0.0334,0.0344,284147.0,9774.6568
2018-06-04 00:00:00,0.0344,0.0344,0.0325,0.0325,436722.0,14193.465
2018-06-05 00:00:00,0.0334,0.0344,0.0325,0.0334,1609718.0,53764.5812
2018-06-06 00:00:00,0.0325,0.0344,0.0325,0.0344,962750.0,33118.6
2018-06-07 00:00:00,0.0344,0.0344,0.0315,0.0325,1555381.0,50549.8825
2018-06-08 00:00:00,0.0334,0.0334,0.0325,0.0334,1811591.0,60507.1394
2018-06-12 00:00:00,0.0334,0.0334,0.0315,0.0315,1378720.0,43429.68
2018-06-13 00:00:00,0.0325,0.0325,0.0315,0.0315,1280670.0,40341.105
2018-06-14 00:00:00,0.0315,0.0325,0.0296,0.0296,4561634.0,135024.3664
2018-06-15 00:00:00,0.0296,0.0296,0.0287,0.0287,660527.0,18957.1249
2018-06-20 00:00:00,0.0287,0.0296,0.0277,0.0296,1872217.0,55417.6232
2018-06-21 00:00:00,0.0287,0.0287,0.0277,0.0277,1917970.0,53127.769
2018-06-22 00:00:00,0.0267,0.0267,0.0267,0.0267,1354619.0,36168.327300000004
2018-06-25 00:00:00,0.0267,0.0277,0.0267,0.0277,392754.0,10879.2858
2018-06-26 00:00:00,0.0277,0.0277,0.0258,0.0258,2816478.0,72665.1324
2018-06-27 00:00:00,0.0258,0.0258,0.0258,0.0258,2937366.0,75784.0428
2018-06-28 00:00:00,0.0267,0.0267,0.0258,0.0258,4634181.0,119561.8698
2018-06-29 00:00:00,0.0258,0.0267,0.0258,0.0267,4042162.0,107925.72540000001
2018-07-02 00:00:00,0.0267,0.0277,0.0258,0.0277,4148388.0,114910.3476
2018-07-03 00:00:00,0.0287,0.0287,0.0267,0.0277,4242387.0,117514.11989999999
2018-07-04 00:00:00,0.0277,0.0277,0.0277,0.0277,1074925.0,29775.4225
2018-07-05 00:00:00,0.0277,0.0287,0.0277,0.0287,1512001.0,43394.4287
2018-07-06 00:00:00,0.0287,0.0287,0.0277,0.0287,1046160.0,30024.792
2018-07-09 00:00:00,0.0277,0.0277,0.0258,0.0258,711579.0,18358.7382
2018-07-10 00:00:00,0.0267,0.0287,0.0267,0.0287,1862468.0,53452.8316
2018-07-11 00:00:00,0.0277,0.0287,0.0277,0.0287,111533.0,3200.9971
2018-07-12 00:00:00,0.0277,0.0287,0.0267,0.0287,2682647.0,76991.96889999999
2018-07-13 00:00:00,0.0277,0.0277,0.0248,0.0258,5843598.0,150764.8284
2018-07-16 00:00:00,0.0258,0.0277,0.0258,0.0277,2706113.0,74959.33009999999
2018-07-17 00:00:00,0.0277,0.0277,0.0277,0.0277,166118.0,4601.4686
2018-07-18 00:00:00,0.0267,0.0277,0.0267,0.0267,509087.0,13592.6229
2018-07-19 00:00:00,0.0258,0.0277,0.0258,0.0267,832005.0,22214.5335
2018-07-20 00:00:00,0.0258,0.0258,0.0258,0.0258,821446.0,21193.3068
2018-07-23 00:00:00,0.0258,0.0258,0.0248,0.0248,357649.0,8869.6952
2018-07-24 00:00:00,0.0248,0.0248,0.0248,0.0248,453947.0,11257.8856
2018-07-25 00:00:00,0.0258,0.0258,0.0258,0.0258,800246.0,20646.3468
2018-07-26 00:00:00,0.0258,0.0258,0.0248,0.0248,236880.0,5874.624
2018-07-27 00:00:00,0.0248,0.0258,0.0248,0.0258,932337.0,24054.2946
2018-07-30 00:00:00,0.0267,0.0287,0.0267,0.0287,6223144.0,178604.2328
2018-07-31 00:00:00,0.0277,0.0277,0.0258,0.0258,1039670.0,26823.486
2018-08-01 00:00:00,0.0267,0.0277,0.0258,0.0277,2218713.0,61458.350099999996
2018-08-02 00:00:00,0.0267,0.0267,0.0239,0.0239,5776352.0,138054.8128
2018-08-03 00:00:00,0.0239,0.0258,0.0239,0.0258,1406720.0,36293.376
2018-08-06 00:00:00,0.0258,0.0258,0.0258,0.0258,2653893.0,68470.4394
2018-08-07 00:00:00,0.0258,0.0258,0.0258,0.0258,1171622.0,30227.8476
2018-08-08 00:00:00,0.0248,0.0258,0.0239,0.0239,1721511.0,41144.1129
2018-08-09 00:00:00,0.0248,0.0248,0.0248,0.0248,490756.0,12170.7488
2018-08-10 00:00:00,0.0258,0.0267,0.0258,0.0267,2784086.0,74335.0962
2018-08-13 00:00:00,0.0267,0.0267,0.0267,0.0267,262799.0,7016.733300000001
2018-08-14 00:00:00,0.0267,0.0267,0.0248,0.0267,355519.0,9492.3573
2018-08-15 00:00:00,0.0258,0.0267,0.0258,0.0267,161557.0,4313.5719
2018-08-16 00:00:00,0.0258,0.0267,0.0258,0.0267,152462.0,4070.7354
2018-08-17 00:00:00,0.0267,0.0296,0.0258,0.0258,4659354.0,120211.3332
2018-08-20 00:00:00,0.0267,0.0277,0.0258,0.0277,2264780.0,62734.405999999995
2018-08-21 00:00:00,0.0277,0.0296,0.0277,0.0287,1667815.0,47866.2905
2018-08-22 00:00:00,0.0287,0.0315,0.0267,0.0315,5857868.0,184522.842
2018-08-23 00:00:00,0.0315,0.0325,0.0296,0.0306,5277433.0,161489.4498
2018-08-24 00:00:00,0.0315,0.0315,0.0287,0.0296,2845058.0,84213.71680000001
2018-08-27 00:00:00,0.0296,0.0306,0.0287,0.0296,1135671.0,33615.861600000004
2018-08-28 00:00:00,0.0296,0.0296,0.0291,0.0296,176844.0,5234.5824
2018-08-29 00:00:00,0.0296,0.0334,0.0296,0.0315,6014611.0,189460.2465
2018-08-30 00:00:00,0.0325,0.0325,0.0306,0.0306,2945254.0,90124.7724
2018-08-31 00:00:00,0.0306,0.0306,0.0282,0.0306,6310047.0,193087.4382
2018-09-04 00:00:00,0.0325,0.0325,0.0287,0.0287,15595258.0,447583.9046
2018-09-05 00:00:00,0.0296,0.0306,0.0248,0.0258,8101565.0,209020.377
2018-09-06 00:00:00,0.0267,0.0267,0.0258,0.0258,1901306.0,49053.6948
2018-09-07 00:00:00,0.0267,0.0267,0.0258,0.0267,1535856.0,41007.355200000005
2018-09-10 00:00:00,0.0267,0.0277,0.0267,0.0277,1150999.0,31882.6723
2018-09-11 00:00:00,0.0267,0.0267,0.0267,0.0267,19628.0,524.0676000000001
2018-09-12 00:00:00,0.0267,0.0267,0.0258,0.0258,2220202.0,57281.2116
2018-09-13 00:00:00,0.0258,0.0258,0.0248,0.0248,1057124.0,26216.675199999998
2018-09-14 00:00:00,0.0248,0.0258,0.0248,0.0258,1845947.0,47625.4326
2018-09-19 00:00:00,0.0277,0.0287,0.0258,0.0258,6440464.0,166163.9712
2018-09-20 00:00:00,0.0267,0.0267,0.0248,0.0258,327600.0,8452.08
2018-09-21 00:00:00,0.0267,0.0267,0.0239,0.0239,4479029.0,107048.79310000001
2018-09-24 00:00:00,0.0248,0.0258,0.0248,0.0248,506649.0,12564.895199999999
2018-09-25 00:00:00,0.0239,0.0239,0.0239,0.0239,64512.0,1541.8368
2018-09-26 00:00:00,0.0248,0.0248,0.0248,0.0248,196651.0,4876.9448
2018-09-27 00:00:00,0.0258,0.0258,0.0239,0.0239,1035206.0,24741.4234
2018-09-28 00:00:00,0.0248,0.0248,0.0248,0.0248,80640.0,1999.8719999999998
2018-10-01 00:00:00,0.0248,0.0248,0.0248,0.0248,20160.0,499.96799999999996
2018-10-02 00:00:00,0.0248,0.0258,0.0239,0.0239,825962.0,19740.4918
2018-10-03 00:00:00,0.0248,0.0258,0.0248,0.0248,637933.0,15820.7384
2018-10-04 00:00:00,0.0248,0.0248,0.0239,0.0239,850867.0,20335.7213
2018-10-05 00:00:00,0.0239,0.0248,0.0239,0.0248,751868.0,18646.326399999998
2018-10-08 00:00:00,0.0248,0.0267,0.0248,0.0258,2166514.0,55896.0612
2018-10-09 00:00:00,0.0258,0.0258,0.0248,0.0258,1660190.0,42832.902
2018-10-10 00:00:00,0.0258,0.0258,0.0248,0.0258,1283147.0,33105.1926
2018-10-11 00:00:00,0.0267,0.0267,0.0229,0.0239,2992299.0,71515.9461
2018-10-12 00:00:00,0.0239,0.0239,0.0239,0.0239,383778.0,9172.2942
2018-10-16 00:00:00,0.0248,0.0248,0.0239,0.0248,519347.0,12879.8056
2018-10-17 00:00:00,0.0248,0.0248,0.0248,0.0248,159117.0,3946.1016
2018-10-18 00:00:00,0.0248,0.0248,0.0248,0.0248,1070644.0,26551.9712
2018-10-19 00:00:00,0.0239,0.0239,0.0239,0.0239,338937.0,8100.594300000001
2018-10-22 00:00:00,0.0239,0.0239,0.0229,0.0229,1414609.0,32394.5461
2018-10-23 00:00:00,0.0229,0.0229,0.022,0.022,820739.0,18056.257999999998
2018-10-24 00:00:00,0.022,0.0239,0.022,0.0239,1074835.0,25688.556500000002
2018-10-25 00:00:00,0.0229,0.0229,0.022,0.0229,998462.0,22864.7798
2018-10-26 00:00:00,0.022,0.0229,0.021,0.0229,925679.0,21198.0491
2018-10-29 00:00:00,0.022,0.022,0.0191,0.022,1119384.0,24626.448
2018-10-30 00:00:00,0.0201,0.022,0.0191,0.0191,623121.0,11901.6111
2018-10-31 00:00:00,0.0201,0.0201,0.0201,0.0201,501053.0,10071.1653
2018-11-01 00:00:00,0.022,0.022,0.021,0.022,5289904.0,116377.88799999999
2018-11-02 00:00:00,0.022,0.022,0.0201,0.0201,5661489.0,113795.9289
2018-11-05 00:00:00,0.021,0.021,0.0201,0.0201,1227909.0,24680.9709
2018-11-06 00:00:00,0.021,0.022,0.021,0.022,1151358.0,25329.876
2018-11-07 00:00:00,0.021,0.022,0.021,0.022,112636.0,2477.9919999999997
2018-11-08 00:00:00,0.022,0.022,0.022,0.022,1053361.0,23173.942
2018-11-09 00:00:00,0.022,0.022,0.021,0.021,223377.0,4690.917
2018-11-12 00:00:00,0.022,0.0239,0.022,0.0229,1442095.0,33023.9755
2018-11-13 00:00:00,0.0239,0.0248,0.0229,0.0229,3345084.0,76602.4236
2018-11-14 00:00:00,0.0239,0.0248,0.0229,0.0229,2798159.0,64077.8411
2018-11-15 00:00:00,0.0229,0.0229,0.022,0.022,1095664.0,24104.608
2018-11-16 00:00:00,0.022,0.022,0.021,0.022,217202.0,4778.4439999999995
2018-11-19 00:00:00,0.0229,0.0229,0.0229,0.0229,2044397.0,46816.6913
2018-11-20 00:00:00,0.0248,0.0248,0.0229,0.0229,765244.0,17524.0876
2018-11-21 00:00:00,0.0239,0.0239,0.021,0.021,4344167.0,91227.50700000001
2018-11-22 00:00:00,0.022,0.022,0.022,0.022,114714.0,2523.7079999999996
2018-11-23 00:00:00,0.022,0.0229,0.022,0.0229,1124416.0,25749.1264
2018-11-26 00:00:00,0.0229,0.0239,0.022,0.022,2198581.0,48368.782
2018-11-27 00:00:00,0.0229,0.0239,0.0229,0.0239,1778311.0,42501.632900000004
2018-11-28 00:00:00,0.0248,0.0248,0.0239,0.0248,1492779.0,37020.9192
2018-11-29 00:00:00,0.0248,0.0248,0.0248,0.0248,374060.0,9276.688
2018-11-30 00:00:00,0.0248,0.0248,0.0239,0.0239,576994.0,13790.1566
2018-12-03 00:00:00,0.0239,0.0248,0.0239,0.0248,498212.0,12355.6576
2018-12-04 00:00:00,0.0248,0.0258,0.0248,0.0248,3265098.0,80974.4304
2018-12-05 00:00:00,0.0239,0.0239,0.0229,0.0229,1027431.0,23528.1699
2018-12-06 00:00:00,0.0239,0.0239,0.0229,0.0229,372904.0,8539.5016
2018-12-07 00:00:00,0.0229,0.0229,0.022,0.022,1008000.0,22176.0
2018-12-10 00:00:00,0.0229,0.0229,0.022,0.022,193557.0,4258.254
2018-12-11 00:00:00,0.022,0.022,0.021,0.021,600227.0,12604.767000000002
2018-12-12 00:00:00,0.022,0.022,0.021,0.021,725883.0,15243.543000000001
2018-12-13 00:00:00,0.022,0.0229,0.022,0.0229,1650352.0,37793.0608
2018-12-14 00:00:00,0.0229,0.0229,0.022,0.022,397173.0,8737.805999999999
2018-12-17 00:00:00,0.022,0.0229,0.022,0.022,1002065.0,22045.43
2018-12-18 00:00:00,0.0239,0.0248,0.0239,0.0239,4054312.0,96898.0568
2018-12-19 00:00:00,0.0239,0.0239,0.0229,0.0229,741942.0,16990.4718
2018-12-20 00:00:00,0.0229,0.0229,0.022,0.022,1115603.0,24543.266
2018-12-21 00:00:00,0.022,0.0239,0.022,0.0239,1688302.0,40350.4178
2018-12-24 00:00:00,0.0229,0.0229,0.022,0.022,733456.0,16136.032
2018-12-27 00:00:00,0.022,0.022,0.022,0.022,434011.0,9548.242
2018-12-28 00:00:00,0.0229,0.0229,0.0229,0.0229,490721.0,11237.5109
2018-12-31 00:00:00,0.0239,0.0239,0.0229,0.0229,231634.0,5304.4186
2019-01-02 00:00:00,0.0239,0.0248,0.0239,0.0248,862259.0,21384.0232
2019-01-03 00:00:00,0.0248,0.0248,0.0248,0.0248,175392.0,4349.7216
2019-01-04 00:00:00,0.0239,0.0248,0.0239,0.0248,212672.0,5274.2656
2019-01-07 00:00:00,0.0229,0.0239,0.0229,0.0239,645789.0,15434.357100000001
2019-01-08 00:00:00,0.0239,0.0248,0.0239,0.0239,1179883.0,28199.203700000002
2019-01-09 00:00:00,0.0239,0.0239,0.0229,0.0239,99497.0,2377.9783
2019-01-10 00:00:00,0.0239,0.0239,0.0229,0.0229,1196666.0,27403.6514
2019-01-11 00:00:00,0.0229,0.0229,0.0229,0.0229,114504.0,2622.1416
2019-01-14 00:00:00,0.0239,0.0248,0.0239,0.0239,344832.0,8241.4848
2019-01-15 00:00:00,0.0229,0.0229,0.0229,0.0229,695922.0,15936.613800000001
2019-01-16 00:00:00,0.022,0.022,0.022,0.022,146174.0,3215.828
2019-01-17 00:00:00,0.0229,0.0239,0.0229,0.0229,509258.0,11662.0082
2019-01-18 00:00:00,0.0229,0.0239,0.0229,0.0229,1287672.0,29487.6888
2019-01-21 00:00:00,0.0229,0.0229,0.022,0.022,86688.0,1907.136
2019-01-22 00:00:00,0.0239,0.0239,0.0239,0.0239,1139440.0,27232.616
2019-01-23 00:00:00,0.0229,0.0239,0.0229,0.0229,407711.0,9336.5819
2019-01-24 00:00:00,0.0229,0.0229,0.0229,0.0229,275930.0,6318.7970000000005
2019-01-25 00:00:00,0.0229,0.0239,0.0229,0.0229,1652613.0,37844.837700000004
2019-01-29 00:00:00,0.0229,0.0239,0.0229,0.0229,1590815.0,36429.6635
2019-01-30 00:00:00,0.0229,0.0239,0.0229,0.0239,4091447.0,97785.5833
2019-01-31 00:00:00,0.0239,0.0239,0.022,0.022,3389693.0,74573.246
2019-02-01 00:00:00,0.022,0.0239,0.022,0.0229,3855250.0,88285.225
2019-02-04 00:00:00,0.0239,0.0239,0.0229,0.0229,2410694.0,55204.8926
2019-02-05 00:00:00,0.0239,0.0248,0.0229,0.0229,7702316.0,176383.0364
2019-02-06 00:00:00,0.0239,0.0239,0.0239,0.0239,1610937.0,38501.3943
2019-02-07 00:00:00,0.0229,0.0239,0.0229,0.0239,1299916.0,31067.992400000003
2019-02-08 00:00:00,0.0239,0.0239,0.0229,0.0229,82656.0,1892.8224
2019-02-11 00:00:00,0.0239,0.0239,0.0229,0.0239,457295.0,10929.3505
2019-02-14 00:00:00,0.0229,0.0229,0.0201,0.0201,7152585.0,143766.9585
2019-02-15 00:00:00,0.021,0.021,0.021,0.021,3682264.0,77327.54400000001
2019-02-18 00:00:00,0.021,0.021,0.021,0.021,344882.0,7242.522000000001
2019-02-19 00:00:00,0.021,0.021,0.0201,0.0201,1805102.0,36282.5502
2019-02-20 00:00:00,0.0201,0.021,0.0201,0.0201,685500.0,13778.55
2019-02-21 00:00:00,0.0202,0.0212,0.0202,0.0212,45637.0,967.5044
2019-02-22 00:00:00,0.0212,0.0212,0.0212,0.0212,1111567.0,23565.2204
2019-02-25 00:00:00,0.0212,0.0212,0.0202,0.0202,2372800.0,47930.56
2019-02-26 00:00:00,0.0202,0.0202,0.0193,0.0193,4005426.0,77304.7218
2019-02-27 00:00:00,0.0197,0.0197,0.0193,0.0193,147500.0,2846.75
2019-02-28 00:00:00,0.0202,0.0202,0.0193,0.0193,1033666.0,19949.753800000002
2019-03-01 00:00:00,0.0202,0.0202,0.0193,0.0193,119287.0,2302.2391000000002
2019-03-04 00:00:00,0.0202,0.0202,0.0193,0.0202,1980250.0,40001.049999999996
2019-03-05 00:00:00,0.0202,0.0202,0.0193,0.0193,450000.0,8685.0
2019-03-06 00:00:00,0.0193,0.0202,0.0193,0.0193,637265.0,12299.2145
2019-03-07 00:00:00,0.0193,0.0202,0.0193,0.0202,2191857.0,44275.511399999996
2019-03-08 00:00:00,0.0202,0.0202,0.0193,0.0202,2711587.0,54774.0574
2019-03-11 00:00:00,0.0202,0.0202,0.0193,0.0202,4060357.0,82019.2114
2019-03-12 00:00:00,0.0202,0.0212,0.0193,0.0202,1769859.0,35751.1518
2019-03-13 00:00:00,0.0202,0.0202,0.0202,0.0202,2047619.0,41361.9038
2019-03-14 00:00:00,0.0202,0.0202,0.0202,0.0202,4079582.0,82407.5564
2019-03-15 00:00:00,0.0193,0.0202,0.0193,0.0193,2671555.0,51561.0115
2019-03-18 00:00:00,0.0193,0.0202,0.0193,0.0202,1112093.0,22464.278599999998
2019-03-19 00:00:00,0.0212,0.0212,0.0212,0.0212,2085906.0,44221.2072
2019-03-20 00:00:00,0.0212,0.0212,0.0193,0.0193,4311095.0,83204.13350000001
2019-03-21 00:00:00,0.0193,0.0193,0.0193,0.0193,3585678.0,69203.58540000001
2019-03-22 00:00:00,0.0202,0.0202,0.0193,0.0193,1077341.0,20792.6813
2019-03-25 00:00:00,0.0193,0.0193,0.0193,0.0193,4485830.0,86576.519
2019-03-26 00:00:00,0.0193,0.0193,0.0193,0.0193,2446190.0,47211.467000000004
2019-03-27 00:00:00,0.0193,0.0202,0.0193,0.0202,782366.0,15803.7932
2019-03-28 00:00:00,0.0193,0.0202,0.0193,0.0193,995547.0,19214.0571
2019-03-29 00:00:00,0.0193,0.0193,0.0183,0.0183,3854769.0,70542.2727
2019-04-01 00:00:00,0.0188,0.0202,0.0188,0.0193,2064621.0,39847.185300000005
2019-04-02 00:00:00,0.0193,0.0202,0.0193,0.0193,3276357.0,63233.69010000001
2019-04-03 00:00:00,0.0193,0.0193,0.0193,0.0193,7460158.0,143981.04940000002
2019-04-04 00:00:00,0.0212,0.0212,0.0193,0.0202,18947754.0,382744.6308
2019-04-05 00:00:00,0.0202,0.0212,0.0193,0.0212,8195157.0,173737.3284
2019-04-08 00:00:00,0.0212,0.0212,0.0212,0.0212,6912485.0,146544.682
2019-04-09 00:00:00,0.0212,0.0221,0.0212,0.0212,15571158.0,330108.5496
2019-04-10 00:00:00,0.0212,0.0212,0.0202,0.0202,3735260.0,75452.252
2019-04-11 00:00:00,0.0207,0.0221,0.0202,0.0212,5165048.0,109499.0176
2019-04-12 00:00:00,0.0221,0.0221,0.0212,0.0212,4210358.0,89259.5896
2019-04-15 00:00:00,0.0221,0.026,0.0221,0.026,28930950.0,752204.7
2019-04-16 00:00:00,0.0279,0.0279,0.025,0.025,21473292.0,536832.3
2019-04-17 00:00:00,0.025,0.026,0.0231,0.0231,6184921.0,142871.6751
2019-04-18 00:00:00,0.0241,0.026,0.0241,0.025,12949616.0,323740.4
2019-04-23 00:00:00,0.026,0.027,0.026,0.027,10826306.0,292310.262
2019-04-24 00:00:00,0.027,0.027,0.025,0.025,7489205.0,187230.125
2019-04-26 00:00:00,0.026,0.026,0.025,0.026,7189594.0,186929.444
2019-04-29 00:00:00,0.0279,0.0289,0.027,0.0279,22135568.0,617582.3472000001
2019-04-30 00:00:00,0.0279,0.0289,0.026,0.026,12780220.0,332285.72
2019-05-01 00:00:00,0.026,0.027,0.026,0.027,4789437.0,129314.799
2019-05-02 00:00:00,0.0279,0.0327,0.0279,0.0299,52501047.0,1569781.3053
2019-05-03 00:00:00,0.0318,0.0395,0.0318,0.0385,50975464.0,1962555.364
2019-05-06 00:00:00,0.0424,0.053,0.0424,0.0481,52457879.0,2523223.9798999997
2019-05-07 00:00:00,0.0462,0.0491,0.0414,0.0462,49469146.0,2285474.5452
2019-05-08 00:00:00,0.0462,0.0501,0.0443,0.0472,18288766.0,863229.7552
2019-05-09 00:00:00,0.0549,0.077,0.0539,0.077,119814357.0,9225705.489
2019-05-10 00:00:00,0.0847,0.0857,0.0655,0.0684,89720780.0,6136901.352
2019-05-13 00:00:00,0.0703,0.0751,0.0664,0.0713,33901906.0,2417205.8978
2019-05-14 00:00:00,0.0703,0.0847,0.0693,0.0809,55424197.0,4483817.5373
2019-05-15 00:00:00,0.0809,0.0886,0.077,0.077,59681746.0,4595494.442
2019-05-16 00:00:00,0.079,0.0819,0.079,0.0799,12013868.0,959908.0532
2019-05-17 00:00:00,0.0819,0.0867,0.0799,0.0809,16547671.0,1338706.5839
2019-05-20 00:00:00,0.1011,0.1059,0.0896,0.0963,76996356.0,7414749.0828
2019-05-21 00:00:00,0.0944,0.1011,0.0886,0.0886,47785089.0,4233758.8854
2019-05-22 00:00:00,0.0896,0.0915,0.0838,0.0838,27706976.0,2321844.5888
2019-05-23 00:00:00,0.0857,0.0867,0.0838,0.0847,8123994.0,688102.2918
2019-05-24 00:00:00,0.0847,0.0953,0.0838,0.0886,18023528.0,1596884.5807999999
2019-05-27 00:00:00,0.0924,0.0987,0.0896,0.0963,26031386.0,2506822.4718
2019-05-28 00:00:00,0.1011,0.1156,0.0987,0.1156,30536371.0,3530004.4875999996
2019-05-29 00:00:00,0.1156,0.1204,0.1059,0.1107,27090050.0,2998868.535
2019-05-30 00:00:00,0.1107,0.1107,0.1035,0.1059,7711989.0,816699.6351
2019-05-31 00:00:00,0.1107,0.1107,0.1011,0.1011,9692983.0,979960.5813
2019-06-03 00:00:00,0.1107,0.1156,0.0915,0.0944,30499405.0,2879143.832
2019-06-04 00:00:00,0.0953,0.0987,0.0896,0.0905,16662514.0,1507957.517
2019-06-05 00:00:00,0.0934,0.1011,0.0915,0.0953,12324674.0,1174541.4322
2019-06-06 00:00:00,0.0963,0.1011,0.0934,0.0953,10906701.0,1039408.6052999999
2019-06-07 00:00:00,0.0953,0.1011,0.0953,0.1011,8805855.0,890271.9404999999
2019-06-11 00:00:00,0.0963,0.1011,0.0963,0.0963,10843856.0,1044263.3328
2019-06-12 00:00:00,0.0963,0.1011,0.0963,0.0963,7445820.0,717032.466
2019-06-13 00:00:00,0.0963,0.1059,0.0944,0.1059,12292470.0,1301772.5729999999
2019-06-14 00:00:00,0.1059,0.1156,0.1059,0.1107,10275682.0,1137517.9974
2019-06-17 00:00:00,0.1156,0.1156,0.1107,0.1156,2385999.0,275821.4844
2019-06-18 00:00:00,0.1156,0.1204,0.1107,0.1107,9467186.0,1048017.4902000001
2019-06-19 00:00:00,0.1107,0.1131,0.1011,0.1011,4714077.0,476593.1847
2019-06-20 00:00:00,0.1011,0.1059,0.1011,0.1059,4152267.0,439725.07529999997
2019-06-21 00:00:00,0.1059,0.1107,0.1011,0.1059,3217704.0,340754.8536
2019-06-24 00:00:00,0.1059,0.1107,0.1011,0.1011,7511830.0,759446.0129999999
2019-06-25 00:00:00,0.1059,0.1059,0.0963,0.1011,4697925.0,474960.21749999997
2019-06-26 00:00:00,0.0963,0.1011,0.0915,0.0953,14780937.0,1408623.2961
2019-06-27 00:00:00,0.0953,0.0953,0.0924,0.0934,4413661.0,412235.9374
2019-06-28 00:00:00,0.0924,0.0987,0.0924,0.0963,4679620.0,450647.40599999996
2019-07-01 00:00:00,0.0963,0.1011,0.0963,0.0963,5254161.0,505975.7043
2019-07-02 00:00:00,0.0963,0.1107,0.0963,0.1059,11875635.0,1257629.7465
2019-07-03 00:00:00,0.1059,0.1059,0.1011,0.1059,2541399.0,269134.1541
2019-07-04 00:00:00,0.1059,0.1059,0.1011,0.1011,3136866.0,317137.1526
2019-07-05 00:00:00,0.1059,0.1059,0.1011,0.1011,1787438.0,180709.98179999998
2019-07-09 00:00:00,0.1156,0.1156,0.1011,0.1011,20745813.0,2097401.6943
2019-07-10 00:00:00,0.1059,0.1083,0.1011,0.1059,8083891.0,856084.0569
2019-07-11 00:00:00,0.1059,0.1059,0.1011,0.1011,5115205.0,517147.2255
2019-07-12 00:00:00,0.1011,0.1131,0.1011,0.1107,9336824.0,1033586.4168
2019-07-15 00:00:00,0.1107,0.1156,0.1059,0.1107,5051293.0,559178.1351000001
2019-07-16 00:00:00,0.1107,0.1156,0.1059,0.1156,5065701.0,585595.0356
2019-07-17 00:00:00,0.1156,0.1348,0.1107,0.13,28514412.0,3706873.56
2019-07-18 00:00:00,0.1348,0.1444,0.13,0.1348,15423607.0,2079102.2236000001
2019-07-19 00:00:00,0.13,0.1444,0.1252,0.1444,10073825.0,1454660.33
2019-07-22 00:00:00,0.1396,0.1661,0.13,0.1589,34858001.0,5538936.3589
2019-07-23 00:00:00,0.1637,0.1733,0.1396,0.1444,24752969.0,3574328.7236
2019-07-24 00:00:00,0.1493,0.1589,0.1444,0.1493,7884173.0,1177107.0288999998
2019-07-25 00:00:00,0.1493,0.1637,0.1396,0.1396,14529210.0,2028277.716
2019-07-26 00:00:00,0.1396,0.1493,0.1348,0.1444,12985226.0,1875066.6344
2019-07-29 00:00:00,0.1444,0.1493,0.1348,0.1396,8279034.0,1155753.1464
2019-07-30 00:00:00,0.1396,0.1444,0.13,0.1348,6219705.0,838416.234
2019-08-02 00:00:00,0.1252,0.1348,0.1204,0.1348,14515946.0,1956749.5208
2019-08-05 00:00:00,0.1348,0.1444,0.13,0.13,7366026.0,957583.38
2019-08-06 00:00:00,0.1252,0.13,0.1156,0.1252,11212045.0,1403748.034
2019-08-07 00:00:00,0.13,0.13,0.1156,0.1204,8572900.0,1032177.1599999999
2019-08-08 00:00:00,0.1156,0.118,0.1059,0.1107,16807840.0,1860627.888
2019-08-09 00:00:00,0.1107,0.1156,0.1059,0.1107,9842508.0,1089565.6356000002
2019-08-12 00:00:00,0.1107,0.1107,0.1059,0.1059,3705323.0,392393.7057
2019-08-13 00:00:00,0.1059,0.1083,0.0987,0.1011,13566189.0,1371541.7079
2019-08-14 00:00:00,0.1011,0.118,0.1011,0.1156,20641488.0,2386156.0127999997
2019-08-15 00:00:00,0.1011,0.1083,0.1011,0.1059,8665911.0,917719.9748999999
2019-08-16 00:00:00,0.1059,0.1107,0.1011,0.1059,4796219.0,507919.59209999995
2019-08-19 00:00:00,0.1059,0.1059,0.1011,0.1059,3022227.0,320053.8393
2019-08-20 00:00:00,0.1059,0.1059,0.0963,0.1011,6002170.0,606819.387
2019-08-21 00:00:00,0.1011,0.1083,0.1011,0.1059,5816979.0,616018.0761
2019-08-22 00:00:00,0.1059,0.1107,0.1011,0.1059,5240994.0,555021.2646
2019-08-23 00:00:00,0.1059,0.1059,0.1011,0.1011,4666684.0,471801.7524
2019-08-26 00:00:00,0.0963,0.0987,0.0905,0.0944,20273828.0,1913849.3632
2019-08-27 00:00:00,0.0953,0.1011,0.0924,0.0953,13885746.0,1323311.5938
2019-08-28 00:00:00,0.0963,0.0963,0.0905,0.0915,16610104.0,1519824.516
2019-08-29 00:00:00,0.0896,0.0896,0.078,0.0809,33631074.0,2720753.8866
2019-08-30 00:00:00,0.0828,0.0896,0.0819,0.0867,12973689.0,1124818.8363
2019-09-02 00:00:00,0.0905,0.0944,0.0896,0.0905,8358644.0,756457.282
2019-09-03 00:00:00,0.0905,0.0915,0.0857,0.0857,5949624.0,509882.7768
2019-09-04 00:00:00,0.0847,0.0886,0.0843,0.0867,6290037.0,545346.2079
2019-09-05 00:00:00,0.0867,0.0867,0.0828,0.0828,5743124.0,475530.66719999997
2019-09-06 00:00:00,0.0838,0.0867,0.0828,0.0828,4183960.0,346431.888
2019-09-09 00:00:00,0.0847,0.0934,0.0838,0.0934,6919750.0,646304.65
2019-09-10 00:00:00,0.0934,0.1107,0.0924,0.1011,12536779.0,1267468.3569
2019-09-11 00:00:00,0.1011,0.1059,0.0924,0.0924,7801813.0,720887.5212
2019-09-12 00:00:00,0.0944,0.1011,0.0924,0.0944,6872057.0,648722.1808
2019-09-13 00:00:00,0.0944,0.1011,0.0924,0.0953,11263226.0,1073385.4378
2019-09-16 00:00:00,0.0934,0.1011,0.0896,0.0953,8790072.0,837693.8616
2019-09-17 00:00:00,0.0963,0.1011,0.0944,0.0944,7599282.0,717372.2208
2019-09-18 00:00:00,0.0934,0.0934,0.0905,0.0905,4158545.0,376348.3225
2019-09-19 00:00:00,0.0915,0.0915,0.0896,0.0896,4524062.0,405355.95519999997
2019-09-20 00:00:00,0.0896,0.0915,0.0896,0.0896,2977642.0,266796.7232
2019-09-23 00:00:00,0.0896,0.0924,0.0896,0.0915,4268048.0,390526.392
2019-09-24 00:00:00,0.0915,0.1011,0.0905,0.0953,11110962.0,1058874.6786
2019-09-25 00:00:00,0.0953,0.1011,0.0944,0.0944,5730189.0,540929.8416
2019-09-26 00:00:00,0.0963,0.1011,0.0944,0.0953,7558409.0,720316.3777
2019-09-27 00:00:00,0.0963,0.0987,0.0934,0.0944,4320639.0,407868.32159999997
2019-09-30 00:00:00,0.0953,0.0963,0.0934,0.0944,3235155.0,305398.632
2019-10-01 00:00:00,0.0944,0.0963,0.0934,0.0934,3756414.0,350849.0676
2019-10-02 00:00:00,0.0934,0.0953,0.0924,0.0953,4326552.0,412320.4056
2019-10-03 00:00:00,0.0934,0.0944,0.0924,0.0924,2848797.0,263228.8428
2019-10-04 00:00:00,0.0924,0.0934,0.0896,0.0915,4513802.0,413012.883
2019-10-07 00:00:00,0.0915,0.0915,0.0867,0.0867,5502858.0,477097.78859999997
2019-10-08 00:00:00,0.0886,0.0944,0.0886,0.0886,5807632.0,514556.1952
2019-10-09 00:00:00,0.0886,0.0905,0.0876,0.0876,2619133.0,229436.0508
2019-10-10 00:00:00,0.0886,0.0896,0.0876,0.0876,2163831.0,189551.5956
2019-10-11 00:00:00,0.0905,0.0915,0.0886,0.0886,3764165.0,333505.019
2019-10-14 00:00:00,0.0915,0.0987,0.0896,0.0963,7249828.0,698158.4364
2019-10-15 00:00:00,0.0963,0.1011,0.0953,0.0963,9212038.0,887119.2594
2019-10-16 00:00:00,0.0963,0.1011,0.0963,0.0963,5994067.0,577228.6521
2019-10-17 00:00:00,0.0963,0.1011,0.0934,0.0953,5156376.0,491402.63279999996
2019-10-18 00:00:00,0.0953,0.0987,0.0944,0.0944,8241378.0,777986.0832
2019-10-21 00:00:00,0.0963,0.0987,0.0953,0.0963,6757136.0,650712.1968
2019-10-22 00:00:00,0.0963,0.0987,0.0953,0.0953,6812270.0,649209.331
2019-10-23 00:00:00,0.0963,0.1011,0.0953,0.0953,7292983.0,695021.2799
2019-10-24 00:00:00,0.0963,0.0987,0.0953,0.0963,3800490.0,365987.187
2019-10-25 00:00:00,0.0963,0.0987,0.0934,0.0944,6927344.0,653941.2736
2019-10-28 00:00:00,0.0963,0.1011,0.0944,0.1011,5849086.0,591342.5946
2019-10-29 00:00:00,0.1011,0.1059,0.0987,0.1059,9302763.0,985162.6017
2019-10-30 00:00:00,0.1059,0.1107,0.1011,0.1011,6655629.0,672884.0919
2019-10-31 00:00:00,0.1011,0.1059,0.1011,0.1059,2268579.0,240242.51609999998
2019-11-01 00:00:00,0.1059,0.1059,0.0963,0.1011,4775212.0,482773.93319999997
2019-11-04 00:00:00,0.1011,0.1059,0.0963,0.1011,2788464.0,281913.7104
2019-11-05 00:00:00,0.1059,0.1059,0.0953,0.0953,10989149.0,1047265.8997
2019-11-06 00:00:00,0.1011,0.1011,0.0934,0.0944,6731680.0,635470.592
2019-11-07 00:00:00,0.0953,0.0987,0.0944,0.0953,2895876.0,275976.9828
2019-11-08 00:00:00,0.0953,0.0963,0.0934,0.0934,4585422.0,428278.41479999997
2019-11-11 00:00:00,0.0934,0.0934,0.0915,0.0915,4879690.0,446491.635
2019-11-12 00:00:00,0.0924,0.0924,0.0905,0.0905,2295515.0,207744.10749999998
2019-11-13 00:00:00,0.0905,0.0915,0.0867,0.0867,6816045.0,590951.1015
2019-11-14 00:00:00,0.0867,0.0867,0.0847,0.0847,2856351.0,241932.92969999998
2019-11-15 00:00:00,0.0847,0.0886,0.0847,0.0857,3004444.0,257480.8508
2019-11-18 00:00:00,0.0876,0.0876,0.0857,0.0857,2214874.0,189814.7018
2019-11-19 00:00:00,0.0857,0.0867,0.0828,0.0828,5623503.0,465626.04839999997
2019-11-20 00:00:00,0.0828,0.0838,0.0761,0.0809,10659321.0,862339.0689
2019-11-21 00:00:00,0.0799,0.0819,0.079,0.079,4963211.0,392093.669
2019-11-22 00:00:00,0.0799,0.0819,0.079,0.0809,3701894.0,299483.2246
2019-11-25 00:00:00,0.0819,0.0819,0.078,0.078,5998669.0,467896.182
2019-11-26 00:00:00,0.079,0.0809,0.077,0.0799,1431027.0,114339.0573
2019-11-27 00:00:00,0.0819,0.0828,0.078,0.079,5393700.0,426102.3
2019-11-28 00:00:00,0.079,0.0838,0.079,0.0819,6107405.0,500196.4695
2019-11-29 00:00:00,0.0828,0.0915,0.0828,0.0905,9339387.0,845214.5235
2019-12-02 00:00:00,0.0896,0.0896,0.0799,0.0828,13047380.0,1080323.064
2019-12-03 00:00:00,0.0799,0.0828,0.078,0.0799,7227555.0,577481.6444999999
2019-12-04 00:00:00,0.0799,0.0799,0.078,0.078,2765624.0,215718.672
2019-12-05 00:00:00,0.078,0.079,0.078,0.079,1815102.0,143393.058
2019-12-06 00:00:00,0.0799,0.0799,0.077,0.077,1541487.0,118694.499
2019-12-09 00:00:00,0.077,0.0819,0.077,0.0809,1755137.0,141990.5833
2019-12-10 00:00:00,0.0799,0.0799,0.078,0.078,1249145.0,97433.31
2019-12-11 00:00:00,0.079,0.0799,0.078,0.078,928319.0,72408.882
2019-12-12 00:00:00,0.0799,0.0799,0.077,0.079,2060856.0,162807.624
2019-12-13 00:00:00,0.0799,0.0838,0.0799,0.0828,3794498.0,314184.43439999997
2019-12-16 00:00:00,0.0819,0.0828,0.0799,0.0809,3791045.0,306695.5405
2019-12-17 00:00:00,0.0819,0.0828,0.0809,0.0819,1486815.0,121770.1485
2019-12-18 00:00:00,0.0819,0.0819,0.0809,0.0819,1406576.0,115198.5744
2019-12-19 00:00:00,0.0819,0.0819,0.0799,0.0799,1641027.0,131118.0573
2019-12-20 00:00:00,0.0799,0.0819,0.0799,0.0809,788776.0,63811.9784
2019-12-23 00:00:00,0.0809,0.0809,0.079,0.079,2033333.0,160633.307
2019-12-24 00:00:00,0.0799,0.0799,0.078,0.078,2624768.0,204731.904
2019-12-27 00:00:00,0.079,0.0867,0.079,0.0838,6928278.0,580589.6964
2019-12-30 00:00:00,0.0838,0.0867,0.0828,0.0838,2953133.0,247472.5454
2019-12-31 00:00:00,0.0838,0.0847,0.0819,0.0838,1615817.0,135405.4646
2020-01-02 00:00:00,0.0838,0.0847,0.0819,0.0828,695046.0,57549.8088
2020-01-03 00:00:00,0.0828,0.0876,0.0828,0.0867,4047305.0,350901.3435
2020-01-06 00:00:00,0.0857,0.0857,0.0819,0.0838,3346961.0,280475.3318
2020-01-07 00:00:00,0.0799,0.0819,0.0799,0.0799,4884457.0,390268.1143
2020-01-08 00:00:00,0.0809,0.0809,0.079,0.079,2031030.0,160451.37
2020-01-09 00:00:00,0.0809,0.0838,0.0799,0.0828,2206990.0,182738.772
2020-01-10 00:00:00,0.0828,0.0828,0.0799,0.0799,1302930.0,104104.107
2020-01-13 00:00:00,0.0809,0.0819,0.0799,0.0819,1167260.0,95598.594
2020-01-14 00:00:00,0.0828,0.0876,0.0828,0.0857,4419034.0,378711.21379999997
2020-01-15 00:00:00,0.0867,0.0915,0.0852,0.0876,6809293.0,596494.0668
2020-01-16 00:00:00,0.0876,0.0896,0.0847,0.0886,2128284.0,188565.9624
2020-01-17 00:00:00,0.0886,0.0924,0.0876,0.0886,3402007.0,301417.8202
2020-01-20 00:00:00,0.0886,0.0896,0.0867,0.0876,3480835.0,304921.146
2020-01-21 00:00:00,0.0876,0.0886,0.0857,0.0857,1217512.0,104340.7784
2020-01-22 00:00:00,0.0886,0.0886,0.0847,0.0876,1719315.0,150611.994
2020-01-23 00:00:00,0.0876,0.0896,0.0857,0.0867,3750800.0,325194.36
2020-01-24 00:00:00,0.0867,0.0867,0.0847,0.0867,2109010.0,182851.167
2020-01-28 00:00:00,0.0847,0.0847,0.0819,0.0819,3089700.0,253046.43
2020-01-29 00:00:00,0.0828,0.0867,0.0809,0.0819,3458147.0,283222.2393
2020-01-30 00:00:00,0.0819,0.0819,0.0799,0.0809,1495780.0,121008.602
2020-01-31 00:00:00,0.0799,0.0809,0.079,0.0809,1752471.0,141774.9039
2020-02-03 00:00:00,0.0799,0.0799,0.0722,0.077,6378164.0,491118.62799999997
2020-02-04 00:00:00,0.077,0.077,0.0732,0.0761,3155973.0,240169.5453
2020-02-05 00:00:00,0.0799,0.0847,0.079,0.0828,7149616.0,591988.2048
2020-02-06 00:00:00,0.0838,0.0867,0.0819,0.0828,7472789.0,618746.9292
2020-02-07 00:00:00,0.0838,0.0876,0.0838,0.0867,4435378.0,384547.2726
2020-02-10 00:00:00,0.0876,0.1011,0.0876,0.0963,18564352.0,1787747.0976
2020-02-11 00:00:00,0.1011,0.1011,0.0953,0.0953,3610518.0,344082.3654
2020-02-13 00:00:00,0.1156,0.1156,0.0963,0.1011,16182812.0,1636082.2932
2020-02-14 00:00:00,0.1011,0.1107,0.0987,0.1059,6452909.0,683363.0630999999
2020-02-17 00:00:00,0.1107,0.1204,0.1107,0.1204,14657175.0,1764723.8699999999
2020-02-18 00:00:00,0.1204,0.1204,0.1107,0.1156,6037025.0,697880.09
2020-02-19 00:00:00,0.1107,0.13,0.1107,0.1252,8764295.0,1097289.734
2020-02-20 00:00:00,0.1444,0.1493,0.1348,0.1396,20163807.0,2814867.4572
2020-02-21 00:00:00,0.1396,0.1469,0.1348,0.1348,10548971.0,1422001.2908
2020-02-24 00:00:00,0.1348,0.1348,0.1156,0.1156,10853410.0,1254654.196
2020-02-25 00:00:00,0.1011,0.1348,0.1011,0.13,21726973.0,2824506.49
2020-02-26 00:00:00,0.1204,0.13,0.1204,0.1204,5176760.0,623281.904
2020-02-27 00:00:00,0.1204,0.13,0.1059,0.1107,12247281.0,1355774.0067
2020-02-28 00:00:00,0.1059,0.1107,0.1011,0.1059,14594449.0,1545552.1490999998
2020-03-02 00:00:00,0.1011,0.1083,0.0953,0.1059,15501070.0,1641563.3129999998
2020-03-03 00:00:00,0.1107,0.1156,0.1011,0.1059,7623259.0,807303.1281
2020-03-04 00:00:00,0.1059,0.1059,0.1011,0.1011,2859421.0,289087.4631
2020-03-05 00:00:00,0.1107,0.1107,0.1059,0.1107,4928651.0,545601.6657
2020-03-06 00:00:00,0.1107,0.1107,0.1011,0.1059,5693524.0,602944.1916
2020-03-09 00:00:00,0.1011,0.1059,0.0876,0.0876,14179947.0,1242163.3572
2020-03-10 00:00:00,0.0828,0.0924,0.0761,0.0905,19464754.0,1761560.237
2020-03-11 00:00:00,0.0963,0.1011,0.0828,0.0838,10984544.0,920504.7872
2020-03-12 00:00:00,0.0847,0.0886,0.0809,0.0847,7028092.0,595279.3924
2020-03-13 00:00:00,0.0799,0.0828,0.0751,0.0828,12164063.0,1007184.4164
2020-03-16 00:00:00,0.0838,0.0838,0.0751,0.077,8678670.0,668257.59
2020-03-17 00:00:00,0.0741,0.0819,0.0722,0.079,7020718.0,554636.722
2020-03-18 00:00:00,0.079,0.079,0.0732,0.0751,5630200.0,422828.02
2020-03-19 00:00:00,0.0741,0.0741,0.0655,0.0655,11540362.0,755893.711
2020-03-20 00:00:00,0.0664,0.0722,0.0664,0.0664,5152825.0,342147.58
2020-03-23 00:00:00,0.0626,0.0626,0.051,0.0539,12242139.0,659851.2921000001
2020-03-24 00:00:00,0.052,0.0597,0.052,0.0587,7792423.0,457415.23010000004
2020-03-25 00:00:00,0.0645,0.0664,0.0568,0.0578,4468901.0,258302.4778
2020-03-26 00:00:00,0.0607,0.0684,0.0607,0.0664,3884389.0,257923.4296
2020-03-27 00:00:00,0.0693,0.0732,0.0616,0.0645,9640910.0,621838.6950000001
2020-03-30 00:00:00,0.0645,0.0645,0.0568,0.0587,6832918.0,401092.2866
2020-03-31 00:00:00,0.0674,0.0674,0.0626,0.0645,4808952.0,310177.404
2020-04-01 00:00:00,0.0645,0.0722,0.0636,0.0713,4059190.0,289420.24700000003
2020-04-02 00:00:00,0.0722,0.0732,0.0674,0.0732,2314471.0,169419.2772
2020-04-03 00:00:00,0.0732,0.0732,0.0674,0.0674,2914018.0,196404.8132
2020-04-06 00:00:00,0.0713,0.0722,0.0674,0.0713,2329848.0,166118.1624
2020-04-07 00:00:00,0.0741,0.0751,0.0684,0.0703,5951165.0,418366.8995
2020-04-08 00:00:00,0.0684,0.0741,0.0684,0.0732,2753118.0,201528.2376
2020-04-09 00:00:00,0.0732,0.0751,0.0732,0.0741,2220368.0,164529.2688
2020-04-14 00:00:00,0.0751,0.0761,0.0741,0.0751,2105359.0,158112.4609
2020-04-15 00:00:00,0.077,0.0905,0.077,0.0876,9166000.0,802941.6
2020-04-16 00:00:00,0.0905,0.1011,0.0886,0.0963,25291874.0,2435607.4662
2020-04-17 00:00:00,0.1011,0.1011,0.0944,0.0963,10249198.0,986997.7674
2020-04-20 00:00:00,0.1011,0.1131,0.0963,0.1107,9132794.0,1011000.2958000001
2020-04-21 00:00:00,0.1107,0.1156,0.1011,0.1011,5364529.0,542353.8818999999
2020-04-22 00:00:00,0.1059,0.1059,0.1011,0.1059,4700697.0,497803.8123
2020-04-23 00:00:00,0.1011,0.1059,0.1011,0.1011,1228687.0,124220.2557
2020-04-24 00:00:00,0.1059,0.1107,0.1011,0.1059,4563678.0,483293.50019999995
2020-04-27 00:00:00,0.1059,0.1059,0.1011,0.1059,3024402.0,320284.1718
2020-04-28 00:00:00,0.1059,0.1059,0.1011,0.1011,485035.0,49037.038499999995
2020-04-29 00:00:00,0.1059,0.1059,0.0963,0.1011,5566410.0,562764.051
2020-04-30 00:00:00,0.1011,0.1059,0.0963,0.1011,1796126.0,181588.3386
2020-05-01 00:00:00,0.1011,0.1059,0.1011,0.1011,1281912.0,129601.3032
2020-05-04 00:00:00,0.1011,0.1059,0.0963,0.0963,4156607.0,400281.25409999996
2020-05-05 00:00:00,0.1011,0.1011,0.0963,0.0963,811200.0,78118.56
2020-05-06 00:00:00,0.1011,0.1156,0.1011,0.1156,8731772.0,1009392.8432
2020-05-07 00:00:00,0.1156,0.1204,0.1059,0.1059,7629533.0,807967.5447
2020-05-08 00:00:00,0.1107,0.1156,0.1059,0.1156,3212218.0,371332.4008
2020-05-11 00:00:00,0.1059,0.1156,0.1011,0.1107,12686218.0,1404364.3326
2020-05-12 00:00:00,0.1107,0.1107,0.1011,0.1011,2783741.0,281436.2151
2020-05-13 00:00:00,0.1059,0.1107,0.1011,0.1059,5736982.0,607546.3938
2020-05-14 00:00:00,0.1011,0.1059,0.0963,0.0963,4394728.0,423212.3064
2020-05-15 00:00:00,0.1059,0.1059,0.1011,0.1011,2194980.0,221912.478
2020-05-18 00:00:00,0.1059,0.1059,0.1011,0.1011,1526899.0,154369.4889
2020-05-19 00:00:00,0.1059,0.1107,0.1059,0.1059,5833820.0,617801.538
2020-05-20 00:00:00,0.1059,0.1107,0.1059,0.1059,4893187.0,518188.5033
2020-05-21 00:00:00,0.1107,0.1107,0.1059,0.1059,2057528.0,217892.21519999998
2020-05-22 00:00:00,0.1083,0.1107,0.1059,0.1107,3644923.0,403492.9761
2020-05-25 00:00:00,0.1107,0.1228,0.1107,0.1156,9763171.0,1128622.5676
2020-05-26 00:00:00,0.1204,0.1276,0.118,0.1204,10117025.0,1218089.8099999998
2020-05-27 00:00:00,0.1204,0.1204,0.1156,0.1156,2039355.0,235749.438
2020-05-28 00:00:00,0.1156,0.1204,0.1107,0.1156,3347615.0,386984.294
2020-05-29 00:00:00,0.1204,0.1252,0.1156,0.1204,4416458.0,531741.5432
2020-06-01 00:00:00,0.1204,0.1252,0.1204,0.1252,1233741.0,154464.3732
2020-06-02 00:00:00,0.1252,0.1252,0.1156,0.1156,2550407.0,294827.0492
2020-06-03 00:00:00,0.1156,0.1204,0.1156,0.1156,910315.0,105232.41399999999
2020-06-04 00:00:00,0.1204,0.1228,0.1204,0.1204,3300047.0,397325.6588
2020-06-05 00:00:00,0.1204,0.1252,0.1156,0.1252,4002843.0,501155.9436
2020-06-09 00:00:00,0.1252,0.13,0.1204,0.1204,8364655.0,1007104.4619999999
2020-06-10 00:00:00,0.1204,0.1252,0.118,0.1204,3107024.0,374085.6896
2020-06-11 00:00:00,0.1204,0.1252,0.1107,0.1156,6952662.0,803727.7272
2020-06-12 00:00:00,0.1059,0.1059,0.1011,0.1011,11235298.0,1135888.6278
2020-06-15 00:00:00,0.1059,0.1059,0.0963,0.0963,4980103.0,479583.9189
2020-06-16 00:00:00,0.1059,0.1083,0.1011,0.1059,3392489.0,359264.58509999997
2020-06-17 00:00:00,0.1059,0.1059,0.1011,0.1011,934012.0,94428.61319999999
2020-06-18 00:00:00,0.1011,0.1011,0.1011,0.1011,1463911.0,148001.4021
2020-06-19 00:00:00,0.1011,0.1059,0.0963,0.0963,4959068.0,477558.2484
2020-06-22 00:00:00,0.0963,0.1011,0.0963,0.1011,720072.0,72799.27919999999
2020-06-23 00:00:00,0.1011,0.1011,0.0963,0.0963,2523203.0,242984.4489
2020-06-24 00:00:00,0.1011,0.1059,0.0963,0.1011,4037076.0,408148.3836
2020-06-25 00:00:00,0.1011,0.1059,0.1011,0.1011,1257387.0,127121.8257
2020-06-26 00:00:00,0.1059,0.1059,0.1011,0.1059,1204473.0,127553.69069999999
2020-06-29 00:00:00,0.1059,0.1059,0.0987,0.0987,2715030.0,267973.461
2020-06-30 00:00:00,0.1011,0.1011,0.0987,0.1011,1185766.0,119880.9426
2020-07-01 00:00:00,0.1011,0.1011,0.0987,0.1011,1658810.0,167705.691
2020-07-02 00:00:00,0.1011,0.1011,0.0963,0.1011,2070434.0,209320.8774
2020-07-03 00:00:00,0.1011,0.1011,0.1011,0.1011,1078522.0,109038.57419999999
2020-07-06 00:00:00,0.1011,0.1059,0.1011,0.1011,1642016.0,166007.81759999998
2020-07-07 00:00:00,0.1011,0.1059,0.1011,0.1059,1908692.0,202130.4828
2020-07-08 00:00:00,0.1059,0.1059,0.1011,0.1011,2679098.0,270856.8078
2020-07-09 00:00:00,0.1011,0.1059,0.1011,0.1059,1703354.0,180385.1886
2020-07-10 00:00:00,0.1059,0.1204,0.1059,0.1204,5896911.0,709988.0843999999
2020-07-13 00:00:00,0.1204,0.1252,0.1156,0.1156,7125631.0,823722.9436
2020-07-14 00:00:00,0.1156,0.1156,0.1107,0.1156,4592169.0,530854.7363999999
2020-07-15 00:00:00,0.1156,0.1252,0.1107,0.1204,6759677.0,813865.1107999999
2020-07-16 00:00:00,0.1204,0.1204,0.1156,0.1156,2059569.0,238086.1764
2020-07-17 00:00:00,0.1204,0.1204,0.1156,0.1156,314289.0,36331.8084
2020-07-20 00:00:00,0.1156,0.1204,0.1156,0.1204,2734036.0,329177.93439999997
2020-07-21 00:00:00,0.1156,0.13,0.1156,0.13,8154160.0,1060040.8
2020-07-22 00:00:00,0.13,0.1324,0.1204,0.1204,8540458.0,1028271.1431999999
2020-07-23 00:00:00,0.1252,0.13,0.1252,0.13,2310218.0,300328.34
2020-07-24 00:00:00,0.13,0.1348,0.1276,0.13,3111793.0,404533.09
2020-07-27 00:00:00,0.13,0.13,0.1204,0.1204,4042270.0,486689.30799999996
2020-07-28 00:00:00,0.1252,0.1252,0.1204,0.1252,3053785.0,382333.88200000004
2020-07-29 00:00:00,0.1252,0.1252,0.1204,0.1204,3123081.0,376018.95239999995
2020-07-30 00:00:00,0.1204,0.1204,0.1204,0.1204,1978467.0,238207.4268
2020-07-31 00:00:00,0.1252,0.1252,0.1156,0.1156,1135799.0,131298.3644
2020-08-03 00:00:00,0.1204,0.1228,0.1156,0.1156,1964392.0,227083.71519999998
2020-08-04 00:00:00,0.1156,0.1204,0.1156,0.1204,660082.0,79473.8728
2020-08-05 00:00:00,0.1204,0.1204,0.1156,0.1156,1094296.0,126500.6176
2020-08-06 00:00:00,0.1156,0.1204,0.1156,0.1204,870344.0,104789.4176
2020-08-07 00:00:00,0.1204,0.1204,0.1156,0.1156,1722044.0,199068.28639999998
2020-08-10 00:00:00,0.1156,0.1204,0.1156,0.1204,1551811.0,186838.04439999998
2020-08-11 00:00:00,0.1204,0.1204,0.118,0.1204,1189895.0,143263.35799999998
2020-08-12 00:00:00,0.1204,0.1204,0.1156,0.1156,4241934.0,490367.57039999997
2020-08-13 00:00:00,0.1156,0.1204,0.1156,0.1204,3399362.0,409283.1848
2020-08-14 00:00:00,0.1204,0.1252,0.1204,0.1204,4065651.0,489504.38039999997
2020-08-17 00:00:00,0.1204,0.13,0.1204,0.1252,2905161.0,363726.1572
2020-08-18 00:00:00,0.13,0.1348,0.1252,0.1348,5171837.0,697163.6276
2020-08-19 00:00:00,0.1348,0.1396,0.13,0.1348,6062482.0,817222.5736
2020-08-20 00:00:00,0.1348,0.1348,0.13,0.13,1788592.0,232516.96000000002
2020-08-21 00:00:00,0.13,0.13,0.1252,0.13,2050353.0,266545.89
2020-08-24 00:00:00,0.13,0.1348,0.13,0.13,658233.0,85570.29000000001
2020-08-25 00:00:00,0.1348,0.1348,0.13,0.13,263672.0,34277.36
2020-08-26 00:00:00,0.13,0.1348,0.1252,0.13,1238801.0,161044.13
2020-08-27 00:00:00,0.13,0.1348,0.1252,0.13,517926.0,67330.38
2020-08-28 00:00:00,0.1348,0.1348,0.13,0.13,476079.0,61890.270000000004
2020-08-31 00:00:00,0.13,0.1348,0.1252,0.13,1935994.0,251679.22
2020-09-01 00:00:00,0.13,0.1348,0.13,0.13,1801298.0,234168.74000000002
2020-09-02 00:00:00,0.1348,0.1348,0.13,0.13,1835443.0,238607.59
2020-09-03 00:00:00,0.1348,0.1348,0.13,0.13,1132053.0,147166.89
2020-09-04 00:00:00,0.1252,0.1493,0.1204,0.1444,13327617.0,1924507.8948
2020-09-07 00:00:00,0.1493,0.1589,0.1493,0.1493,7205232.0,1075741.1376
2020-09-08 00:00:00,0.1541,0.1589,0.1541,0.1541,4823960.0,743372.2359999999
2020-09-09 00:00:00,0.1493,0.1541,0.1396,0.1444,3929175.0,567372.87
2020-09-10 00:00:00,0.1493,0.1541,0.1469,0.1541,2857189.0,440292.82489999995
2020-09-11 00:00:00,0.1493,0.1541,0.1493,0.1493,1367080.0,204105.044
2020-09-14 00:00:00,0.1493,0.1685,0.1493,0.1637,6915363.0,1132044.9231
2020-09-15 00:00:00,0.1637,0.1685,0.1589,0.1589,3771166.0,599238.2774
2020-09-16 00:00:00,0.1589,0.1733,0.1589,0.1733,2494519.0,432300.1427
2020-09-17 00:00:00,0.1733,0.1926,0.1733,0.183,8774026.0,1605646.758
2020-09-18 00:00:00,0.183,0.1926,0.183,0.1878,7274312.0,1366115.7936
2020-09-21 00:00:00,0.1926,0.2167,0.1926,0.2119,11666562.0,2472144.4878000002
2020-09-22 00:00:00,0.2167,0.2167,0.183,0.183,11828336.0,2164585.488
2020-09-23 00:00:00,0.183,0.1878,0.1781,0.1878,4631376.0,869772.4127999999
2020-09-24 00:00:00,0.1974,0.2022,0.183,0.183,4080297.0,746694.351
2020-09-25 00:00:00,0.1878,0.1926,0.183,0.1878,1998963.0,375405.2514
2020-09-28 00:00:00,0.1878,0.1926,0.1781,0.1781,2975699.0,529971.9919
2020-09-29 00:00:00,0.183,0.1878,0.183,0.183,1265429.0,231573.50699999998
2020-09-30 00:00:00,0.183,0.1878,0.1781,0.1781,1472380.0,262230.878
2020-10-01 00:00:00,0.183,0.2022,0.183,0.1974,3590727.0,708809.5098
2020-10-02 00:00:00,0.2022,0.2167,0.183,0.183,8472713.0,1550506.479
2020-10-05 00:00:00,0.1878,0.2022,0.1878,0.2022,2946596.0,595801.7112
2020-10-06 00:00:00,0.207,0.2215,0.207,0.2119,6506497.0,1378726.7143
2020-10-09 00:00:00,0.2407,0.2504,0.2215,0.2311,13896739.0,3211536.3829
2020-10-12 00:00:00,0.2407,0.26,0.2335,0.26,8881897.0,2309293.22
2020-10-13 00:00:00,0.2696,0.2889,0.2648,0.2793,11802638.0,3296476.7934
2020-10-14 00:00:00,0.2793,0.2793,0.26,0.26,4979976.0,1294793.76
2020-10-15 00:00:00,0.2648,0.2648,0.2552,0.26,2115107.0,549927.8200000001
2020-10-16 00:00:00,0.26,0.2648,0.2552,0.2552,1698757.0,433522.7864
2020-10-19 00:00:00,0.26,0.2793,0.26,0.2793,3281975.0,916655.6174999999
2020-10-20 00:00:00,0.2793,0.2841,0.2552,0.2552,3888540.0,992355.4079999999
2020-10-21 00:00:00,0.26,0.2648,0.2552,0.2648,1319446.0,349389.30079999997
2020-10-22 00:00:00,0.2696,0.2696,0.2552,0.2648,1847655.0,489259.04399999994
2020-10-23 00:00:00,0.2648,0.2696,0.26,0.2648,1719398.0,455296.5904
2020-10-26 00:00:00,0.2696,0.2696,0.2552,0.2552,2850397.0,727421.3143999999
2020-10-29 00:00:00,0.2407,0.2407,0.2263,0.2311,6412595.0,1481950.7045
2020-10-30 00:00:00,0.2407,0.2456,0.2311,0.2311,3179819.0,734856.1709
2020-11-02 00:00:00,0.2311,0.2311,0.2119,0.2167,5561525.0,1205182.4675
2020-11-03 00:00:00,0.2215,0.2311,0.2167,0.2263,1484421.0,335924.4723
2020-11-04 00:00:00,0.2215,0.2239,0.2119,0.2215,3162334.0,700456.981
2020-11-05 00:00:00,0.2215,0.2263,0.2167,0.2167,1070966.0,232078.3322
2020-11-06 00:00:00,0.2167,0.2263,0.2167,0.2167,3464579.0,750774.2693
2020-11-09 00:00:00,0.2263,0.2456,0.2215,0.2456,6746192.0,1656864.7552
2020-11-10 00:00:00,0.2504,0.2504,0.2335,0.2407,5249096.0,1263457.4072
2020-11-11 00:00:00,0.2407,0.2504,0.2407,0.2456,1872546.0,459897.29760000005
2020-11-12 00:00:00,0.2504,0.2504,0.2407,0.2504,3554817.0,890126.1768
2020-11-13 00:00:00,0.2552,0.2552,0.2456,0.2456,377892.0,92810.2752
2020-11-16 00:00:00,0.2504,0.2552,0.2504,0.2552,312814.0,79830.13279999999
2020-11-17 00:00:00,0.2504,0.26,0.2456,0.2456,3204460.0,787015.376
2020-11-18 00:00:00,0.2456,0.2504,0.2407,0.2456,906877.0,222728.99120000002
2020-11-19 00:00:00,0.2456,0.2456,0.2359,0.2359,1065268.0,251296.7212
2020-11-20 00:00:00,0.2359,0.2456,0.2311,0.2407,1963364.0,472581.7148
2020-11-23 00:00:00,0.2456,0.2456,0.2407,0.2456,1432078.0,351718.3568
2020-11-24 00:00:00,0.2456,0.2696,0.2456,0.26,5857538.0,1522959.8800000001
2020-11-25 00:00:00,0.26,0.2696,0.26,0.2648,2710991.0,717870.4167999999
2020-11-26 00:00:00,0.2648,0.2696,0.26,0.26,1802724.0,468708.24
2020-11-27 00:00:00,0.2648,0.2648,0.26,0.26,1306724.0,339748.24
2020-11-30 00:00:00,0.2648,0.2744,0.26,0.2696,4323250.0,1165548.2
2020-12-01 00:00:00,0.2696,0.2696,0.2552,0.26,1829257.0,475606.82
2020-12-02 00:00:00,0.26,0.2648,0.2504,0.2504,918101.0,229892.4904
2020-12-03 00:00:00,0.2552,0.26,0.2504,0.2504,833275.0,208652.06
2020-12-04 00:00:00,0.2552,0.26,0.2504,0.2552,1287980.0,328692.496
2020-12-07 00:00:00,0.26,0.3033,0.2552,0.3033,10191589.0,3091108.9437
2020-12-08 00:00:00,0.2937,0.3178,0.2889,0.313,9056028.0,2834536.764
2020-12-09 00:00:00,0.3081,0.3274,0.3081,0.3081,5380342.0,1657683.3702
2020-12-10 00:00:00,0.3081,0.313,0.2985,0.3033,1886274.0,572106.9042
2020-12-11 00:00:00,0.3081,0.3226,0.3081,0.313,2115755.0,662231.315
2020-12-14 00:00:00,0.3226,0.3515,0.3178,0.3515,6299192.0,2214165.988
2020-12-15 00:00:00,0.3467,0.3515,0.3274,0.3274,5362276.0,1755609.1624
2020-12-16 00:00:00,0.337,0.3467,0.3226,0.3226,3362548.0,1084757.9848
2020-12-17 00:00:00,0.3274,0.3274,0.3033,0.3081,2584470.0,796275.2069999999
2020-12-18 00:00:00,0.3178,0.3178,0.3081,0.3178,2332583.0,741294.8774000001
2020-12-21 00:00:00,0.313,0.3226,0.313,0.313,1413995.0,442580.435
2020-12-22 00:00:00,0.3178,0.3274,0.313,0.3178,2453643.0,779767.7454
2020-12-23 00:00:00,0.3226,0.3274,0.3226,0.3274,711573.0,232969.0002
2020-12-24 00:00:00,0.3274,0.3322,0.3226,0.3226,787087.0,253914.2662
2020-12-29 00:00:00,0.3322,0.3322,0.3033,0.313,31107418.0,9736621.834
2020-12-30 00:00:00,0.3178,0.3226,0.313,0.3226,1021788.0,329628.8088
2020-12-31 00:00:00,0.3178,0.3322,0.3178,0.3274,1440435.0,471598.41900000005
