timestamps,open,high,low,close,volume,amount
2000-02-14 00:00:00,0.0444,0.0444,0.0444,0.0444,15000.0,666.0
2000-02-24 00:00:00,0.0444,0.0444,0.0444,0.0444,60000.0,2664.0
2000-03-02 00:00:00,0.0444,0.0451,0.0444,0.0451,45980.0,2073.698
2000-03-03 00:00:00,0.0451,0.0451,0.0451,0.0451,154020.0,6946.302000000001
2000-03-15 00:00:00,0.0481,0.0481,0.0481,0.0481,90000.0,4329.0
2000-03-21 00:00:00,0.0481,0.0481,0.0481,0.0481,25000.0,1202.5
2000-03-27 00:00:00,0.0459,0.0459,0.0459,0.0459,1305200.0,59908.68000000001
2000-04-05 00:00:00,0.0481,0.0481,0.0481,0.0481,200000.0,9620.0
2000-05-05 00:00:00,0.0518,0.0518,0.0518,0.0518,150000.0,7770.0
2000-05-29 00:00:00,0.0481,0.0481,0.0481,0.0481,100000.0,4810.0
2000-06-13 00:00:00,0.0518,0.0518,0.0518,0.0518,100000.0,5180.0
2000-06-14 00:00:00,0.0518,0.0518,0.0518,0.0518,100000.0,5180.0
2000-06-21 00:00:00,0.0533,0.0533,0.0533,0.0533,100000.0,5330.0
2000-06-23 00:00:00,0.0518,0.0518,0.0518,0.0518,22160.0,1147.888
2000-07-04 00:00:00,0.0518,0.0525,0.0518,0.0525,389330.0,20439.825
2000-07-24 00:00:00,0.0555,0.0555,0.0555,0.0555,40000.0,2220.0
2000-08-16 00:00:00,0.0592,0.0592,0.0592,0.0592,100000.0,5920.0
2000-09-06 00:00:00,0.0592,0.0592,0.0592,0.0592,50000.0,2960.0
2000-09-07 00:00:00,0.0555,0.0555,0.0555,0.0555,1790.0,99.345
2000-09-12 00:00:00,0.0555,0.0555,0.0555,0.0555,200000.0,11100.0
2000-09-22 00:00:00,0.0525,0.0525,0.0525,0.0525,74990.0,3936.975
2000-09-26 00:00:00,0.0525,0.0525,0.0525,0.0525,100000.0,5250.0
2000-10-30 00:00:00,0.0444,0.0444,0.0444,0.0444,10510.0,466.644
2000-11-17 00:00:00,0.0503,0.0503,0.0503,0.0503,35000.0,1760.5
2000-11-21 00:00:00,0.0503,0.0503,0.0503,0.0503,20000.0,1006.0
2000-11-22 00:00:00,0.0451,0.0451,0.0444,0.0444,51780.0,2299.032
2000-11-30 00:00:00,0.051,0.0518,0.051,0.0518,196800.0,10194.24
2000-12-13 00:00:00,0.0518,0.0518,0.0451,0.0451,171700.0,7743.67
2000-12-18 00:00:00,0.0459,0.0459,0.0459,0.0459,64340.0,2953.206
2000-12-19 00:00:00,0.0451,0.0451,0.0451,0.0451,151850.0,6848.435
2001-01-11 00:00:00,0.0466,0.0466,0.0459,0.0459,73730.0,3384.2070000000003
2001-01-29 00:00:00,0.0459,0.0459,0.0459,0.0459,11270.0,517.293
2001-01-30 00:00:00,0.0459,0.0459,0.0459,0.0459,45390.0,2083.4010000000003
2001-02-08 00:00:00,0.0481,0.0481,0.0481,0.0481,150000.0,7214.999999999999
2001-03-08 00:00:00,0.0481,0.0481,0.0481,0.0481,101850.0,4898.985
2001-03-09 00:00:00,0.0481,0.0481,0.0481,0.0481,195990.0,9427.118999999999
2001-03-12 00:00:00,0.0481,0.0481,0.0481,0.0481,57840.0,2782.104
2001-03-14 00:00:00,0.0466,0.0466,0.0466,0.0466,84260.0,3926.516
2001-03-20 00:00:00,0.0466,0.0466,0.0466,0.0466,8740.0,407.28400000000005
2001-04-20 00:00:00,0.0473,0.0473,0.0473,0.0473,46000.0,2175.8
2001-09-17 00:00:00,0.0377,0.0377,0.0377,0.0377,200000.0,7539.999999999999
2001-11-13 00:00:00,0.0333,0.0333,0.0333,0.0333,125520.0,4179.816000000001
2002-01-23 00:00:00,0.0259,0.0259,0.0259,0.0259,100000.0,2590.0
2002-03-04 00:00:00,0.027,0.0322,0.0266,0.0322,396980.0,12782.756
2002-03-05 00:00:00,0.0266,0.0266,0.0266,0.0266,100000.0,2660.0
2002-03-06 00:00:00,0.0266,0.0266,0.0259,0.0259,45000.0,1165.5
2002-03-08 00:00:00,0.0192,0.0192,0.0192,0.0192,11980.0,230.016
2002-03-11 00:00:00,0.0311,0.0311,0.0311,0.0311,35000.0,1088.5
2002-03-21 00:00:00,0.0296,0.0296,0.0296,0.0296,70000.0,2072.0
2002-03-28 00:00:00,0.0226,0.0226,0.0222,0.0222,105000.0,2331.0
2002-04-10 00:00:00,0.0288,0.0288,0.0288,0.0288,326260.0,9396.288
2002-04-11 00:00:00,0.0288,0.0288,0.0288,0.0288,55000.0,1584.0
2002-04-16 00:00:00,0.0288,0.0288,0.0288,0.0288,6980.0,201.024
2002-04-24 00:00:00,0.0288,0.0288,0.0288,0.0288,7590.0,218.59199999999998
2002-05-10 00:00:00,0.0266,0.0266,0.0266,0.0266,5410.0,143.906
2002-06-03 00:00:00,0.0296,0.0296,0.0296,0.0296,12830.0,379.76800000000003
2002-06-12 00:00:00,0.0281,0.0281,0.0281,0.0281,2150410.0,60426.521
2002-06-28 00:00:00,0.0333,0.0333,0.0333,0.0333,37170.0,1237.7610000000002
2002-07-01 00:00:00,0.0296,0.0296,0.0296,0.0296,53740.0,1590.7040000000002
2002-07-12 00:00:00,0.0333,0.0333,0.0333,0.0333,2830.0,94.239
2002-07-15 00:00:00,0.037,0.037,0.037,0.037,7170.0,265.28999999999996
2002-08-06 00:00:00,0.0296,0.0296,0.0296,0.0296,50000.0,1480.0
2002-08-07 00:00:00,0.0348,0.0348,0.0344,0.0344,7480.0,257.312
2002-10-24 00:00:00,0.0314,0.0314,0.0314,0.0314,40000.0,1256.0
2002-11-04 00:00:00,0.0229,0.0229,0.0229,0.0229,120000.0,2748.0
2002-11-05 00:00:00,0.0296,0.0296,0.0296,0.0296,120000.0,3552.0
2002-12-16 00:00:00,0.0229,0.0229,0.0222,0.0222,190000.0,4218.0
2003-02-20 00:00:00,0.0233,0.0233,0.0192,0.0192,184120.0,3535.104
2003-03-14 00:00:00,0.0222,0.0222,0.0222,0.0222,120000.0,2664.0
2003-03-25 00:00:00,0.0222,0.0222,0.0222,0.0222,300000.0,6660.0
2003-03-27 00:00:00,0.0192,0.0192,0.0192,0.0192,1000000.0,19200.0
2003-03-28 00:00:00,0.0207,0.0207,0.0192,0.0192,340000.0,6527.999999999999
2003-04-11 00:00:00,0.0222,0.0222,0.0222,0.0222,135000.0,2997.0
2003-04-14 00:00:00,0.0222,0.0222,0.0222,0.0222,45000.0,999.0
2003-04-22 00:00:00,0.0222,0.0222,0.0222,0.0222,300000.0,6660.0
2003-04-29 00:00:00,0.0233,0.0233,0.0229,0.0229,310000.0,7099.0
2003-04-30 00:00:00,0.0229,0.0229,0.0229,0.0229,40000.0,916.0
2003-05-01 00:00:00,0.0229,0.024,0.0222,0.024,440000.0,10560.0
2003-05-06 00:00:00,0.0237,0.0237,0.0229,0.0229,196250.0,4494.125
2003-05-07 00:00:00,0.0237,0.0237,0.0237,0.0237,93750.0,2221.875
2003-05-08 00:00:00,0.024,0.024,0.024,0.024,30000.0,720.0
2003-05-09 00:00:00,0.0237,0.0244,0.0237,0.0244,335000.0,8174.000000000001
2003-05-12 00:00:00,0.0237,0.0237,0.0237,0.0237,185000.0,4384.5
2003-05-19 00:00:00,0.0222,0.0222,0.0222,0.0222,43750.0,971.25
2003-05-20 00:00:00,0.0222,0.0222,0.0222,0.0222,65000.0,1443.0
2003-05-21 00:00:00,0.0229,0.0237,0.0229,0.0237,400000.0,9480.0
2003-05-27 00:00:00,0.0237,0.0237,0.0237,0.0237,168000.0,3981.6
2003-05-30 00:00:00,0.0237,0.0237,0.0237,0.0237,32000.0,758.4
2003-06-03 00:00:00,0.0251,0.0251,0.0251,0.0251,250000.0,6275.0
2003-06-04 00:00:00,0.0251,0.0259,0.0251,0.0259,351250.0,9097.375
2003-06-16 00:00:00,0.0244,0.0244,0.0244,0.0244,150000.0,3660.0000000000005
2003-06-18 00:00:00,0.0237,0.0237,0.0237,0.0237,40000.0,948.0
2003-06-19 00:00:00,0.0244,0.0244,0.0237,0.0237,53000.0,1256.1
2003-06-23 00:00:00,0.0237,0.0237,0.0237,0.0237,150000.0,3555.0
2003-06-30 00:00:00,0.0244,0.0244,0.0244,0.0244,25000.0,610.0
2003-07-10 00:00:00,0.0251,0.0251,0.0222,0.0222,86000.0,1909.2
2003-07-11 00:00:00,0.0214,0.0214,0.0155,0.0155,173250.0,2685.375
2003-07-15 00:00:00,0.0251,0.0251,0.0251,0.0251,1311300.0,32913.630000000005
2003-07-16 00:00:00,0.0237,0.0237,0.0237,0.0237,100000.0,2370.0
2003-07-17 00:00:00,0.0237,0.0237,0.0237,0.0237,100000.0,2370.0
2003-07-18 00:00:00,0.0237,0.0237,0.0237,0.0237,150000.0,3555.0
2003-07-21 00:00:00,0.0237,0.0237,0.0237,0.0237,150000.0,3555.0
2003-07-25 00:00:00,0.0251,0.0251,0.0251,0.0251,50000.0,1255.0
2003-07-28 00:00:00,0.0251,0.0251,0.0251,0.0251,30000.0,753.0
2003-07-30 00:00:00,0.0251,0.0259,0.0251,0.0259,401840.0,10407.655999999999
2003-08-04 00:00:00,0.0255,0.0255,0.0255,0.0255,60000.0,1530.0
2003-08-06 00:00:00,0.0255,0.0255,0.0255,0.0255,125000.0,3187.5
2003-08-08 00:00:00,0.0251,0.0251,0.0237,0.0237,75000.0,1777.5
2003-08-11 00:00:00,0.0251,0.0255,0.0251,0.0255,212500.0,5418.75
2003-08-12 00:00:00,0.0255,0.0255,0.0255,0.0255,202500.0,5163.75
2003-08-14 00:00:00,0.0259,0.0259,0.0259,0.0259,50000.0,1295.0
2003-08-27 00:00:00,0.0314,0.0314,0.0314,0.0314,100000.0,3139.9999999999995
2003-08-28 00:00:00,0.0296,0.0296,0.0296,0.0296,100000.0,2960.0
2003-08-29 00:00:00,0.0296,0.0296,0.0296,0.0296,50000.0,1480.0
2003-09-01 00:00:00,0.0285,0.0285,0.0266,0.0266,192000.0,5107.2
2003-09-03 00:00:00,0.0296,0.0333,0.0296,0.0333,371600.0,12374.28
2003-09-04 00:00:00,0.0296,0.0333,0.0296,0.0333,629230.0,20953.359
2003-09-05 00:00:00,0.0333,0.0333,0.0296,0.0311,139170.0,4328.187
2003-09-11 00:00:00,0.0311,0.0311,0.0311,0.0311,35000.0,1088.5
2003-09-12 00:00:00,0.0296,0.0296,0.0296,0.0296,59000.0,1746.4
2003-09-17 00:00:00,0.0274,0.0274,0.0274,0.0274,17250.0,472.65000000000003
2003-09-24 00:00:00,0.0296,0.0296,0.0281,0.0281,112500.0,3161.25
2003-09-25 00:00:00,0.0296,0.0311,0.0296,0.0311,685180.0,21309.097999999998
2003-10-01 00:00:00,0.0311,0.0311,0.0311,0.0311,30000.0,933.0
2003-10-03 00:00:00,0.0296,0.0296,0.0296,0.0296,250000.0,7400.0
2003-10-06 00:00:00,0.0296,0.0296,0.0296,0.0296,354480.0,10492.608
2003-10-08 00:00:00,0.0296,0.0296,0.0296,0.0296,200000.0,5920.0
2003-10-10 00:00:00,0.0259,0.0259,0.0259,0.0259,32500.0,841.75
2003-10-14 00:00:00,0.0296,0.0303,0.0296,0.0303,200000.0,6060.0
2003-10-15 00:00:00,0.0296,0.0296,0.0296,0.0296,225000.0,6660.0
2003-10-20 00:00:00,0.0303,0.0318,0.0303,0.0318,218000.0,6932.400000000001
2003-10-22 00:00:00,0.0311,0.0311,0.0311,0.0311,100000.0,3110.0
2003-10-23 00:00:00,0.0311,0.0311,0.0311,0.0311,50000.0,1555.0
2003-10-24 00:00:00,0.0296,0.0296,0.0296,0.0296,400000.0,11840.0
2003-10-27 00:00:00,0.03,0.03,0.03,0.03,150000.0,4500.0
2003-10-29 00:00:00,0.03,0.03,0.0296,0.0296,100000.0,2960.0
2003-10-30 00:00:00,0.0296,0.0296,0.0296,0.0296,585000.0,17316.0
2003-11-03 00:00:00,0.0311,0.0311,0.0311,0.0311,40000.0,1244.0
2003-11-05 00:00:00,0.0296,0.0296,0.0296,0.0296,10000.0,296.0
2003-11-11 00:00:00,0.0296,0.0296,0.0296,0.0296,15000.0,444.0
2003-11-14 00:00:00,0.0296,0.0296,0.0296,0.0296,35380.0,1047.248
2003-11-24 00:00:00,0.0311,0.0311,0.0311,0.0311,120000.0,3732.0
2003-11-26 00:00:00,0.0296,0.0296,0.0296,0.0296,54620.0,1616.7520000000002
2003-11-28 00:00:00,0.0281,0.0281,0.0281,0.0281,200000.0,5620.0
2003-12-11 00:00:00,0.0277,0.0277,0.0277,0.0277,65800.0,1822.6599999999999
2003-12-15 00:00:00,0.0281,0.0281,0.0281,0.0281,200000.0,5620.0
2003-12-24 00:00:00,0.0277,0.0277,0.0277,0.0277,43140.0,1194.978
2003-12-31 00:00:00,0.0288,0.0288,0.0288,0.0288,27000.0,777.6
2004-01-06 00:00:00,0.0288,0.0296,0.0288,0.0296,190000.0,5624.0
2004-01-07 00:00:00,0.0296,0.0296,0.0296,0.0296,300000.0,8880.0
2004-01-08 00:00:00,0.0296,0.0296,0.0296,0.0296,100000.0,2960.0
2004-01-12 00:00:00,0.0296,0.0296,0.0296,0.0296,300000.0,8880.0
2004-01-14 00:00:00,0.0274,0.0274,0.0274,0.0274,100000.0,2740.0
2004-01-21 00:00:00,0.0281,0.0281,0.0281,0.0281,100000.0,2810.0
2004-01-22 00:00:00,0.0281,0.0281,0.0281,0.0281,100000.0,2810.0
2004-02-05 00:00:00,0.0288,0.0288,0.0288,0.0288,100000.0,2880.0
2004-02-16 00:00:00,0.0281,0.0281,0.0281,0.0281,150000.0,4215.0
2004-02-18 00:00:00,0.0292,0.0292,0.0281,0.0281,162500.0,4566.25
2004-03-01 00:00:00,0.0281,0.0296,0.0281,0.0296,43000.0,1272.8
2004-03-03 00:00:00,0.0288,0.0288,0.0288,0.0288,100000.0,2880.0
2004-03-12 00:00:00,0.0296,0.0296,0.0296,0.0296,89610.0,2652.456
2004-03-15 00:00:00,0.0311,0.0311,0.0311,0.0311,144870.0,4505.457
2004-03-16 00:00:00,0.0407,0.0444,0.0407,0.0444,1266170.0,56217.948000000004
2004-03-17 00:00:00,0.0459,0.0584,0.0459,0.0584,819200.0,47841.28
2004-03-18 00:00:00,0.0584,0.0584,0.0562,0.0562,208400.0,11712.08
2004-03-22 00:00:00,0.0525,0.0555,0.0525,0.0533,177490.0,9460.217
2004-03-23 00:00:00,0.0533,0.0569,0.0533,0.0569,205010.0,11665.069
2004-03-25 00:00:00,0.0518,0.0518,0.051,0.051,170000.0,8670.0
2004-03-30 00:00:00,0.054,0.0592,0.054,0.0592,173150.0,10250.48
2004-03-31 00:00:00,0.0584,0.0584,0.0562,0.0562,70000.0,3934.0
2004-04-07 00:00:00,0.0555,0.0569,0.0555,0.0569,24000.0,1365.6
2004-04-08 00:00:00,0.0569,0.0569,0.0569,0.0569,3000.0,170.7
2004-04-16 00:00:00,0.0555,0.0555,0.0555,0.0555,200000.0,11100.0
2004-04-19 00:00:00,0.0562,0.0562,0.054,0.054,200000.0,10800.0
2004-04-21 00:00:00,0.054,0.054,0.0518,0.0518,140000.0,7252.0
2004-04-22 00:00:00,0.0518,0.0518,0.0518,0.0518,30000.0,1554.0
2004-04-26 00:00:00,0.0533,0.0533,0.0533,0.0533,100000.0,5330.0
2004-04-28 00:00:00,0.054,0.0569,0.054,0.0569,164000.0,9331.6
2004-04-29 00:00:00,0.0555,0.0555,0.0555,0.0555,40000.0,2220.0
2004-04-30 00:00:00,0.0547,0.0547,0.0547,0.0547,80000.0,4376.0
2004-05-03 00:00:00,0.0547,0.0547,0.0547,0.0547,20000.0,1094.0
2004-05-06 00:00:00,0.0562,0.0562,0.0562,0.0562,77500.0,4355.5
2004-05-07 00:00:00,0.0555,0.0555,0.0533,0.0533,172500.0,9194.25
2004-05-17 00:00:00,0.0555,0.0555,0.0555,0.0555,50000.0,2775.0
2004-05-31 00:00:00,0.0481,0.0481,0.0466,0.0466,100000.0,4660.0
2004-06-02 00:00:00,0.0459,0.0459,0.0459,0.0459,75000.0,3442.5000000000005
2004-06-03 00:00:00,0.0466,0.0466,0.0466,0.0466,25000.0,1165.0
2004-06-04 00:00:00,0.0444,0.0444,0.0444,0.0444,20000.0,888.0
2004-06-07 00:00:00,0.0466,0.0466,0.0466,0.0466,30000.0,1398.0
2004-06-08 00:00:00,0.0466,0.0466,0.0466,0.0466,13550.0,631.4300000000001
2004-06-11 00:00:00,0.0488,0.0488,0.0488,0.0488,46000.0,2244.8
2004-06-18 00:00:00,0.0444,0.0444,0.0444,0.0444,37930.0,1684.092
2004-06-21 00:00:00,0.0407,0.0407,0.0407,0.0407,2070.0,84.249
2004-06-22 00:00:00,0.0414,0.0414,0.0407,0.0407,75440.0,3070.408
2004-07-01 00:00:00,0.0444,0.0444,0.0444,0.0444,40000.0,1776.0
2004-07-02 00:00:00,0.0422,0.0422,0.0422,0.0422,40000.0,1688.0
2004-07-13 00:00:00,0.0444,0.0444,0.0444,0.0444,70000.0,3108.0
2004-07-14 00:00:00,0.0503,0.0518,0.0503,0.0518,229820.0,11904.676
2004-07-15 00:00:00,0.0533,0.0533,0.0533,0.0533,10000.0,533.0
2004-07-23 00:00:00,0.0473,0.0473,0.0466,0.0466,80000.0,3728.0
2004-07-26 00:00:00,0.0466,0.0466,0.0451,0.0451,100000.0,4510.0
2004-07-28 00:00:00,0.0466,0.0466,0.0466,0.0466,112020.0,5220.1320000000005
2004-07-30 00:00:00,0.0481,0.0481,0.0481,0.0481,100000.0,4810.0
2004-08-03 00:00:00,0.0466,0.0466,0.0459,0.0459,100000.0,4590.0
2004-08-05 00:00:00,0.0503,0.0503,0.0503,0.0503,25000.0,1257.5
2004-08-10 00:00:00,0.0503,0.0503,0.0503,0.0503,40000.0,2012.0
2004-08-19 00:00:00,0.0473,0.0473,0.0473,0.0473,50000.0,2365.0
2004-08-23 00:00:00,0.051,0.051,0.051,0.051,50000.0,2550.0
2004-08-26 00:00:00,0.0503,0.0503,0.0503,0.0503,40000.0,2012.0
2004-08-30 00:00:00,0.0518,0.0814,0.0518,0.0814,1471500.0,119780.1
2004-08-31 00:00:00,0.0762,0.0762,0.0673,0.0725,647000.0,46907.5
2004-09-01 00:00:00,0.0688,0.0732,0.0688,0.071,66000.0,4686.0
2004-09-06 00:00:00,0.0754,0.0777,0.0754,0.0777,250000.0,19425.0
2004-09-07 00:00:00,0.0791,0.0791,0.0717,0.0717,195500.0,14017.35
2004-09-09 00:00:00,0.0754,0.0754,0.0754,0.0754,35000.0,2639.0
2004-09-10 00:00:00,0.074,0.074,0.074,0.074,30000.0,2220.0
2004-09-13 00:00:00,0.074,0.074,0.074,0.074,119910.0,8873.34
2004-09-14 00:00:00,0.0777,0.0777,0.0777,0.0777,7000.0,543.9000000000001
2004-09-15 00:00:00,0.0799,0.0799,0.0799,0.0799,13000.0,1038.7
2004-09-16 00:00:00,0.074,0.074,0.074,0.074,50000.0,3700.0
2004-09-20 00:00:00,0.074,0.074,0.074,0.074,7090.0,524.66
2004-09-23 00:00:00,0.074,0.0777,0.074,0.0777,100000.0,7770.000000000001
2004-09-24 00:00:00,0.074,0.074,0.074,0.074,7000.0,518.0
2004-09-27 00:00:00,0.0754,0.0754,0.074,0.074,52000.0,3848.0
2004-10-04 00:00:00,0.0777,0.0821,0.0777,0.0821,102400.0,8407.04
2004-10-07 00:00:00,0.0777,0.0777,0.0777,0.0777,10000.0,777.0
2004-10-12 00:00:00,0.074,0.074,0.074,0.074,31500.0,2331.0
2004-10-14 00:00:00,0.0695,0.0695,0.0688,0.0688,22000.0,1513.6
2004-10-15 00:00:00,0.068,0.068,0.068,0.068,40000.0,2720.0
2004-10-21 00:00:00,0.0717,0.0717,0.0717,0.0717,30000.0,2151.0
2004-10-22 00:00:00,0.0717,0.0717,0.0717,0.0717,20000.0,1434.0
2004-10-25 00:00:00,0.074,0.0777,0.074,0.0777,146000.0,11344.2
2004-10-26 00:00:00,0.0769,0.0769,0.0769,0.0769,30000.0,2307.0
2004-10-27 00:00:00,0.0777,0.0777,0.0777,0.0777,50000.0,3885.0000000000005
2004-10-28 00:00:00,0.0814,0.0814,0.0814,0.0814,12000.0,976.8
2004-10-29 00:00:00,0.0814,0.0814,0.0814,0.0814,20000.0,1628.0
2004-11-01 00:00:00,0.0814,0.0814,0.0814,0.0814,101500.0,8262.1
2004-11-12 00:00:00,0.071,0.071,0.071,0.071,2850.0,202.35
2004-11-15 00:00:00,0.0717,0.0717,0.0717,0.0717,115000.0,8245.5
2004-11-17 00:00:00,0.0769,0.0769,0.0769,0.0769,8360.0,642.884
2004-11-22 00:00:00,0.0717,0.0717,0.0717,0.0717,2680.0,192.156
2004-11-23 00:00:00,0.074,0.0747,0.074,0.0747,87500.0,6536.25
2004-11-29 00:00:00,0.0747,0.0747,0.074,0.074,170000.0,12580.0
2004-11-30 00:00:00,0.0754,0.0754,0.0754,0.0754,100000.0,7539.999999999999
2004-12-01 00:00:00,0.074,0.074,0.074,0.074,10300.0,762.1999999999999
2004-12-02 00:00:00,0.0769,0.0769,0.0769,0.0769,91640.0,7047.116
2004-12-03 00:00:00,0.0814,0.0814,0.0814,0.0814,72720.0,5919.408
2004-12-06 00:00:00,0.0814,0.0821,0.0814,0.0821,144880.0,11894.648000000001
2004-12-07 00:00:00,0.0851,0.0851,0.0851,0.0851,87000.0,7403.7
2004-12-08 00:00:00,0.0888,0.0888,0.0814,0.0814,138550.0,11277.97
2004-12-10 00:00:00,0.0821,0.0821,0.0814,0.0814,99880.0,8130.232
2004-12-13 00:00:00,0.0814,0.0851,0.0814,0.0851,387500.0,32976.25
2004-12-15 00:00:00,0.0851,0.0851,0.0851,0.0851,20000.0,1702.0
2004-12-16 00:00:00,0.0814,0.0814,0.0814,0.0814,16480.0,1341.472
2004-12-17 00:00:00,0.0851,0.0917,0.0851,0.0917,468000.0,42915.6
2004-12-20 00:00:00,0.091,0.0917,0.091,0.0917,124700.0,11434.99
2004-12-21 00:00:00,0.0954,0.0954,0.0954,0.0954,103870.0,9909.198
2004-12-22 00:00:00,0.0954,0.0954,0.0954,0.0954,83520.0,7967.808
2004-12-23 00:00:00,0.0954,0.1006,0.0954,0.1006,177030.0,17809.218
2004-12-29 00:00:00,0.1035,0.1035,0.1035,0.1035,28600.0,2960.1
2004-12-30 00:00:00,0.1035,0.1035,0.1035,0.1035,17000.0,1759.5
2005-01-07 00:00:00,0.0998,0.0998,0.0998,0.0998,134000.0,13373.2
2005-01-11 00:00:00,0.0998,0.0998,0.0998,0.0998,12500.0,1247.5
2005-01-19 00:00:00,0.0976,0.0998,0.0954,0.0954,176000.0,16790.4
2005-01-20 00:00:00,0.0954,0.0954,0.0954,0.0954,52970.0,5053.338
2005-01-21 00:00:00,0.0924,0.0924,0.0924,0.0924,40000.0,3696.0
2005-01-28 00:00:00,0.0924,0.0924,0.091,0.091,212000.0,19292.0
2005-02-01 00:00:00,0.0924,0.0924,0.0924,0.0924,50000.0,4620.0
2005-02-02 00:00:00,0.0902,0.0902,0.0888,0.0902,175640.0,15842.728000000001
2005-02-03 00:00:00,0.0902,0.0902,0.0902,0.0902,20610.0,1859.0220000000002
2005-02-04 00:00:00,0.0902,0.0902,0.0902,0.0902,58890.0,5311.878
2005-02-07 00:00:00,0.0924,0.0924,0.0895,0.0895,99230.0,8881.085
2005-02-08 00:00:00,0.0924,0.0924,0.0924,0.0924,13000.0,1201.2
2005-02-11 00:00:00,0.0924,0.0961,0.0924,0.0961,242940.0,23346.534
2005-02-14 00:00:00,0.0998,0.0998,0.0998,0.0998,50000.0,4990.0
2005-02-16 00:00:00,0.0961,0.0961,0.0961,0.0961,53550.0,5146.155000000001
2005-02-18 00:00:00,0.0932,0.0932,0.0924,0.0924,101490.0,9377.676
2005-02-25 00:00:00,0.0998,0.0998,0.0998,0.0998,105000.0,10479.0
2005-02-28 00:00:00,0.1021,0.1109,0.1021,0.1058,296600.0,31380.280000000002
2005-03-01 00:00:00,0.1058,0.1109,0.1058,0.1109,335000.0,37151.5
2005-03-02 00:00:00,0.1109,0.1109,0.1109,0.1109,120000.0,13308.0
2005-03-03 00:00:00,0.1072,0.1072,0.1072,0.1072,40000.0,4288.0
2005-03-07 00:00:00,0.1072,0.1072,0.1072,0.1072,50.0,5.36
2005-03-08 00:00:00,0.1072,0.1072,0.1072,0.1072,60000.0,6432.0
2005-03-09 00:00:00,0.1058,0.1058,0.1058,0.1058,10000.0,1058.0
2005-03-10 00:00:00,0.1035,0.1035,0.1035,0.1035,100000.0,10350.0
2005-03-11 00:00:00,0.1021,0.1021,0.1021,0.1021,100000.0,10210.0
2005-03-14 00:00:00,0.1021,0.1021,0.1021,0.1021,3360.0,343.056
2005-03-15 00:00:00,0.1021,0.1021,0.1021,0.1021,35000.0,3573.5
2005-03-17 00:00:00,0.1021,0.1021,0.0961,0.0961,170000.0,16337.0
2005-03-21 00:00:00,0.0998,0.0998,0.0998,0.0998,175000.0,17465.0
2005-03-22 00:00:00,0.0969,0.0969,0.0961,0.0961,155000.0,14895.5
2005-03-23 00:00:00,0.0976,0.0976,0.0969,0.0969,200000.0,19380.0
2005-03-30 00:00:00,0.0969,0.0969,0.0954,0.0954,130000.0,12402.0
2005-04-01 00:00:00,0.0998,0.0998,0.0961,0.0961,69400.0,6669.34
2005-04-05 00:00:00,0.0991,0.0991,0.098,0.098,191270.0,18744.46
2005-04-07 00:00:00,0.0961,0.0961,0.0961,0.0961,100000.0,9610.0
2005-04-08 00:00:00,0.0961,0.0961,0.0961,0.0961,62580.0,6013.938
2005-04-11 00:00:00,0.0961,0.0961,0.0961,0.0961,14000.0,1345.4
2005-04-15 00:00:00,0.0961,0.0961,0.0961,0.0961,110000.0,10571.0
2005-04-18 00:00:00,0.0947,0.0947,0.0947,0.0947,35800.0,3390.26
2005-04-19 00:00:00,0.0947,0.0947,0.0939,0.0939,159710.0,14996.769
2005-04-20 00:00:00,0.0961,0.0961,0.0961,0.0961,4640.0,445.904
2005-04-27 00:00:00,0.0961,0.0961,0.0961,0.0961,8780.0,843.758
2005-04-28 00:00:00,0.0991,0.0991,0.0991,0.0991,5000.0,495.49999999999994
2005-05-03 00:00:00,0.0961,0.0961,0.0939,0.0939,122040.0,11459.556
2005-05-04 00:00:00,0.0939,0.0939,0.0924,0.0924,230000.0,21252.0
2005-05-06 00:00:00,0.0924,0.0924,0.0924,0.0924,45000.0,4158.0
2005-05-09 00:00:00,0.0895,0.0895,0.0895,0.0895,42750.0,3826.125
2005-05-10 00:00:00,0.0917,0.0917,0.0917,0.0917,55000.0,5043.5
2005-05-11 00:00:00,0.0917,0.0917,0.0917,0.0917,45000.0,4126.5
2005-05-12 00:00:00,0.0998,0.0998,0.0998,0.0998,150000.0,14970.0
2005-05-18 00:00:00,0.1043,0.1043,0.1043,0.1043,50000.0,5215.0
2005-05-19 00:00:00,0.105,0.105,0.0998,0.0998,42000.0,4191.6
2005-05-20 00:00:00,0.0961,0.0961,0.0961,0.0961,65000.0,6246.5
2005-05-23 00:00:00,0.0961,0.0961,0.0961,0.0961,7800.0,749.58
2005-05-31 00:00:00,0.0976,0.0976,0.0976,0.0976,20000.0,1952.0000000000002
2005-06-01 00:00:00,0.0976,0.0976,0.0976,0.0976,20000.0,1952.0000000000002
2005-06-02 00:00:00,0.0976,0.0976,0.0976,0.0976,37000.0,3611.2000000000003
2005-06-08 00:00:00,0.0961,0.0961,0.0924,0.0924,95300.0,8805.72
2005-06-10 00:00:00,0.0924,0.0924,0.0924,0.0924,104700.0,9674.279999999999
2005-06-16 00:00:00,0.0924,0.0924,0.0924,0.0924,250000.0,23100.0
2005-06-17 00:00:00,0.0924,0.0924,0.0924,0.0924,100000.0,9240.0
2005-06-20 00:00:00,0.091,0.091,0.091,0.091,10000.0,910.0
2005-06-21 00:00:00,0.0895,0.0895,0.0895,0.0895,31000.0,2774.5
2005-06-22 00:00:00,0.091,0.091,0.091,0.091,10000.0,910.0
2005-06-23 00:00:00,0.091,0.091,0.0895,0.0895,13500.0,1208.25
2005-06-24 00:00:00,0.0858,0.0858,0.0858,0.0858,5750.0,493.35
2005-06-28 00:00:00,0.0865,0.0865,0.0858,0.0858,69250.0,5941.65
2005-06-29 00:00:00,0.0784,0.0784,0.0784,0.0784,20000.0,1568.0
2005-07-06 00:00:00,0.0888,0.0888,0.0888,0.0888,148900.0,13222.32
2005-07-11 00:00:00,0.0888,0.0888,0.0888,0.0888,30750.0,2730.6
2005-07-12 00:00:00,0.091,0.091,0.091,0.091,80000.0,7280.0
2005-07-13 00:00:00,0.0924,0.0939,0.0924,0.0939,150000.0,14085.0
2005-07-14 00:00:00,0.0939,0.0939,0.0939,0.0939,25000.0,2347.5
2005-07-19 00:00:00,0.0932,0.0932,0.0932,0.0932,50000.0,4660.0
2005-07-22 00:00:00,0.0917,0.0961,0.0917,0.0961,200040.0,19223.844
2005-07-25 00:00:00,0.0924,0.0924,0.0924,0.0924,20000.0,1848.0
2005-07-26 00:00:00,0.0932,0.0932,0.0932,0.0932,200000.0,18640.0
2005-07-28 00:00:00,0.0939,0.0939,0.0939,0.0939,50000.0,4695.0
2005-08-08 00:00:00,0.0947,0.0961,0.0947,0.0961,60000.0,5766.0
2005-08-10 00:00:00,0.0924,0.0924,0.0924,0.0924,10000.0,924.0
2005-08-19 00:00:00,0.0961,0.0961,0.0961,0.0961,1300.0,124.93
2005-08-22 00:00:00,0.0961,0.0961,0.0939,0.0939,36190.0,3398.241
2005-08-23 00:00:00,0.0924,0.0924,0.0924,0.0924,152900.0,14127.96
2005-08-25 00:00:00,0.0939,0.0939,0.0939,0.0939,21500.0,2018.85
2005-08-26 00:00:00,0.0939,0.0939,0.091,0.091,85000.0,7735.0
2005-08-29 00:00:00,0.091,0.091,0.091,0.091,145000.0,13195.0
2005-08-30 00:00:00,0.091,0.091,0.091,0.091,80000.0,7280.0
2005-09-05 00:00:00,0.0924,0.0947,0.0924,0.0947,178000.0,16856.600000000002
2005-09-06 00:00:00,0.0924,0.0932,0.0917,0.0917,131000.0,12012.7
2005-09-08 00:00:00,0.0939,0.0939,0.0939,0.0939,100000.0,9390.0
2005-09-09 00:00:00,0.0939,0.0939,0.0924,0.0924,90460.0,8358.503999999999
2005-09-12 00:00:00,0.091,0.091,0.0888,0.0888,330000.0,29304.0
2005-09-14 00:00:00,0.088,0.088,0.088,0.088,150000.0,13200.0
2005-09-20 00:00:00,0.088,0.0939,0.088,0.0939,307460.0,28870.494
2005-09-21 00:00:00,0.0947,0.0961,0.0947,0.0961,153180.0,14720.598
2005-09-26 00:00:00,0.0991,0.0991,0.0991,0.0991,110000.0,10901.0
2005-10-03 00:00:00,0.0961,0.0961,0.0961,0.0961,12000.0,1153.2
2005-10-04 00:00:00,0.0961,0.0961,0.0961,0.0961,88000.0,8456.800000000001
2005-10-13 00:00:00,0.0961,0.0961,0.0961,0.0961,100000.0,9610.0
2005-10-20 00:00:00,0.0961,0.0961,0.0961,0.0961,32000.0,3075.2000000000003
2005-10-21 00:00:00,0.0932,0.0932,0.0932,0.0932,50000.0,4660.0
2005-10-24 00:00:00,0.0932,0.0961,0.0932,0.0961,110080.0,10578.688
2005-10-28 00:00:00,0.0961,0.0961,0.0961,0.0961,50000.0,4805.0
2005-11-17 00:00:00,0.0888,0.0888,0.0888,0.0888,100000.0,8880.0
2005-11-23 00:00:00,0.0961,0.0961,0.0961,0.0961,7690.0,739.009
2005-11-25 00:00:00,0.0947,0.0947,0.0947,0.0947,7480.0,708.356
2005-11-28 00:00:00,0.0932,0.0932,0.0932,0.0932,12520.0,1166.864
2005-12-08 00:00:00,0.0939,0.0939,0.0939,0.0939,15000.0,1408.5
2005-12-13 00:00:00,0.091,0.091,0.091,0.091,102930.0,9366.63
2005-12-14 00:00:00,0.0947,0.0961,0.0947,0.0961,90080.0,8656.688
2005-12-15 00:00:00,0.0961,0.0961,0.0961,0.0961,8440.0,811.0840000000001
2005-12-19 00:00:00,0.091,0.091,0.091,0.091,195320.0,17774.12
2005-12-28 00:00:00,0.0991,0.0998,0.0991,0.0998,80010.0,7984.998
2005-12-29 00:00:00,0.0998,0.0998,0.0998,0.0998,61100.0,6097.78
2006-01-03 00:00:00,0.0969,0.0969,0.0961,0.0961,156970.0,15084.817000000001
2006-01-04 00:00:00,0.0961,0.0961,0.0961,0.0961,34130.0,3279.893
2006-01-09 00:00:00,0.1021,0.1021,0.1021,0.1021,100000.0,10210.0
2006-01-10 00:00:00,0.1079,0.1079,0.1079,0.1079,11500.0,1240.85
2006-01-16 00:00:00,0.1079,0.1079,0.1079,0.1079,20000.0,2158.0
2006-01-25 00:00:00,0.0954,0.0954,0.0954,0.0954,150000.0,14310.0
2006-01-30 00:00:00,0.0996,0.0996,0.0954,0.0954,180000.0,17172.0
2006-02-01 00:00:00,0.0954,0.0954,0.0929,0.0929,49840.0,4630.1359999999995
2006-02-03 00:00:00,0.0954,0.0954,0.0954,0.0954,220000.0,20988.0
2006-02-10 00:00:00,0.0954,0.0954,0.0954,0.0954,100000.0,9540.0
2006-02-13 00:00:00,0.0963,0.0963,0.0963,0.0963,42730.0,4114.898999999999
2006-02-21 00:00:00,0.0979,0.0979,0.0971,0.0971,326520.0,31705.092
2006-02-27 00:00:00,0.0996,0.1066,0.0996,0.1066,35000.0,3731.0
2006-03-03 00:00:00,0.0996,0.0996,0.0996,0.0996,17000.0,1693.1999999999998
2006-03-15 00:00:00,0.0996,0.1079,0.0929,0.1079,334540.0,36096.866
2006-03-16 00:00:00,0.1062,0.1062,0.1016,0.1016,133000.0,13512.8
2006-03-17 00:00:00,0.1062,0.1158,0.1062,0.1158,219980.0,25473.684
2006-03-20 00:00:00,0.1162,0.1162,0.1162,0.1162,135000.0,15687.0
2006-03-21 00:00:00,0.1145,0.1145,0.1037,0.1062,521080.0,55338.696
2006-03-22 00:00:00,0.1112,0.1145,0.1112,0.1145,130010.0,14886.145
2006-03-23 00:00:00,0.1145,0.1145,0.1037,0.1046,478640.0,50065.744
2006-03-24 00:00:00,0.1153,0.1162,0.1153,0.1162,168000.0,19521.6
2006-03-27 00:00:00,0.1199,0.1203,0.1162,0.1162,300000.0,34860.0
2006-03-29 00:00:00,0.1236,0.1245,0.1236,0.1245,381160.0,47454.42
2006-03-30 00:00:00,0.1245,0.1245,0.1245,0.1245,163520.0,20358.24
2006-03-31 00:00:00,0.1253,0.1253,0.1245,0.1245,75000.0,9337.5
2006-04-03 00:00:00,0.1294,0.1311,0.1294,0.1311,40000.0,5244.0
2006-04-06 00:00:00,0.1311,0.1377,0.1311,0.1377,4010.0,552.1769999999999
2006-04-07 00:00:00,0.127,0.127,0.127,0.127,20000.0,2540.0
2006-04-10 00:00:00,0.1377,0.1377,0.1377,0.1377,30000.0,4131.0
2006-04-13 00:00:00,0.1178,0.1178,0.1178,0.1178,54000.0,6361.2
2006-04-26 00:00:00,0.1369,0.1369,0.1369,0.1369,83500.0,11431.15
2006-04-27 00:00:00,0.1377,0.1377,0.1377,0.1377,100000.0,13769.999999999998
2006-05-02 00:00:00,0.1494,0.166,0.1494,0.166,27650.0,4589.900000000001
2006-05-03 00:00:00,0.1494,0.1494,0.1494,0.1494,20000.0,2988.0
2006-05-09 00:00:00,0.1328,0.1328,0.1328,0.1328,10000.0,1328.0
2006-05-16 00:00:00,0.1369,0.1369,0.1328,0.1328,50000.0,6640.0
2006-05-24 00:00:00,0.1328,0.1328,0.1328,0.1328,5650.0,750.32
2006-05-30 00:00:00,0.1311,0.1311,0.1311,0.1311,100000.0,13110.0
2006-06-01 00:00:00,0.1328,0.1328,0.1328,0.1328,52390.0,6957.392
2006-06-06 00:00:00,0.1328,0.1328,0.1311,0.1311,11590.0,1519.4489999999998
2006-06-08 00:00:00,0.1311,0.1311,0.1311,0.1311,100000.0,13110.0
2006-06-23 00:00:00,0.1311,0.1311,0.1311,0.1311,10170.0,1333.287
2006-06-27 00:00:00,0.1328,0.1328,0.1328,0.1328,16750.0,2224.4
2006-06-29 00:00:00,0.1411,0.1411,0.1411,0.1411,210000.0,29631.0
2006-07-06 00:00:00,0.1411,0.1411,0.1411,0.1411,8900.0,1255.79
2006-07-07 00:00:00,0.1369,0.1369,0.1369,0.1369,70000.0,9583.0
2006-07-12 00:00:00,0.1369,0.1369,0.1369,0.1369,83980.0,11496.862
2006-07-14 00:00:00,0.1411,0.1411,0.1411,0.1411,38600.0,5446.46
2006-07-17 00:00:00,0.1377,0.1377,0.1377,0.1377,5840.0,804.1679999999999
2006-07-18 00:00:00,0.1386,0.1386,0.1336,0.1336,411050.0,54916.28
2006-07-19 00:00:00,0.151,0.151,0.151,0.151,5290.0,798.79
2006-07-31 00:00:00,0.1328,0.1328,0.1328,0.1328,48000.0,6374.4
2006-08-01 00:00:00,0.1353,0.1353,0.1328,0.1328,52390.0,6957.392
2006-08-04 00:00:00,0.1336,0.1344,0.1336,0.1344,13800.0,1854.7199999999998
2006-08-15 00:00:00,0.1369,0.1369,0.1328,0.1328,72760.0,9662.528
2006-08-16 00:00:00,0.1328,0.1328,0.1319,0.1319,117240.0,15463.955999999998
2006-08-21 00:00:00,0.1332,0.1332,0.1328,0.1328,50000.0,6640.0
2006-08-28 00:00:00,0.1369,0.1369,0.1369,0.1369,50000.0,6845.0
2006-08-29 00:00:00,0.1369,0.1369,0.1369,0.1369,10000.0,1369.0
2006-08-31 00:00:00,0.1369,0.1369,0.1369,0.1369,15000.0,2053.5
2006-09-01 00:00:00,0.1436,0.1535,0.1436,0.1535,241940.0,37137.79
2006-09-04 00:00:00,0.1477,0.1477,0.1411,0.1427,100000.0,14270.0
2006-09-07 00:00:00,0.1419,0.1419,0.1419,0.1419,20000.0,2838.0
2006-09-11 00:00:00,0.1411,0.1411,0.1411,0.1411,98000.0,13827.800000000001
2006-09-12 00:00:00,0.1411,0.1411,0.1411,0.1411,50000.0,7055.0
2006-09-18 00:00:00,0.1353,0.1353,0.1353,0.1353,2010.0,271.95300000000003
2006-09-26 00:00:00,0.1353,0.1353,0.1328,0.1353,67850.0,9180.105
2006-09-27 00:00:00,0.1353,0.1444,0.1353,0.1444,46000.0,6642.4
2006-10-02 00:00:00,0.1369,0.1369,0.1369,0.1369,90000.0,12321.0
2006-10-05 00:00:00,0.1303,0.1303,0.1303,0.1303,19000.0,2475.7
2006-10-09 00:00:00,0.1303,0.1303,0.1303,0.1303,33000.0,4299.9
2006-10-10 00:00:00,0.1328,0.1328,0.1328,0.1328,53580.0,7115.424
2006-10-12 00:00:00,0.1369,0.1369,0.1328,0.1328,95000.0,12616.0
2006-10-16 00:00:00,0.1369,0.1369,0.1369,0.1369,4400.0,602.36
2006-10-20 00:00:00,0.1369,0.1369,0.1369,0.1369,16810.0,2301.2889999999998
2006-10-23 00:00:00,0.1494,0.1494,0.1494,0.1494,4000.0,597.6
2006-10-24 00:00:00,0.1494,0.1494,0.1494,0.1494,11000.0,1643.4
2006-11-03 00:00:00,0.1328,0.1328,0.1328,0.1328,10.0,1.328
2006-11-07 00:00:00,0.1369,0.1369,0.1369,0.1369,25000.0,3422.5
2006-11-08 00:00:00,0.1444,0.1444,0.1444,0.1444,2000.0,288.8
2006-11-13 00:00:00,0.1369,0.1369,0.1369,0.1369,20000.0,2738.0
2006-11-17 00:00:00,0.1394,0.1411,0.1394,0.1411,41190.0,5811.909000000001
2006-11-28 00:00:00,0.1377,0.1377,0.1286,0.1286,99910.0,12848.426
2006-11-30 00:00:00,0.1411,0.1411,0.1411,0.1411,6000.0,846.6
2006-12-07 00:00:00,0.1452,0.1494,0.1452,0.1494,195320.0,29180.808
2006-12-08 00:00:00,0.1452,0.1452,0.1452,0.1452,18320.0,2660.064
2006-12-11 00:00:00,0.1436,0.1436,0.1436,0.1436,20000.0,2872.0
2006-12-13 00:00:00,0.146,0.146,0.146,0.146,78000.0,11388.0
2006-12-14 00:00:00,0.1494,0.1494,0.1494,0.1494,30000.0,4482.0
2006-12-15 00:00:00,0.1494,0.1494,0.1494,0.1494,30000.0,4482.0
2006-12-20 00:00:00,0.1527,0.1527,0.1527,0.1527,32190.0,4915.4130000000005
2006-12-21 00:00:00,0.1527,0.1535,0.1527,0.1535,57660.0,8850.81
2006-12-27 00:00:00,0.1535,0.1552,0.1535,0.1552,7150.0,1109.68
2006-12-29 00:00:00,0.161,0.161,0.161,0.161,13350.0,2149.35
2007-01-02 00:00:00,0.1618,0.1618,0.1618,0.1618,173650.0,28096.57
2007-01-03 00:00:00,0.1643,0.166,0.1643,0.166,95000.0,15770.0
2007-01-04 00:00:00,0.1701,0.1709,0.166,0.166,593540.0,98527.64
2007-01-10 00:00:00,0.1577,0.1577,0.1552,0.1552,172340.0,26747.168
2007-01-11 00:00:00,0.1552,0.1552,0.1494,0.1494,361160.0,53957.304000000004
2007-01-12 00:00:00,0.1535,0.1535,0.1502,0.1502,136570.0,20512.814
2007-01-15 00:00:00,0.1535,0.1535,0.1519,0.1519,80780.0,12270.482
2007-01-17 00:00:00,0.1543,0.156,0.1494,0.1494,240000.0,35856.0
2007-01-18 00:00:00,0.161,0.161,0.161,0.161,5000.0,805.0
2007-01-19 00:00:00,0.161,0.1784,0.161,0.1784,211700.0,37767.28
2007-01-25 00:00:00,0.1743,0.1743,0.1743,0.1743,25670.0,4474.281
2007-01-30 00:00:00,0.1784,0.1784,0.1784,0.1784,100000.0,17840.0
2007-01-31 00:00:00,0.1726,0.1726,0.1726,0.1726,72730.0,12553.198
2007-02-05 00:00:00,0.1743,0.1784,0.1743,0.1784,6000.0,1070.4
2007-02-07 00:00:00,0.1452,0.1494,0.1369,0.1494,1229990.0,183760.506
2007-02-08 00:00:00,0.1465,0.1535,0.1465,0.1519,285000.0,43291.5
2007-02-12 00:00:00,0.1527,0.1527,0.1527,0.1527,85000.0,12979.5
2007-02-21 00:00:00,0.1539,0.1539,0.1535,0.1535,40000.0,6140.0
2007-02-22 00:00:00,0.1535,0.1535,0.1535,0.1535,93180.0,14303.13
2007-02-26 00:00:00,0.1539,0.1539,0.1527,0.1527,195600.0,29868.12
2007-02-28 00:00:00,0.1535,0.1535,0.1502,0.1502,120870.0,18154.674
2007-03-01 00:00:00,0.1535,0.1535,0.1535,0.1535,5200.0,798.1999999999999
2007-03-05 00:00:00,0.1411,0.1411,0.1411,0.1411,23300.0,3287.63
2007-03-07 00:00:00,0.1535,0.1577,0.1535,0.1577,21600.0,3406.32
2007-03-09 00:00:00,0.1577,0.1577,0.1577,0.1577,46200.0,7285.740000000001
2007-03-12 00:00:00,0.1577,0.1618,0.1494,0.1618,10610.0,1716.698
2007-04-02 00:00:00,0.1618,0.1618,0.1618,0.1618,17600.0,2847.68
2007-04-16 00:00:00,0.1651,0.166,0.1651,0.166,50000.0,8300.0
2007-04-17 00:00:00,0.166,0.1734,0.166,0.1734,104510.0,18122.034
2007-04-18 00:00:00,0.166,0.166,0.166,0.166,39000.0,6474.0
2007-04-19 00:00:00,0.1743,0.1743,0.1743,0.1743,12730.0,2218.839
2007-04-20 00:00:00,0.1743,0.1743,0.1743,0.1743,45000.0,7843.500000000001
2007-04-23 00:00:00,0.1743,0.1743,0.1743,0.1743,24070.0,4195.401
2007-04-24 00:00:00,0.1759,0.1834,0.1759,0.1834,120000.0,22008.0
2007-05-03 00:00:00,0.1826,0.1826,0.1826,0.1826,70000.0,12782.0
2007-05-07 00:00:00,0.1867,0.1867,0.1867,0.1867,20000.0,3734.0
2007-05-08 00:00:00,0.1826,0.1826,0.1826,0.1826,16000.0,2921.6000000000004
2007-05-09 00:00:00,0.1826,0.1909,0.1826,0.1909,94150.0,17973.234999999997
2007-05-11 00:00:00,0.195,0.195,0.195,0.195,20000.0,3900.0
2007-05-14 00:00:00,0.1909,0.1909,0.1909,0.1909,100000.0,19090.0
2007-05-15 00:00:00,0.1933,0.195,0.1933,0.195,100000.0,19500.0
2007-05-16 00:00:00,0.1909,0.1909,0.1909,0.1909,20910.0,3991.7189999999996
2007-05-25 00:00:00,0.2074,0.224,0.2074,0.224,221060.0,49517.44
2007-05-29 00:00:00,0.2489,0.2489,0.2489,0.2489,20000.0,4978.0
2007-06-04 00:00:00,0.2531,0.2655,0.2531,0.2655,80430.0,21354.165
2007-06-06 00:00:00,0.263,0.2655,0.2614,0.2655,265530.0,70498.215
2007-06-12 00:00:00,0.2655,0.2655,0.2655,0.2655,107500.0,28541.25
2007-06-13 00:00:00,0.2664,0.2664,0.2664,0.2664,100000.0,26640.000000000004
2007-06-20 00:00:00,0.2639,0.2639,0.2639,0.2639,100000.0,26390.000000000004
2007-06-21 00:00:00,0.2639,0.2639,0.2639,0.2639,150000.0,39585.0
2007-06-22 00:00:00,0.2581,0.2581,0.2581,0.2581,73140.0,18877.434
2007-06-25 00:00:00,0.2581,0.2581,0.2581,0.2581,126860.0,32742.566
2007-06-28 00:00:00,0.2448,0.2572,0.2448,0.2572,388940.0,100035.36799999999
2007-07-02 00:00:00,0.2074,0.2531,0.2074,0.2531,51750.0,13097.925
2007-07-05 00:00:00,0.2489,0.2531,0.2489,0.2531,140480.0,35555.488
2007-07-09 00:00:00,0.2531,0.2531,0.2531,0.2531,100000.0,25310.0
2007-07-13 00:00:00,0.2489,0.2489,0.2489,0.2489,10000.0,2489.0
2007-07-16 00:00:00,0.2489,0.2489,0.2489,0.2489,50000.0,12445.0
2007-07-19 00:00:00,0.2531,0.2531,0.2531,0.2531,80000.0,20248.0
2007-07-20 00:00:00,0.2531,0.2531,0.2531,0.2531,300000.0,75930.0
2007-07-23 00:00:00,0.2489,0.2489,0.2489,0.2489,40000.0,9956.0
2007-07-24 00:00:00,0.2523,0.2523,0.2489,0.2489,303630.0,75573.507
2007-07-26 00:00:00,0.2489,0.2489,0.2489,0.2489,400000.0,99560.0
2007-07-30 00:00:00,0.2481,0.2481,0.2481,0.2481,3090.0,766.6289999999999
2007-07-31 00:00:00,0.2506,0.2572,0.2506,0.2572,180000.0,46296.0
2007-08-10 00:00:00,0.2556,0.2556,0.2556,0.2556,5790.0,1479.924
2007-08-16 00:00:00,0.2166,0.2199,0.2157,0.2157,570000.0,122949.0
2007-08-17 00:00:00,0.2157,0.2157,0.2157,0.2157,10360.0,2234.652
2007-08-20 00:00:00,0.2373,0.2373,0.2373,0.2373,5090.0,1207.857
2007-08-21 00:00:00,0.2323,0.2323,0.224,0.224,94590.0,21188.16
2007-08-24 00:00:00,0.2199,0.2199,0.2199,0.2199,20000.0,4398.0
2007-08-31 00:00:00,0.224,0.224,0.224,0.224,51000.0,11424.0
2007-09-03 00:00:00,0.224,0.224,0.224,0.224,16000.0,3584.0
2007-09-04 00:00:00,0.2323,0.2323,0.2323,0.2323,84000.0,19513.2
2007-09-05 00:00:00,0.224,0.224,0.224,0.224,9000.0,2016.0
2007-09-06 00:00:00,0.2323,0.2323,0.2323,0.2323,60000.0,13938.0
2007-09-07 00:00:00,0.2323,0.2323,0.2323,0.2323,21650.0,5029.295
2007-09-10 00:00:00,0.2282,0.2282,0.2282,0.2282,78350.0,17879.469999999998
2007-09-11 00:00:00,0.224,0.224,0.224,0.224,50000.0,11200.0
2007-09-14 00:00:00,0.2282,0.2282,0.2257,0.2257,200000.0,45140.0
2007-09-20 00:00:00,0.2257,0.2257,0.2257,0.2257,70000.0,15799.0
2007-09-25 00:00:00,0.2257,0.2257,0.2257,0.2257,53260.0,12020.782000000001
2007-09-26 00:00:00,0.2282,0.2282,0.2282,0.2282,1740.0,397.068
2007-09-28 00:00:00,0.2257,0.2257,0.2257,0.2257,50000.0,11285.0
2007-10-15 00:00:00,0.2406,0.2406,0.2406,0.2406,50000.0,12030.0
2007-10-18 00:00:00,0.2697,0.2697,0.2697,0.2697,55000.0,14833.5
2007-10-22 00:00:00,0.2406,0.2406,0.2406,0.2406,111000.0,26706.600000000002
2007-10-23 00:00:00,0.2323,0.2406,0.2323,0.2323,115000.0,26714.5
2007-10-24 00:00:00,0.2323,0.2323,0.2323,0.2323,31500.0,7317.45
2007-10-25 00:00:00,0.2323,0.2323,0.2323,0.2323,1500.0,348.45
2007-10-26 00:00:00,0.2323,0.2323,0.2323,0.2323,42586.0,9892.7278
2007-10-29 00:00:00,0.2489,0.2489,0.224,0.224,2940.0,658.5600000000001
2007-10-30 00:00:00,0.2323,0.2323,0.224,0.224,23000.0,5152.0
2007-11-02 00:00:00,0.224,0.224,0.224,0.224,31060.0,6957.4400000000005
2007-11-05 00:00:00,0.2074,0.2074,0.2074,0.2074,80000.0,16592.0
2007-11-06 00:00:00,0.2323,0.2323,0.2323,0.2323,150000.0,34845.0
2007-11-07 00:00:00,0.2365,0.2448,0.2365,0.2448,91214.0,22329.1872
2007-11-09 00:00:00,0.2448,0.2448,0.2448,0.2448,390.0,95.472
2007-11-12 00:00:00,0.2489,0.2489,0.2489,0.2489,14001.0,3484.8489
2007-11-13 00:00:00,0.2489,0.2655,0.2489,0.2655,49999.0,13274.7345
2007-11-15 00:00:00,0.2572,0.2572,0.2572,0.2572,200000.0,51440.0
2007-11-19 00:00:00,0.2572,0.2572,0.2572,0.2572,20000.0,5144.0
2007-11-20 00:00:00,0.2655,0.2655,0.2655,0.2655,3000.0,796.5
2007-11-21 00:00:00,0.2655,0.2655,0.2655,0.2655,56040.0,14878.62
2007-11-26 00:00:00,0.2655,0.2655,0.2655,0.2655,13664.0,3627.7920000000004
2007-12-05 00:00:00,0.2655,0.2655,0.2655,0.2655,26336.0,6992.2080000000005
2007-12-06 00:00:00,0.2821,0.2987,0.2821,0.2904,50590.0,14691.336
2007-12-07 00:00:00,0.2904,0.2987,0.2904,0.2987,19039.0,5686.9493
2007-12-10 00:00:00,0.2987,0.2987,0.2987,0.2987,36230.0,10821.901000000002
2007-12-19 00:00:00,0.2987,0.2987,0.2904,0.2904,225000.0,65340.0
2007-12-20 00:00:00,0.2489,0.2489,0.2489,0.2489,10000.0,2489.0
2007-12-21 00:00:00,0.2489,0.2489,0.2489,0.2489,15000.0,3733.5
2007-12-24 00:00:00,0.2614,0.2655,0.2614,0.2655,49166.0,13053.573
2008-01-07 00:00:00,0.2572,0.2572,0.2572,0.2572,15700.0,4038.04
2008-01-15 00:00:00,0.2489,0.2489,0.2489,0.2489,33000.0,8213.7
2008-01-22 00:00:00,0.2033,0.2033,0.2033,0.2033,26200.0,5326.46
2008-01-23 00:00:00,0.2033,0.2282,0.2033,0.2282,43800.0,9995.16
2008-01-24 00:00:00,0.2489,0.2489,0.2489,0.2489,4000.0,995.6
2008-02-12 00:00:00,0.2406,0.2489,0.2406,0.2489,35000.0,8711.5
2008-02-13 00:00:00,0.2406,0.2406,0.2406,0.2406,4000.0,962.4
2008-02-14 00:00:00,0.2406,0.2406,0.2406,0.2406,23000.0,5533.8
2008-02-18 00:00:00,0.2406,0.2406,0.2406,0.2406,2000.0,481.2
2008-02-19 00:00:00,0.2531,0.2655,0.2282,0.2489,816520.0,203231.828
2008-02-21 00:00:00,0.2489,0.2489,0.2489,0.2489,100000.0,24890.0
2008-02-25 00:00:00,0.2448,0.2448,0.2448,0.2448,187000.0,45777.6
2008-02-26 00:00:00,0.2406,0.2406,0.2406,0.2406,35000.0,8421.0
2008-02-27 00:00:00,0.2448,0.2489,0.2448,0.2448,225560.0,55217.087999999996
2008-02-28 00:00:00,0.2406,0.2448,0.2406,0.2448,109460.0,26795.807999999997
2008-02-29 00:00:00,0.2406,0.2406,0.2406,0.2406,1.0,0.2406
2008-03-03 00:00:00,0.2074,0.2282,0.2074,0.2282,90000.0,20538.0
2008-03-05 00:00:00,0.2282,0.2282,0.2282,0.2282,80000.0,18256.0
2008-03-06 00:00:00,0.2282,0.2282,0.2074,0.2074,24146.0,5007.8804
2008-03-07 00:00:00,0.2074,0.2199,0.1991,0.2199,95000.0,20890.5
2008-03-10 00:00:00,0.1826,0.1826,0.166,0.166,200000.0,33200.0
2008-03-12 00:00:00,0.2116,0.2116,0.2116,0.2116,70000.0,14812.0
2008-03-14 00:00:00,0.2116,0.2116,0.1867,0.2074,171700.0,35610.58
2008-03-18 00:00:00,0.2033,0.2033,0.2033,0.2033,40000.0,8132.0
2008-03-20 00:00:00,0.2033,0.2033,0.2033,0.2033,40300.0,8192.99
2008-03-26 00:00:00,0.1991,0.1991,0.195,0.1991,54100.0,10771.31
2008-03-27 00:00:00,0.1909,0.1909,0.1909,0.1909,20000.0,3817.9999999999995
2008-03-28 00:00:00,0.1991,0.2033,0.1991,0.2033,40000.0,8132.0
2008-03-31 00:00:00,0.1991,0.1991,0.1991,0.1991,15000.0,2986.5
2008-04-01 00:00:00,0.2033,0.2033,0.2033,0.2033,4000.0,813.2
2008-04-02 00:00:00,0.1909,0.2033,0.1909,0.2033,30000.0,6099.0
2008-04-03 00:00:00,0.1826,0.1826,0.1826,0.1826,69000.0,12599.400000000001
2008-04-04 00:00:00,0.1743,0.1743,0.1743,0.1743,290100.0,50564.43
2008-04-07 00:00:00,0.166,0.166,0.166,0.166,205000.0,34030.0
2008-04-08 00:00:00,0.166,0.166,0.1577,0.1577,120810.0,19051.737
2008-04-10 00:00:00,0.1743,0.1743,0.1743,0.1743,30000.0,5229.0
2008-04-14 00:00:00,0.1701,0.1701,0.1577,0.1577,118040.0,18614.908
2008-04-21 00:00:00,0.1909,0.1909,0.1909,0.1909,11100.0,2118.99
2008-04-22 00:00:00,0.1909,0.2033,0.1909,0.2033,16900.0,3435.77
2008-04-28 00:00:00,0.195,0.195,0.195,0.195,18000.0,3510.0
2008-04-29 00:00:00,0.1991,0.1991,0.1991,0.1991,42861.0,8533.6251
2008-04-30 00:00:00,0.1991,0.1991,0.1991,0.1991,29000.0,5773.9
2008-05-01 00:00:00,0.2033,0.2033,0.2033,0.2033,14350.0,2917.355
2008-05-05 00:00:00,0.2074,0.2074,0.2074,0.2074,290110.0,60168.814
2008-05-06 00:00:00,0.224,0.224,0.224,0.224,3000.0,672.0
2008-05-12 00:00:00,0.1991,0.1991,0.1991,0.1991,38000.0,7565.8
2008-05-13 00:00:00,0.2199,0.2199,0.2199,0.2199,36753.0,8081.984700000001
2008-05-14 00:00:00,0.1991,0.1991,0.1991,0.1991,961.0,191.3351
2008-05-16 00:00:00,0.2157,0.2157,0.2157,0.2157,961.0,207.2877
2008-05-28 00:00:00,0.2157,0.2157,0.2157,0.2157,56721.0,12234.7197
2008-05-30 00:00:00,0.2199,0.2199,0.2199,0.2199,5000.0,1099.5
2008-06-04 00:00:00,0.2116,0.2116,0.2116,0.2116,124468.0,26337.4288
2008-06-05 00:00:00,0.2116,0.2116,0.2116,0.2116,26571.0,5622.4236
2008-06-10 00:00:00,0.2074,0.2074,0.2074,0.2074,1068360.0,221577.864
2008-06-11 00:00:00,0.2074,0.2074,0.2074,0.2074,500000.0,103700.0
2008-06-12 00:00:00,0.1991,0.1991,0.1991,0.1991,150000.0,29865.0
2008-06-19 00:00:00,0.1867,0.1867,0.1826,0.1826,25830.0,4716.558
2008-06-20 00:00:00,0.1991,0.1991,0.1991,0.1991,15000.0,2986.5
2008-06-23 00:00:00,0.1867,0.1867,0.1867,0.1867,10000.0,1867.0
2008-06-24 00:00:00,0.1867,0.1867,0.1826,0.1826,30270.0,5527.302000000001
2008-06-25 00:00:00,0.1743,0.1743,0.1743,0.1743,30000.0,5229.0
2008-06-26 00:00:00,0.166,0.1826,0.166,0.1826,74730.0,13645.698
2008-06-30 00:00:00,0.1909,0.1909,0.1909,0.1909,25000.0,4772.5
2008-07-09 00:00:00,0.1909,0.1909,0.1909,0.1909,5000.0,954.4999999999999
2008-07-10 00:00:00,0.1867,0.1867,0.1867,0.1867,2200.0,410.74
2008-07-11 00:00:00,0.1494,0.1535,0.1494,0.1535,52800.0,8104.8
2008-07-18 00:00:00,0.1909,0.1909,0.1909,0.1909,5000.0,954.4999999999999
2008-07-21 00:00:00,0.1909,0.1909,0.1909,0.1909,4000.0,763.5999999999999
2008-07-24 00:00:00,0.1494,0.1494,0.1494,0.1494,170000.0,25398.0
2008-07-29 00:00:00,0.1411,0.1411,0.1411,0.1411,3090.0,435.999
2008-08-04 00:00:00,0.1577,0.1618,0.1577,0.1618,30000.0,4854.0
2008-08-05 00:00:00,0.1411,0.1411,0.1328,0.1328,70000.0,9296.0
2008-08-12 00:00:00,0.1369,0.1369,0.1369,0.1369,4000.0,547.6
2008-08-21 00:00:00,0.1535,0.1535,0.1535,0.1535,4800.0,736.8
2008-08-27 00:00:00,0.1452,0.1452,0.1452,0.1452,5200.0,755.04
2008-09-01 00:00:00,0.1494,0.1494,0.1494,0.1494,100000.0,14940.0
2008-09-02 00:00:00,0.1452,0.1452,0.1452,0.1452,89300.0,12966.359999999999
2008-09-03 00:00:00,0.1369,0.1369,0.1369,0.1369,1820.0,249.158
2008-09-05 00:00:00,0.1245,0.1245,0.1245,0.1245,10700.0,1332.15
2008-09-08 00:00:00,0.1369,0.1411,0.1369,0.1411,80100.0,11302.11
2008-09-16 00:00:00,0.1452,0.1452,0.1452,0.1452,19900.0,2889.48
2008-09-26 00:00:00,0.1328,0.1328,0.1328,0.1328,106070.0,14086.096
2008-10-07 00:00:00,0.1328,0.1328,0.1328,0.1328,100000.0,13280.0
2008-10-15 00:00:00,0.1328,0.1328,0.1328,0.1328,15000.0,1992.0
2008-11-07 00:00:00,0.0996,0.0996,0.0996,0.0996,30000.0,2988.0
2008-11-10 00:00:00,0.0996,0.0996,0.0996,0.0996,10000.0,995.9999999999999
2008-11-11 00:00:00,0.0996,0.0996,0.0996,0.0996,5000.0,497.99999999999994
2008-11-13 00:00:00,0.0913,0.0913,0.0913,0.0913,5000.0,456.50000000000006
2008-11-14 00:00:00,0.083,0.083,0.083,0.083,495000.0,41085.0
2008-11-17 00:00:00,0.0996,0.0996,0.0996,0.0996,123930.0,12343.428
2008-11-18 00:00:00,0.0996,0.0996,0.0996,0.0996,50000.0,4980.0
2008-11-26 00:00:00,0.0871,0.0871,0.0672,0.083,136980.0,11369.34
2008-12-03 00:00:00,0.0747,0.0747,0.0747,0.0747,20000.0,1494.0
2008-12-08 00:00:00,0.083,0.083,0.083,0.083,25000.0,2075.0
2008-12-09 00:00:00,0.0913,0.0913,0.0913,0.0913,14000.0,1278.2
2008-12-15 00:00:00,0.0954,0.0954,0.0954,0.0954,47000.0,4483.8
2008-12-18 00:00:00,0.0996,0.1162,0.0996,0.1162,57000.0,6623.4
2008-12-23 00:00:00,0.1162,0.1162,0.112,0.112,10000.0,1120.0
2008-12-29 00:00:00,0.112,0.112,0.112,0.112,2750.0,308.0
2009-01-07 00:00:00,0.1079,0.1162,0.1079,0.1162,57407.0,6670.6934
2009-01-12 00:00:00,0.1245,0.1245,0.1245,0.1245,20000.0,2490.0
2009-01-16 00:00:00,0.1079,0.1079,0.1079,0.1079,10000.0,1079.0
2009-01-19 00:00:00,0.1079,0.1079,0.1079,0.1079,28000.0,3021.2
2009-01-20 00:00:00,0.1162,0.1162,0.1162,0.1162,7000.0,813.4
2009-01-21 00:00:00,0.1162,0.1162,0.1162,0.1162,32000.0,3718.4
2009-02-13 00:00:00,0.112,0.112,0.0996,0.0996,88000.0,8764.8
2009-02-16 00:00:00,0.1162,0.1162,0.1162,0.1162,7000.0,813.4
2009-02-17 00:00:00,0.0996,0.0996,0.0996,0.0996,28000.0,2788.7999999999997
2009-02-18 00:00:00,0.1079,0.1079,0.1079,0.1079,1753.0,189.1487
2009-03-05 00:00:00,0.1079,0.1079,0.1079,0.1079,38247.0,4126.8513
2009-03-30 00:00:00,0.1162,0.1162,0.1162,0.1162,603.0,70.0686
2009-04-03 00:00:00,0.1162,0.1328,0.1162,0.1328,37190.0,4938.832
2009-04-16 00:00:00,0.1411,0.1494,0.1411,0.1452,141000.0,20473.2
2009-04-17 00:00:00,0.1203,0.1328,0.1162,0.1328,28050.0,3725.04
2009-04-21 00:00:00,0.1328,0.1328,0.1328,0.1328,27118.0,3601.2704
2009-04-24 00:00:00,0.1411,0.1452,0.1411,0.1452,1232.0,178.88639999999998
2009-05-01 00:00:00,0.1286,0.1452,0.1286,0.1452,27191.0,3948.1331999999998
2009-05-04 00:00:00,0.1369,0.1369,0.1369,0.1369,30000.0,4107.0
2009-05-05 00:00:00,0.1369,0.1369,0.1369,0.1369,13000.0,1779.6999999999998
2009-05-06 00:00:00,0.1328,0.1328,0.1245,0.1245,26378.0,3284.061
2009-05-11 00:00:00,0.1245,0.1245,0.1245,0.1245,22860.0,2846.07
2009-05-15 00:00:00,0.1369,0.1369,0.1369,0.1369,28191.0,3859.3478999999998
2009-05-18 00:00:00,0.1577,0.1577,0.1494,0.1494,21809.0,3258.2646
2009-05-25 00:00:00,0.1286,0.1286,0.1286,0.1286,2136.0,274.6896
2009-05-26 00:00:00,0.1494,0.1494,0.1494,0.1494,20000.0,2988.0
2009-05-27 00:00:00,0.1494,0.1494,0.1494,0.1494,3864.0,577.2816
2009-05-28 00:00:00,0.1494,0.1494,0.1494,0.1494,16600.0,2480.04
2009-06-03 00:00:00,0.1494,0.1494,0.1494,0.1494,122000.0,18226.8
2009-06-04 00:00:00,0.1535,0.1535,0.1328,0.1535,19231.0,2951.9584999999997
2009-06-09 00:00:00,0.1535,0.1535,0.1535,0.1535,25019.0,3840.4165
2009-06-17 00:00:00,0.1494,0.1494,0.1411,0.1411,105000.0,14815.5
2009-06-19 00:00:00,0.1411,0.1411,0.1411,0.1411,5300.0,747.83
2009-07-03 00:00:00,0.1328,0.1328,0.1328,0.1328,22743.0,3020.2704
2009-07-06 00:00:00,0.1411,0.1411,0.1328,0.1328,21441.0,2847.3648
2009-07-15 00:00:00,0.1369,0.1369,0.1369,0.1369,50000.0,6845.0
2009-07-16 00:00:00,0.1328,0.1328,0.1328,0.1328,135338.0,17972.8864
2009-07-17 00:00:00,0.1328,0.1328,0.1328,0.1328,16000.0,2124.8
2009-07-20 00:00:00,0.1286,0.1328,0.1286,0.1328,26500.0,3519.2
2009-07-22 00:00:00,0.1328,0.1328,0.1328,0.1328,34745.0,4614.136
2009-07-24 00:00:00,0.1328,0.1452,0.1328,0.1452,190029.0,27592.2108
2009-07-27 00:00:00,0.166,0.1826,0.166,0.1826,30000.0,5478.0
2009-07-29 00:00:00,0.1784,0.1784,0.1784,0.1784,16000.0,2854.4
2009-07-31 00:00:00,0.1784,0.1784,0.1784,0.1784,10000.0,1784.0
2009-08-03 00:00:00,0.1784,0.1784,0.1784,0.1784,4000.0,713.6
2009-08-04 00:00:00,0.1826,0.1826,0.1826,0.1826,95000.0,17347.0
2009-08-07 00:00:00,0.1784,0.1784,0.1784,0.1784,2393.0,426.9112
2009-08-11 00:00:00,0.1826,0.1826,0.1826,0.1826,10000.0,1826.0000000000002
2009-08-12 00:00:00,0.1826,0.1826,0.1826,0.1826,10000.0,1826.0000000000002
2009-08-14 00:00:00,0.1826,0.1826,0.1826,0.1826,253000.0,46197.8
2009-08-17 00:00:00,0.1784,0.1784,0.1369,0.1577,76507.0,12065.153900000001
2009-08-19 00:00:00,0.1577,0.1577,0.1577,0.1577,58550.0,9233.335000000001
2009-08-21 00:00:00,0.1577,0.1577,0.1411,0.1411,5263.0,742.6093
2009-08-24 00:00:00,0.1577,0.1701,0.1577,0.1701,80268.0,13653.586800000001
2009-08-25 00:00:00,0.1701,0.1701,0.1701,0.1701,8000.0,1360.8
2009-08-26 00:00:00,0.1701,0.1701,0.1701,0.1701,5113.0,869.7213
2009-08-27 00:00:00,0.1743,0.1826,0.1743,0.1826,14545.0,2655.9170000000004
2009-09-01 00:00:00,0.1784,0.1784,0.1784,0.1784,15000.0,2676.0
2009-09-02 00:00:00,0.1743,0.1743,0.1701,0.1701,49887.0,8485.7787
2009-09-04 00:00:00,0.1743,0.1743,0.1743,0.1743,22000.0,3834.6000000000004
2009-09-07 00:00:00,0.1826,0.1826,0.1826,0.1826,30000.0,5478.0
2009-09-10 00:00:00,0.1826,0.1991,0.1826,0.195,151188.0,29481.66
2009-09-11 00:00:00,0.195,0.195,0.195,0.195,40000.0,7800.0
2009-09-14 00:00:00,0.195,0.1991,0.195,0.1991,40000.0,7964.0
2009-09-15 00:00:00,0.1991,0.2074,0.1867,0.2074,84168.0,17456.4432
2009-09-16 00:00:00,0.2074,0.2074,0.1991,0.2074,66888.0,13872.5712
2009-09-17 00:00:00,0.2074,0.2074,0.2074,0.2074,55000.0,11407.0
2009-09-21 00:00:00,0.2074,0.2074,0.2074,0.2074,4455.0,923.967
2009-09-22 00:00:00,0.2074,0.2074,0.2074,0.2074,32000.0,6636.8
2009-09-25 00:00:00,0.2116,0.2116,0.2033,0.2074,216960.0,44997.504
2009-09-28 00:00:00,0.2074,0.2074,0.2074,0.2074,110000.0,22814.0
2009-09-29 00:00:00,0.2033,0.2033,0.1991,0.1991,108696.0,21641.3736
2009-10-01 00:00:00,0.1991,0.1991,0.1991,0.1991,72654.0,14465.411399999999
2009-10-02 00:00:00,0.195,0.195,0.195,0.195,5428.0,1058.46
2009-10-05 00:00:00,0.1991,0.1991,0.1991,0.1991,46918.0,9341.3738
2009-10-13 00:00:00,0.1826,0.1826,0.1784,0.1784,8500.0,1516.4
2009-10-14 00:00:00,0.1991,0.2033,0.1991,0.2033,2960.0,601.768
2009-10-16 00:00:00,0.2033,0.2033,0.2033,0.2033,2100.0,426.93
2009-10-19 00:00:00,0.1867,0.2033,0.1867,0.2033,12000.0,2439.6
2009-10-20 00:00:00,0.1991,0.2033,0.1991,0.2033,3773.0,767.0509000000001
2009-10-27 00:00:00,0.1867,0.1867,0.1826,0.1826,162000.0,29581.2
2009-10-29 00:00:00,0.1909,0.195,0.1784,0.1784,78000.0,13915.2
2009-11-02 00:00:00,0.1826,0.1826,0.1826,0.1826,15000.0,2739.0
2009-11-03 00:00:00,0.1743,0.1743,0.1743,0.1743,2.0,0.3486
2009-11-09 00:00:00,0.1784,0.1826,0.1784,0.1826,34000.0,6208.400000000001
2009-11-10 00:00:00,0.1826,0.1826,0.1826,0.1826,1796.0,327.94960000000003
2009-11-13 00:00:00,0.1909,0.1909,0.1867,0.1867,32533.0,6073.9111
2009-11-16 00:00:00,0.1867,0.1867,0.1867,0.1867,17467.0,3261.0889
2009-11-17 00:00:00,0.1867,0.1867,0.1867,0.1867,2401.0,448.2667
2009-11-25 00:00:00,0.1991,0.1991,0.1991,0.1991,6000.0,1194.6
2009-11-26 00:00:00,0.1991,0.1991,0.1991,0.1991,75000.0,14932.5
2009-11-27 00:00:00,0.1909,0.1909,0.1909,0.1909,100000.0,19090.0
2009-12-02 00:00:00,0.195,0.195,0.195,0.195,6000.0,1170.0
2009-12-08 00:00:00,0.1867,0.1867,0.1784,0.1784,17000.0,3032.8
2009-12-09 00:00:00,0.1701,0.1701,0.166,0.166,68000.0,11288.0
2009-12-15 00:00:00,0.195,0.195,0.195,0.195,7000.0,1365.0
2009-12-17 00:00:00,0.1909,0.195,0.1909,0.195,7215.0,1406.925
2009-12-18 00:00:00,0.195,0.2074,0.195,0.2074,106584.0,22105.5216
2009-12-21 00:00:00,0.2323,0.2323,0.2323,0.2323,16031.0,3724.0013
2009-12-22 00:00:00,0.1991,0.2074,0.1991,0.2074,21720.0,4504.728
2009-12-24 00:00:00,0.2157,0.2365,0.2157,0.2365,9700.0,2294.0499999999997
2009-12-29 00:00:00,0.2365,0.2365,0.2365,0.2365,5701.0,1348.2865
2009-12-30 00:00:00,0.2406,0.2406,0.2365,0.2365,24657.0,5831.380499999999
2010-01-04 00:00:00,0.2365,0.2406,0.2365,0.2365,98220.0,23229.03
2010-01-05 00:00:00,0.2365,0.2365,0.2365,0.2365,96821.0,22898.1665
2010-01-06 00:00:00,0.2365,0.2365,0.2365,0.2365,3179.0,751.8335
2010-01-08 00:00:00,0.2448,0.2448,0.2448,0.2448,11821.0,2893.7808
2010-01-11 00:00:00,0.2448,0.2448,0.2448,0.2448,33898.0,8298.2304
2010-01-14 00:00:00,0.2406,0.2448,0.2406,0.2448,123325.0,30189.96
2010-01-15 00:00:00,0.2655,0.2655,0.2655,0.2655,102500.0,27213.75
2010-01-18 00:00:00,0.2655,0.2821,0.2655,0.2821,238000.0,67139.8
2010-01-20 00:00:00,0.2821,0.2821,0.2821,0.2821,25044.0,7064.9124
2010-01-21 00:00:00,0.2697,0.2697,0.2697,0.2697,3000.0,809.1
2010-02-02 00:00:00,0.2614,0.2614,0.2614,0.2614,7000.0,1829.8000000000002
2010-02-05 00:00:00,0.2614,0.2614,0.2614,0.2614,2501.0,653.7614000000001
2010-02-15 00:00:00,0.2697,0.2697,0.2697,0.2697,6800.0,1833.96
2010-02-16 00:00:00,0.2697,0.2697,0.2614,0.2614,24545.0,6416.063
2010-02-17 00:00:00,0.2614,0.2614,0.2614,0.2614,8477.0,2215.8878
2010-02-23 00:00:00,0.2572,0.2572,0.2572,0.2572,10200.0,2623.44
2010-02-24 00:00:00,0.2489,0.2489,0.2489,0.2489,35500.0,8835.95
2010-02-25 00:00:00,0.2489,0.2489,0.2489,0.2489,5600.0,1393.8400000000001
2010-02-26 00:00:00,0.2365,0.2365,0.2323,0.2323,94345.0,21916.3435
2010-03-02 00:00:00,0.2406,0.2406,0.2406,0.2406,14793.0,3559.1958
2010-03-03 00:00:00,0.2406,0.2406,0.2406,0.2406,110000.0,26466.0
2010-03-04 00:00:00,0.2448,0.2448,0.2406,0.2406,29016.0,6981.2496
2010-03-05 00:00:00,0.2448,0.2448,0.2406,0.2406,195000.0,46917.0
2010-03-08 00:00:00,0.2406,0.2406,0.2323,0.2323,20000.0,4646.0
2010-03-09 00:00:00,0.2448,0.2448,0.2448,0.2448,2543.0,622.5264
2010-03-10 00:00:00,0.2365,0.2365,0.2365,0.2365,30000.0,7095.0
2010-03-12 00:00:00,0.2406,0.2406,0.2406,0.2406,38313.0,9218.1078
2010-03-15 00:00:00,0.2448,0.2448,0.2448,0.2448,3390.0,829.872
2010-03-16 00:00:00,0.2448,0.2489,0.2406,0.2406,105000.0,25263.0
2010-03-19 00:00:00,0.2448,0.2448,0.2448,0.2448,37084.0,9078.163199999999
2010-03-22 00:00:00,0.2323,0.2323,0.2323,0.2323,95000.0,22068.5
2010-03-23 00:00:00,0.2365,0.2365,0.2365,0.2365,9500.0,2246.75
2010-03-24 00:00:00,0.2448,0.2448,0.2448,0.2448,68300.0,16719.84
2010-03-25 00:00:00,0.2448,0.2489,0.2448,0.2489,137000.0,34099.3
2010-03-26 00:00:00,0.2365,0.2448,0.2365,0.2448,75500.0,18482.399999999998
2010-04-01 00:00:00,0.2448,0.2448,0.2448,0.2448,2760.0,675.648
2010-04-06 00:00:00,0.2448,0.2448,0.2448,0.2448,2600.0,636.48
2010-04-07 00:00:00,0.2448,0.2448,0.2448,0.2448,10000.0,2448.0
2010-04-08 00:00:00,0.2406,0.2406,0.2365,0.2365,110800.0,26204.199999999997
2010-04-09 00:00:00,0.2365,0.2365,0.2365,0.2365,32000.0,7568.0
2010-04-12 00:00:00,0.2365,0.2406,0.2365,0.2406,187200.0,45040.32
2010-04-13 00:00:00,0.2406,0.2406,0.2365,0.2365,89000.0,21048.5
2010-04-14 00:00:00,0.2365,0.2406,0.2323,0.2365,417304.0,98692.396
2010-04-15 00:00:00,0.2365,0.2365,0.2365,0.2365,40000.0,9460.0
2010-04-16 00:00:00,0.2323,0.2406,0.2323,0.2406,105000.0,25263.0
2010-04-20 00:00:00,0.2365,0.2365,0.2323,0.2323,52000.0,12079.6
2010-04-21 00:00:00,0.2406,0.2406,0.2406,0.2406,5600.0,1347.3600000000001
2010-04-23 00:00:00,0.2365,0.2365,0.2365,0.2365,35000.0,8277.5
2010-04-27 00:00:00,0.2323,0.2406,0.2323,0.2406,95522.0,22982.5932
2010-04-30 00:00:00,0.2448,0.2448,0.2448,0.2448,16000.0,3916.7999999999997
2010-05-03 00:00:00,0.224,0.2406,0.2157,0.2406,212800.0,51199.68
2010-05-10 00:00:00,0.2199,0.2365,0.2199,0.2365,18000.0,4257.0
2010-05-17 00:00:00,0.2323,0.2323,0.2323,0.2323,28000.0,6504.400000000001
2010-05-18 00:00:00,0.2323,0.2323,0.2323,0.2323,38130.0,8857.599
2010-05-19 00:00:00,0.2199,0.2199,0.2199,0.2199,10000.0,2199.0
2010-05-20 00:00:00,0.224,0.224,0.224,0.224,90000.0,20160.0
2010-05-21 00:00:00,0.2199,0.2199,0.2199,0.2199,32000.0,7036.8
2010-05-25 00:00:00,0.2157,0.2157,0.2157,0.2157,15000.0,3235.5
2010-05-26 00:00:00,0.2199,0.2199,0.2199,0.2199,8000.0,1759.2
2010-05-28 00:00:00,0.224,0.224,0.224,0.224,20000.0,4480.0
2010-06-03 00:00:00,0.2157,0.2157,0.2157,0.2157,9800.0,2113.86
2010-06-08 00:00:00,0.2199,0.2199,0.2199,0.2199,52500.0,11544.75
2010-06-09 00:00:00,0.224,0.224,0.224,0.224,2000.0,448.0
2010-06-10 00:00:00,0.224,0.224,0.224,0.224,15000.0,3360.0
2010-06-15 00:00:00,0.224,0.224,0.224,0.224,11137.0,2494.688
2010-06-21 00:00:00,0.224,0.224,0.224,0.224,17000.0,3808.0
2010-06-24 00:00:00,0.224,0.224,0.224,0.224,20000.0,4480.0
2010-06-30 00:00:00,0.2199,0.2199,0.2199,0.2199,20000.0,4398.0
2010-07-07 00:00:00,0.224,0.224,0.224,0.224,4050.0,907.2
2010-07-08 00:00:00,0.2323,0.2323,0.2323,0.2323,5950.0,1382.185
2010-07-16 00:00:00,0.224,0.224,0.224,0.224,9512.0,2130.688
2010-07-20 00:00:00,0.2489,0.2489,0.2489,0.2489,65000.0,16178.5
2010-07-23 00:00:00,0.2406,0.2448,0.2406,0.2448,22500.0,5508.0
2010-08-09 00:00:00,0.2448,0.2448,0.2448,0.2448,2000.0,489.59999999999997
2010-08-11 00:00:00,0.2365,0.2365,0.2323,0.2323,35000.0,8130.5
2010-08-12 00:00:00,0.2323,0.2323,0.224,0.224,60942.0,13651.008
2010-08-18 00:00:00,0.2323,0.2323,0.2323,0.2323,3000.0,696.9
2010-08-19 00:00:00,0.2323,0.2323,0.2323,0.2323,100000.0,23230.0
2010-08-25 00:00:00,0.2323,0.2323,0.2323,0.2323,1.0,0.2323
2010-08-30 00:00:00,0.2157,0.2157,0.2157,0.2157,21100.0,4551.27
2010-08-31 00:00:00,0.2157,0.2199,0.2157,0.2199,178518.0,39256.1082
2010-09-03 00:00:00,0.2199,0.2323,0.2199,0.2323,5000.0,1161.5
2010-09-06 00:00:00,0.2157,0.2323,0.2157,0.2323,10082.0,2342.0486
2010-09-14 00:00:00,0.2323,0.2323,0.2323,0.2323,10000.0,2323.0
2010-09-21 00:00:00,0.2199,0.2199,0.2199,0.2199,4713.0,1036.3887
2010-09-28 00:00:00,0.2199,0.2199,0.2199,0.2199,98433.0,21645.4167
2010-10-04 00:00:00,0.224,0.224,0.224,0.224,3850.0,862.4
2010-10-11 00:00:00,0.2116,0.2116,0.2116,0.2116,42000.0,8887.2
2010-10-12 00:00:00,0.224,0.224,0.224,0.224,2000.0,448.0
2010-10-25 00:00:00,0.224,0.224,0.224,0.224,50000.0,11200.0
2010-10-26 00:00:00,0.224,0.224,0.224,0.224,9313.0,2086.112
2010-10-27 00:00:00,0.2282,0.2282,0.2282,0.2282,40687.0,9284.7734
2010-11-02 00:00:00,0.2199,0.2406,0.2199,0.2406,29960.0,7208.376
2010-11-04 00:00:00,0.2406,0.2448,0.2406,0.2448,78000.0,19094.399999999998
2010-11-05 00:00:00,0.2448,0.2448,0.2448,0.2448,98000.0,23990.399999999998
2010-11-10 00:00:00,0.2406,0.2406,0.2406,0.2406,6896.0,1659.1776
2010-11-11 00:00:00,0.2406,0.2406,0.2406,0.2406,3104.0,746.8224
2010-11-12 00:00:00,0.2282,0.2282,0.2282,0.2282,68000.0,15517.599999999999
2010-11-16 00:00:00,0.2448,0.2448,0.2448,0.2448,238.0,58.2624
2010-11-17 00:00:00,0.2406,0.2406,0.2282,0.2406,247765.0,59612.259000000005
2010-11-18 00:00:00,0.2406,0.2406,0.2282,0.2282,123001.0,28068.8282
2010-11-22 00:00:00,0.2489,0.2489,0.2323,0.2489,82914.0,20637.2946
2010-11-23 00:00:00,0.2489,0.2489,0.2323,0.2323,5901.0,1370.8023
2010-11-30 00:00:00,0.2406,0.2406,0.2406,0.2406,231000.0,55578.6
2010-12-13 00:00:00,0.2489,0.2489,0.2406,0.2406,70286.0,16910.8116
2010-12-14 00:00:00,0.2489,0.2531,0.2489,0.2531,29700.0,7517.07
2010-12-15 00:00:00,0.2531,0.2531,0.2531,0.2531,40209.0,10176.8979
2010-12-16 00:00:00,0.2531,0.2572,0.2531,0.2572,69287.0,17820.6164
2010-12-17 00:00:00,0.2655,0.2655,0.2655,0.2655,25000.0,6637.5
2011-01-04 00:00:00,0.2448,0.2614,0.2448,0.2614,105083.0,27468.696200000002
2011-01-07 00:00:00,0.2489,0.2489,0.2489,0.2489,80000.0,19912.0
2011-01-10 00:00:00,0.2489,0.2489,0.2489,0.2489,50000.0,12445.0
2011-01-11 00:00:00,0.2448,0.2448,0.2448,0.2448,12385.0,3031.848
2011-01-12 00:00:00,0.2489,0.2489,0.2489,0.2489,107600.0,26781.64
2011-01-13 00:00:00,0.2489,0.2489,0.2448,0.2448,118400.0,28984.32
2011-01-17 00:00:00,0.2614,0.2614,0.2614,0.2614,24917.0,6513.303800000001
2011-01-18 00:00:00,0.2614,0.2614,0.2614,0.2614,75083.0,19626.696200000002
2011-01-24 00:00:00,0.2614,0.2614,0.2572,0.2572,120000.0,30863.999999999996
2011-01-25 00:00:00,0.2614,0.2655,0.2614,0.2614,246387.0,64405.5618
2011-01-27 00:00:00,0.2738,0.2738,0.2655,0.2655,195840.0,51995.520000000004
2011-01-28 00:00:00,0.2738,0.2738,0.2738,0.2738,4600.0,1259.48
2011-01-31 00:00:00,0.2738,0.2738,0.2738,0.2738,36000.0,9856.8
2011-02-01 00:00:00,0.2738,0.2738,0.2655,0.2655,88791.0,23574.0105
2011-02-04 00:00:00,0.2904,0.2904,0.2904,0.2904,50000.0,14520.0
2011-02-07 00:00:00,0.2904,0.2904,0.2904,0.2904,2857.0,829.6727999999999
2011-02-09 00:00:00,0.2738,0.2904,0.2738,0.2904,35000.0,10164.0
2011-02-15 00:00:00,0.2904,0.2904,0.2697,0.2697,58500.0,15777.449999999999
2011-02-17 00:00:00,0.278,0.278,0.278,0.278,50000.0,13900.000000000002
2011-02-22 00:00:00,0.2821,0.2821,0.278,0.278,66471.0,18478.938000000002
2011-02-23 00:00:00,0.278,0.278,0.278,0.278,34970.0,9721.660000000002
2011-02-28 00:00:00,0.2738,0.2738,0.2738,0.2738,22500.0,6160.5
2011-03-01 00:00:00,0.2738,0.2904,0.2738,0.2904,124514.0,36158.8656
2011-03-02 00:00:00,0.2904,0.2904,0.2738,0.2738,140000.0,38332.0
2011-03-03 00:00:00,0.2863,0.2863,0.2863,0.2863,36230.0,10372.649
2011-03-04 00:00:00,0.2904,0.2904,0.2904,0.2904,12660.0,3676.464
2011-03-09 00:00:00,0.2904,0.2904,0.2904,0.2904,88686.0,25754.414399999998
2011-03-10 00:00:00,0.2904,0.2987,0.2863,0.2904,203000.0,58951.2
2011-03-11 00:00:00,0.2904,0.2904,0.2904,0.2904,4000.0,1161.6
2011-03-15 00:00:00,0.2863,0.2863,0.2863,0.2863,50000.0,14315.0
2011-03-16 00:00:00,0.2655,0.2655,0.2655,0.2655,43999.0,11681.7345
2011-03-17 00:00:00,0.2904,0.3029,0.2904,0.3029,268539.0,81340.4631
2011-03-18 00:00:00,0.307,0.307,0.2904,0.2904,126000.0,36590.4
2011-03-21 00:00:00,0.2904,0.2987,0.2904,0.2987,122000.0,36441.4
2011-03-22 00:00:00,0.3236,0.3236,0.3236,0.3236,65000.0,21034.0
2011-03-23 00:00:00,0.3319,0.3319,0.3319,0.3319,148050.0,49137.795
2011-03-24 00:00:00,0.3319,0.3485,0.3319,0.3361,369832.0,124300.5352
2011-03-25 00:00:00,0.3485,0.3693,0.3402,0.3651,146880.0,53625.888
2011-03-28 00:00:00,0.3651,0.3651,0.3651,0.3651,30000.0,10953.0
2011-03-29 00:00:00,0.3568,0.3734,0.3568,0.3734,300296.0,112130.5264
2011-03-30 00:00:00,0.3734,0.3734,0.3734,0.3734,2200.0,821.48
2011-03-31 00:00:00,0.3693,0.3734,0.3651,0.3651,38800.0,14165.88
2011-04-01 00:00:00,0.3651,0.3651,0.3651,0.3651,57000.0,20810.699999999997
2011-04-04 00:00:00,0.3693,0.3693,0.3693,0.3693,10888.0,4020.9384
2011-04-05 00:00:00,0.3651,0.3983,0.3651,0.39,648080.0,252751.2
2011-04-06 00:00:00,0.3983,0.4024,0.3983,0.4024,44000.0,17705.6
2011-04-07 00:00:00,0.4024,0.4066,0.4024,0.4066,38566.0,15680.9356
2011-04-08 00:00:00,0.4066,0.4149,0.4066,0.4149,100234.0,41587.0866
2011-04-11 00:00:00,0.3983,0.3983,0.3983,0.3983,5000.0,1991.5
2011-04-12 00:00:00,0.3983,0.3983,0.3983,0.3983,21142.0,8420.8586
2011-04-13 00:00:00,0.3983,0.3983,0.3983,0.3983,47410.0,18883.403
2011-04-14 00:00:00,0.39,0.3983,0.39,0.3983,27880.0,11104.604
2011-04-15 00:00:00,0.4107,0.4107,0.4107,0.4107,90998.0,37372.878600000004
2011-04-18 00:00:00,0.3983,0.4481,0.3983,0.4481,395958.0,177428.7798
2011-04-19 00:00:00,0.4315,0.4315,0.4315,0.4315,7200.0,3106.8
2011-04-20 00:00:00,0.4398,0.4398,0.4398,0.4398,1232.0,541.8336
2011-04-21 00:00:00,0.4315,0.4315,0.4315,0.4315,2000.0,863.0
2011-04-27 00:00:00,0.4481,0.473,0.4481,0.4688,535484.0,251034.89919999999
2011-04-28 00:00:00,0.4688,0.4688,0.4688,0.4688,6000.0,2812.8
2011-04-29 00:00:00,0.4564,0.4564,0.4564,0.4564,60000.0,27384.0
2011-05-03 00:00:00,0.4149,0.4149,0.4149,0.4149,2702.0,1121.0598
2011-05-04 00:00:00,0.4481,0.4481,0.4481,0.4481,40000.0,17924.0
2011-05-05 00:00:00,0.4481,0.4481,0.4481,0.4481,100.0,44.81
2011-05-06 00:00:00,0.4315,0.4315,0.4315,0.4315,50298.0,21703.587
2011-05-09 00:00:00,0.4066,0.4149,0.4066,0.4149,17000.0,7053.3
2011-05-10 00:00:00,0.4315,0.4315,0.4315,0.4315,30000.0,12945.0
2011-05-11 00:00:00,0.4273,0.4315,0.4273,0.4315,37000.0,15965.5
2011-05-16 00:00:00,0.4024,0.4356,0.4024,0.4356,33926.0,14778.1656
2011-05-19 00:00:00,0.4232,0.4439,0.4232,0.4439,240000.0,106536.0
2011-05-20 00:00:00,0.4315,0.4315,0.4315,0.4315,21000.0,9061.5
2011-05-24 00:00:00,0.4564,0.4564,0.4439,0.4439,70000.0,31073.0
2011-05-25 00:00:00,0.4564,0.4564,0.4356,0.4356,137722.0,59991.703199999996
2011-05-26 00:00:00,0.4232,0.4232,0.4232,0.4232,10000.0,4232.0
2011-05-30 00:00:00,0.4315,0.4315,0.4315,0.4315,8000.0,3452.0
2011-06-03 00:00:00,0.4273,0.4398,0.4273,0.4398,69166.0,30419.2068
2011-06-06 00:00:00,0.4273,0.4273,0.4273,0.4273,50000.0,21365.0
2011-06-07 00:00:00,0.4398,0.4398,0.4398,0.4398,60000.0,26388.0
2011-06-08 00:00:00,0.4232,0.4398,0.4149,0.4149,293922.0,121948.2378
2011-06-09 00:00:00,0.4315,0.4315,0.4315,0.4315,112331.0,48470.8265
2011-06-14 00:00:00,0.4149,0.4149,0.4149,0.4149,784.0,325.28159999999997
2011-06-16 00:00:00,0.4024,0.4024,0.4024,0.4024,3000.0,1207.2
2011-06-17 00:00:00,0.4066,0.4066,0.4066,0.4066,24216.0,9846.2256
2011-06-20 00:00:00,0.4149,0.4149,0.4149,0.4149,79840.0,33125.616
2011-06-23 00:00:00,0.4107,0.4149,0.4107,0.4149,45913.0,19049.3037
2011-06-24 00:00:00,0.4107,0.4107,0.4107,0.4107,33000.0,13553.1
2011-06-30 00:00:00,0.3734,0.3734,0.3734,0.3734,60.0,22.404
2011-07-04 00:00:00,0.3776,0.3776,0.3776,0.3776,100000.0,37760.0
2011-07-05 00:00:00,0.39,0.4107,0.39,0.4066,199469.0,81104.0954
2011-07-06 00:00:00,0.39,0.39,0.39,0.39,100000.0,39000.0
2011-07-07 00:00:00,0.39,0.39,0.39,0.39,15000.0,5850.0
2011-07-08 00:00:00,0.39,0.39,0.39,0.39,29361.0,11450.79
2011-07-11 00:00:00,0.4024,0.4024,0.4024,0.4024,13263.0,5337.031199999999
2011-07-13 00:00:00,0.3941,0.3941,0.3941,0.3941,47938.0,18892.3658
2011-07-14 00:00:00,0.3859,0.3859,0.3859,0.3859,3571.0,1378.0489
2011-07-15 00:00:00,0.4024,0.4024,0.4024,0.4024,53913.0,21694.5912
2011-07-20 00:00:00,0.3859,0.3859,0.3859,0.3859,2500.0,964.75
2011-07-26 00:00:00,0.4066,0.4066,0.4066,0.4066,34614.0,14074.0524
2011-07-27 00:00:00,0.4066,0.4066,0.4066,0.4066,36824.0,14972.6384
2011-08-01 00:00:00,0.3859,0.3859,0.3817,0.3859,101243.0,39069.6737
2011-08-08 00:00:00,0.3859,0.3859,0.3651,0.3651,37550.0,13709.505
2011-08-09 00:00:00,0.361,0.361,0.3402,0.3402,59650.0,20292.93
2011-08-10 00:00:00,0.3983,0.3983,0.3983,0.3983,2000.0,796.6
2011-08-11 00:00:00,0.3859,0.3859,0.3859,0.3859,10550.0,4071.2450000000003
2011-08-17 00:00:00,0.3859,0.3859,0.3859,0.3859,41232.0,15911.428800000002
2011-08-26 00:00:00,0.3693,0.3693,0.3693,0.3693,17700.0,6536.610000000001
2011-08-30 00:00:00,0.361,0.3734,0.361,0.361,29001.0,10469.360999999999
2011-08-31 00:00:00,0.3817,0.3817,0.3817,0.3817,50000.0,19085.0
2011-09-05 00:00:00,0.3651,0.3651,0.3651,0.3651,25000.0,9127.5
2011-09-06 00:00:00,0.361,0.361,0.361,0.361,1546.0,558.106
2011-09-08 00:00:00,0.3817,0.3817,0.3817,0.3817,20800.0,7939.36
2011-09-09 00:00:00,0.3776,0.3776,0.3776,0.3776,20000.0,7552.0
2011-09-13 00:00:00,0.3776,0.3817,0.3776,0.3817,65000.0,24810.5
2011-09-19 00:00:00,0.3859,0.3859,0.3859,0.3859,4600.0,1775.14
2011-09-20 00:00:00,0.3859,0.3859,0.3859,0.3859,23656.0,9128.850400000001
2011-09-22 00:00:00,0.3859,0.3859,0.3859,0.3859,11610.0,4480.299
2011-09-23 00:00:00,0.3734,0.3734,0.3734,0.3734,5000.0,1867.0
2011-09-27 00:00:00,0.3734,0.3734,0.3734,0.3734,6986.0,2608.5724
2011-11-04 00:00:00,0.3734,0.3734,0.3734,0.3734,16000.0,5974.400000000001
2011-11-07 00:00:00,0.3734,0.3734,0.3734,0.3734,22210.0,8293.214
2011-11-09 00:00:00,0.3568,0.3568,0.3568,0.3568,2669.0,952.2992
2011-11-10 00:00:00,0.3568,0.3568,0.3568,0.3568,2000.0,713.6
2011-11-11 00:00:00,0.3568,0.3568,0.3568,0.3568,11331.0,4042.9008
2011-11-21 00:00:00,0.3734,0.3776,0.3734,0.3734,127210.0,47500.214
2011-11-23 00:00:00,0.3983,0.3983,0.3817,0.3817,13434.0,5127.757799999999
2011-11-24 00:00:00,0.3817,0.3983,0.3817,0.3983,77740.0,30963.842
2011-11-25 00:00:00,0.4149,0.4149,0.4149,0.4149,22260.0,9235.673999999999
2011-11-28 00:00:00,0.4149,0.4149,0.4149,0.4149,181590.0,75341.69099999999
2011-11-29 00:00:00,0.4149,0.4149,0.4149,0.4149,2000.0,829.8
2011-12-06 00:00:00,0.4232,0.4232,0.4232,0.4232,20000.0,8464.0
2011-12-07 00:00:00,0.4232,0.4232,0.4107,0.4107,94715.0,38899.4505
2011-12-08 00:00:00,0.4149,0.4149,0.4149,0.4149,322000.0,133597.8
2011-12-09 00:00:00,0.4149,0.4149,0.4149,0.4149,60000.0,24894.0
2011-12-12 00:00:00,0.419,0.4232,0.4149,0.4149,134219.0,55687.4631
2011-12-13 00:00:00,0.4149,0.4149,0.3817,0.3817,13346.0,5094.1682
2011-12-15 00:00:00,0.3817,0.3817,0.3817,0.3817,20000.0,7634.0
2011-12-20 00:00:00,0.39,0.39,0.3859,0.3859,82780.0,31944.802000000003
2011-12-22 00:00:00,0.39,0.3941,0.39,0.3941,20651.0,8138.5591
2011-12-23 00:00:00,0.3859,0.39,0.3859,0.39,56135.0,21892.65
2011-12-29 00:00:00,0.395,0.395,0.395,0.395,1266.0,500.07000000000005
2012-01-04 00:00:00,0.37,0.37,0.37,0.37,95175.0,35214.75
2012-01-11 00:00:00,0.375,0.375,0.375,0.375,21500.0,8062.5
2012-01-12 00:00:00,0.375,0.375,0.37,0.37,100000.0,37000.0
2012-01-13 00:00:00,0.37,0.37,0.36,0.365,164058.0,59881.17
2012-01-16 00:00:00,0.375,0.375,0.365,0.365,62950.0,22976.75
2012-01-18 00:00:00,0.365,0.365,0.365,0.365,89000.0,32485.0
2012-01-23 00:00:00,0.38,0.38,0.375,0.38,39957.0,15183.66
2012-01-24 00:00:00,0.38,0.39,0.38,0.39,2143.0,835.77
2012-01-25 00:00:00,0.39,0.39,0.39,0.39,25600.0,9984.0
2012-01-27 00:00:00,0.39,0.4,0.39,0.4,33470.0,13388.0
2012-01-30 00:00:00,0.4,0.4,0.39,0.39,156000.0,60840.0
2012-02-01 00:00:00,0.4,0.4,0.39,0.39,50000.0,19500.0
2012-02-02 00:00:00,0.39,0.41,0.38,0.38,53529.0,20341.02
2012-02-06 00:00:00,0.385,0.385,0.385,0.385,11935.0,4594.975
2012-02-08 00:00:00,0.38,0.38,0.38,0.38,3850.0,1463.0
2012-02-09 00:00:00,0.375,0.375,0.365,0.375,177133.0,66424.875
2012-02-10 00:00:00,0.375,0.375,0.375,0.375,16000.0,6000.0
2012-02-13 00:00:00,0.365,0.365,0.365,0.365,150000.0,54750.0
2012-02-14 00:00:00,0.365,0.365,0.335,0.34,87599.0,29783.660000000003
2012-02-15 00:00:00,0.34,0.34,0.34,0.34,241066.0,81962.44
2012-02-16 00:00:00,0.375,0.38,0.375,0.38,2017.0,766.46
2012-02-22 00:00:00,0.36,0.36,0.36,0.36,39411.0,14187.96
2012-02-27 00:00:00,0.4,0.45,0.4,0.435,444279.0,193261.365
2012-02-28 00:00:00,0.44,0.44,0.44,0.44,51896.0,22834.24
2012-02-29 00:00:00,0.47,0.47,0.46,0.46,16000.0,7360.0
2012-03-01 00:00:00,0.5,0.5,0.475,0.5,70000.0,35000.0
2012-03-02 00:00:00,0.49,0.495,0.45,0.45,147000.0,66150.0
2012-03-05 00:00:00,0.47,0.495,0.47,0.495,21000.0,10395.0
2012-03-06 00:00:00,0.495,0.495,0.495,0.495,5217.0,2582.415
2012-03-07 00:00:00,0.47,0.47,0.45,0.45,71242.0,32058.9
2012-03-08 00:00:00,0.45,0.47,0.45,0.45,25958.0,11681.1
2012-03-09 00:00:00,0.44,0.44,0.415,0.42,157200.0,66024.0
2012-03-12 00:00:00,0.415,0.42,0.405,0.41,61833.0,25351.53
2012-03-13 00:00:00,0.41,0.41,0.41,0.41,29900.0,12259.0
2012-03-14 00:00:00,0.41,0.415,0.41,0.415,23000.0,9545.0
2012-03-15 00:00:00,0.415,0.415,0.415,0.415,22000.0,9130.0
2012-03-19 00:00:00,0.415,0.415,0.41,0.41,26358.0,10806.779999999999
2012-03-20 00:00:00,0.405,0.41,0.4,0.41,170800.0,70028.0
2012-03-21 00:00:00,0.41,0.41,0.41,0.41,13893.0,5696.13
2012-03-23 00:00:00,0.42,0.42,0.42,0.42,3000.0,1260.0
2012-03-26 00:00:00,0.42,0.42,0.42,0.42,83227.0,34955.34
2012-03-27 00:00:00,0.425,0.425,0.425,0.425,6000.0,2550.0
2012-03-28 00:00:00,0.425,0.425,0.425,0.425,14000.0,5950.0
2012-03-29 00:00:00,0.435,0.435,0.435,0.435,21500.0,9352.5
2012-03-30 00:00:00,0.435,0.435,0.43,0.43,16815.0,7230.45
2012-04-02 00:00:00,0.43,0.435,0.425,0.425,84485.0,35906.125
2012-04-03 00:00:00,0.43,0.435,0.425,0.425,49568.0,21066.399999999998
2012-04-04 00:00:00,0.425,0.425,0.425,0.425,20000.0,8500.0
2012-04-13 00:00:00,0.425,0.425,0.425,0.425,5000.0,2125.0
2012-04-17 00:00:00,0.425,0.425,0.425,0.425,20000.0,8500.0
2012-04-19 00:00:00,0.435,0.435,0.425,0.425,13900.0,5907.5
2012-04-20 00:00:00,0.425,0.425,0.42,0.42,14000.0,5880.0
2012-04-23 00:00:00,0.415,0.415,0.415,0.415,49644.0,20602.26
2012-04-26 00:00:00,0.405,0.405,0.405,0.405,5000.0,2025.0000000000002
2012-04-30 00:00:00,0.41,0.41,0.41,0.41,10342.0,4240.219999999999
2012-05-01 00:00:00,0.41,0.41,0.41,0.41,26790.0,10983.9
2012-05-02 00:00:00,0.425,0.425,0.415,0.42,65500.0,27510.0
2012-05-03 00:00:00,0.425,0.425,0.42,0.42,6200.0,2604.0
2012-05-04 00:00:00,0.415,0.415,0.415,0.415,15000.0,6225.0
2012-05-07 00:00:00,0.42,0.42,0.415,0.415,37890.0,15724.349999999999
2012-05-08 00:00:00,0.405,0.405,0.405,0.405,12400.0,5022.0
2012-05-09 00:00:00,0.395,0.415,0.395,0.415,52604.0,21830.66
2012-05-15 00:00:00,0.38,0.38,0.38,0.38,10000.0,3800.0
2012-05-16 00:00:00,0.38,0.38,0.38,0.38,68000.0,25840.0
2012-05-18 00:00:00,0.38,0.38,0.375,0.375,26040.0,9765.0
2012-05-25 00:00:00,0.39,0.39,0.39,0.39,1745.0,680.5500000000001
2012-05-28 00:00:00,0.38,0.38,0.38,0.38,2000.0,760.0
2012-05-29 00:00:00,0.39,0.42,0.39,0.42,3000.0,1260.0
2012-05-30 00:00:00,0.41,0.425,0.4,0.4,183855.0,73542.0
2012-05-31 00:00:00,0.41,0.41,0.395,0.395,16250.0,6418.75
2012-06-06 00:00:00,0.395,0.4,0.38,0.4,22470.0,8988.0
2012-06-12 00:00:00,0.39,0.39,0.385,0.385,57500.0,22137.5
2012-06-14 00:00:00,0.38,0.38,0.38,0.38,12174.0,4626.12
2012-06-15 00:00:00,0.38,0.395,0.38,0.395,20826.0,8226.27
2012-06-19 00:00:00,0.395,0.395,0.395,0.395,1270.0,501.65000000000003
2012-06-20 00:00:00,0.395,0.395,0.395,0.395,5590.0,2208.05
2012-06-26 00:00:00,0.375,0.4,0.375,0.4,2900.0,1160.0
2012-06-28 00:00:00,0.4,0.4,0.39,0.39,22000.0,8580.0
2012-06-29 00:00:00,0.39,0.39,0.39,0.39,4998.0,1949.22
2012-07-02 00:00:00,0.39,0.39,0.39,0.39,3500.0,1365.0
2012-07-03 00:00:00,0.39,0.39,0.39,0.39,1285.0,501.15000000000003
2012-07-04 00:00:00,0.375,0.38,0.375,0.38,15500.0,5890.0
2012-07-05 00:00:00,0.39,0.39,0.39,0.39,51715.0,20168.850000000002
2012-07-11 00:00:00,0.4,0.4,0.4,0.4,2539.0,1015.6
2012-07-13 00:00:00,0.405,0.425,0.39,0.39,122000.0,47580.0
2012-07-17 00:00:00,0.39,0.39,0.39,0.39,3646.0,1421.94
2012-07-18 00:00:00,0.4,0.41,0.4,0.41,70500.0,28905.0
2012-07-20 00:00:00,0.395,0.405,0.395,0.405,70000.0,28350.000000000004
2012-07-24 00:00:00,0.405,0.405,0.405,0.405,4889.0,1980.045
2012-07-25 00:00:00,0.39,0.39,0.39,0.39,50000.0,19500.0
2012-07-30 00:00:00,0.39,0.39,0.39,0.39,65000.0,25350.0
2012-07-31 00:00:00,0.385,0.385,0.385,0.385,30000.0,11550.0
2012-08-06 00:00:00,0.4,0.4,0.4,0.4,17450.0,6980.0
2012-08-08 00:00:00,0.39,0.39,0.38,0.38,14653.0,5568.14
2012-08-09 00:00:00,0.385,0.385,0.385,0.385,14000.0,5390.0
2012-08-13 00:00:00,0.385,0.385,0.385,0.385,5000.0,1925.0
2012-08-15 00:00:00,0.38,0.38,0.38,0.38,9000.0,3420.0
2012-08-17 00:00:00,0.38,0.38,0.38,0.38,19000.0,7220.0
2012-08-24 00:00:00,0.4,0.405,0.4,0.405,30000.0,12150.0
2012-08-29 00:00:00,0.405,0.405,0.405,0.405,7400.0,2997.0
2012-08-30 00:00:00,0.405,0.405,0.405,0.405,7.0,2.835
2012-08-31 00:00:00,0.395,0.395,0.395,0.395,1500.0,592.5
2012-09-03 00:00:00,0.395,0.395,0.395,0.395,25000.0,9875.0
2012-09-05 00:00:00,0.385,0.385,0.385,0.385,19192.0,7388.92
2012-09-06 00:00:00,0.385,0.405,0.385,0.405,8258.0,3344.4900000000002
2012-09-12 00:00:00,0.39,0.39,0.39,0.39,45500.0,17745.0
2012-09-18 00:00:00,0.4,0.4,0.4,0.4,25000.0,10000.0
2012-09-19 00:00:00,0.405,0.405,0.405,0.405,6500.0,2632.5
2012-09-20 00:00:00,0.395,0.395,0.395,0.395,14106.0,5571.87
2012-09-21 00:00:00,0.395,0.395,0.395,0.395,5000.0,1975.0
2012-09-27 00:00:00,0.4,0.405,0.4,0.4,43500.0,17400.0
2012-09-28 00:00:00,0.4,0.4,0.4,0.4,15000.0,6000.0
2012-10-01 00:00:00,0.4,0.4,0.4,0.4,2500.0,1000.0
2012-10-02 00:00:00,0.395,0.4,0.395,0.4,28124.0,11249.6
2012-10-05 00:00:00,0.405,0.405,0.4,0.4,5000.0,2000.0
2012-10-08 00:00:00,0.4,0.4,0.4,0.4,100000.0,40000.0
2012-10-09 00:00:00,0.4,0.4,0.4,0.4,21400.0,8560.0
2012-10-10 00:00:00,0.4,0.4,0.4,0.4,67643.0,27057.2
2012-10-15 00:00:00,0.4,0.4,0.4,0.4,1250.0,500.0
2012-10-16 00:00:00,0.395,0.395,0.395,0.395,1250.0,493.75
2012-10-17 00:00:00,0.395,0.395,0.395,0.395,1280.0,505.6
2012-10-18 00:00:00,0.39,0.39,0.385,0.385,165000.0,63525.0
2012-10-22 00:00:00,0.395,0.395,0.395,0.395,76.0,30.020000000000003
2012-10-23 00:00:00,0.395,0.395,0.395,0.395,9924.0,3919.98
2012-10-24 00:00:00,0.385,0.385,0.385,0.385,5368.0,2066.68
2012-10-26 00:00:00,0.4,0.4,0.39,0.39,38000.0,14820.0
2012-10-31 00:00:00,0.4,0.4,0.4,0.4,1285.0,514.0
2012-11-05 00:00:00,0.385,0.395,0.385,0.395,55378.0,21874.31
2012-11-06 00:00:00,0.39,0.39,0.39,0.39,71795.0,28000.05
2012-11-07 00:00:00,0.39,0.39,0.39,0.39,56583.0,22067.37
2012-11-08 00:00:00,0.39,0.39,0.385,0.385,152904.0,58868.04
2012-11-09 00:00:00,0.39,0.39,0.39,0.39,2000.0,780.0
2012-11-12 00:00:00,0.385,0.39,0.385,0.39,250000.0,97500.0
2012-11-13 00:00:00,0.385,0.385,0.38,0.38,114037.0,43334.06
2012-11-16 00:00:00,0.375,0.375,0.375,0.375,6500.0,2437.5
2012-11-20 00:00:00,0.375,0.375,0.35,0.35,263700.0,92295.0
2012-11-21 00:00:00,0.35,0.35,0.35,0.35,59880.0,20958.0
2012-11-27 00:00:00,0.375,0.39,0.375,0.39,27747.0,10821.33
2012-11-28 00:00:00,0.39,0.39,0.39,0.39,1283.0,500.37
2012-12-03 00:00:00,0.38,0.38,0.38,0.38,1267.0,481.46
2012-12-04 00:00:00,0.38,0.38,0.38,0.38,2500.0,950.0
2012-12-06 00:00:00,0.39,0.4,0.39,0.4,38798.0,15519.2
2012-12-07 00:00:00,0.41,0.41,0.41,0.41,1359.0,557.1899999999999
2012-12-11 00:00:00,0.4,0.4,0.4,0.4,5000.0,2000.0
2012-12-20 00:00:00,0.4,0.4,0.4,0.4,15000.0,6000.0
2012-12-21 00:00:00,0.4,0.4,0.4,0.4,18318.0,7327.200000000001
2012-12-24 00:00:00,0.38,0.41,0.38,0.41,179621.0,73644.61
2012-12-31 00:00:00,0.4,0.4,0.4,0.4,3500.0,1400.0
2013-01-02 00:00:00,0.41,0.41,0.41,0.41,131.0,53.709999999999994
2013-01-03 00:00:00,0.42,0.42,0.42,0.42,31809.0,13359.779999999999
2013-01-04 00:00:00,0.45,0.46,0.45,0.45,107000.0,48150.0
2013-01-07 00:00:00,0.48,0.48,0.42,0.42,34416.0,14454.72
2013-01-09 00:00:00,0.42,0.44,0.42,0.44,7300.0,3212.0
2013-01-15 00:00:00,0.42,0.42,0.415,0.42,67500.0,28350.0
2013-01-16 00:00:00,0.42,0.42,0.42,0.42,6000.0,2520.0
2013-01-17 00:00:00,0.42,0.42,0.42,0.42,4000.0,1680.0
2013-01-18 00:00:00,0.42,0.42,0.42,0.42,23500.0,9870.0
2013-01-21 00:00:00,0.42,0.42,0.41,0.41,47000.0,19270.0
2013-01-23 00:00:00,0.42,0.42,0.42,0.42,60500.0,25410.0
2013-01-25 00:00:00,0.44,0.445,0.43,0.445,69048.0,30726.36
2013-01-29 00:00:00,0.445,0.445,0.445,0.445,22100.0,9834.5
2013-01-30 00:00:00,0.46,0.46,0.44,0.44,26100.0,11484.0
2013-01-31 00:00:00,0.45,0.45,0.45,0.45,6500.0,2925.0
2013-02-08 00:00:00,0.45,0.45,0.45,0.45,37574.0,16908.3
2013-02-11 00:00:00,0.42,0.45,0.42,0.45,42027.0,18912.15
2013-02-13 00:00:00,0.45,0.45,0.45,0.45,50000.0,22500.0
2013-02-14 00:00:00,0.425,0.425,0.425,0.425,3000.0,1275.0
2013-02-15 00:00:00,0.45,0.45,0.45,0.45,12000.0,5400.0
2013-02-20 00:00:00,0.44,0.45,0.44,0.45,31918.0,14363.1
2013-02-21 00:00:00,0.44,0.44,0.43,0.43,3400.0,1462.0
2013-02-25 00:00:00,0.45,0.45,0.45,0.45,12000.0,5400.0
2013-02-26 00:00:00,0.45,0.45,0.45,0.45,5031.0,2263.9500000000003
2013-02-27 00:00:00,0.45,0.48,0.45,0.48,123698.0,59375.04
2013-02-28 00:00:00,0.48,0.49,0.48,0.48,49400.0,23712.0
2013-03-01 00:00:00,0.49,0.5,0.49,0.5,10000.0,5000.0
2013-03-05 00:00:00,0.49,0.49,0.48,0.48,16000.0,7680.0
2013-03-07 00:00:00,0.46,0.47,0.445,0.445,97032.0,43179.24
2013-03-08 00:00:00,0.45,0.45,0.45,0.45,79398.0,35729.1
2013-03-12 00:00:00,0.46,0.46,0.46,0.46,20000.0,9200.0
2013-03-13 00:00:00,0.46,0.46,0.46,0.46,5000.0,2300.0
2013-03-14 00:00:00,0.44,0.455,0.425,0.455,34050.0,15492.75
2013-03-15 00:00:00,0.455,0.455,0.455,0.455,16000.0,7280.0
2013-03-18 00:00:00,0.455,0.455,0.455,0.455,5500.0,2502.5
2013-03-20 00:00:00,0.44,0.44,0.44,0.44,2000.0,880.0
2013-03-22 00:00:00,0.445,0.46,0.44,0.46,115427.0,53096.420000000006
2013-03-25 00:00:00,0.46,0.46,0.46,0.46,20000.0,9200.0
2013-04-02 00:00:00,0.46,0.46,0.46,0.46,20000.0,9200.0
2013-04-03 00:00:00,0.46,0.475,0.46,0.475,15000.0,7125.0
2013-04-04 00:00:00,0.475,0.475,0.475,0.475,2000.0,950.0
2013-04-08 00:00:00,0.47,0.475,0.47,0.475,8800.0,4180.0
2013-04-10 00:00:00,0.47,0.47,0.465,0.465,33064.0,15374.76
2013-04-11 00:00:00,0.47,0.47,0.47,0.47,3000.0,1410.0
2013-04-12 00:00:00,0.47,0.47,0.455,0.46,85038.0,39117.48
2013-04-15 00:00:00,0.48,0.48,0.48,0.48,15000.0,7200.0
2013-04-17 00:00:00,0.475,0.475,0.455,0.455,35343.0,16081.065
2013-04-19 00:00:00,0.46,0.46,0.46,0.46,5000.0,2300.0
2013-04-23 00:00:00,0.46,0.46,0.455,0.455,13619.0,6196.645
2013-04-24 00:00:00,0.455,0.46,0.455,0.46,14592.0,6712.320000000001
2013-04-30 00:00:00,0.46,0.46,0.46,0.46,6035.0,2776.1
2013-05-01 00:00:00,0.47,0.5,0.47,0.495,109812.0,54356.94
2013-05-02 00:00:00,0.495,0.495,0.48,0.48,28788.0,13818.24
2013-05-03 00:00:00,0.48,0.48,0.48,0.48,20000.0,9600.0
2013-05-06 00:00:00,0.495,0.495,0.495,0.495,2020.0,999.9
2013-05-07 00:00:00,0.48,0.48,0.48,0.48,500000.0,240000.0
2013-05-08 00:00:00,0.48,0.48,0.48,0.48,5000.0,2400.0
2013-05-09 00:00:00,0.48,0.48,0.465,0.465,255000.0,118575.0
2013-05-10 00:00:00,0.475,0.49,0.475,0.49,32000.0,15680.0
2013-05-13 00:00:00,0.475,0.475,0.475,0.475,40000.0,19000.0
2013-05-14 00:00:00,0.485,0.49,0.48,0.485,281045.0,136306.82499999998
2013-05-15 00:00:00,0.485,0.49,0.48,0.49,349728.0,171366.72
2013-05-16 00:00:00,0.48,0.48,0.48,0.48,3004324.0,1442075.52
2013-05-17 00:00:00,0.49,0.49,0.49,0.49,13000.0,6370.0
2013-05-20 00:00:00,0.485,0.485,0.485,0.485,40000.0,19400.0
2013-05-21 00:00:00,0.49,0.495,0.485,0.495,311164.0,154026.18
2013-05-22 00:00:00,0.49,0.495,0.49,0.495,140000.0,69300.0
2013-05-23 00:00:00,0.495,0.5,0.495,0.5,78744.0,39372.0
2013-05-24 00:00:00,0.485,0.49,0.485,0.49,24038.0,11778.619999999999
2013-05-27 00:00:00,0.49,0.495,0.49,0.495,52937.0,26203.815
2013-05-28 00:00:00,0.5,0.52,0.5,0.52,826155.0,429600.60000000003
2013-05-29 00:00:00,0.505,0.505,0.505,0.505,30490.0,15397.45
2013-05-30 00:00:00,0.52,0.52,0.52,0.52,23160.0,12043.2
2013-05-31 00:00:00,0.51,0.51,0.51,0.51,17268.0,8806.68
2013-06-03 00:00:00,0.515,0.515,0.51,0.51,43456.0,22162.56
2013-06-04 00:00:00,0.51,0.51,0.505,0.505,53948.0,27243.74
2013-06-05 00:00:00,0.51,0.51,0.51,0.51,23098.0,11779.98
2013-06-06 00:00:00,0.515,0.52,0.505,0.505,77361.0,39067.305
2013-06-07 00:00:00,0.505,0.505,0.505,0.505,33000.0,16665.0
2013-06-11 00:00:00,0.51,0.51,0.51,0.51,2500.0,1275.0
2013-06-12 00:00:00,0.52,0.52,0.515,0.515,401440.0,206741.6
2013-06-13 00:00:00,0.52,0.52,0.515,0.515,563055.0,289973.325
2013-06-14 00:00:00,0.52,0.52,0.52,0.52,399873.0,207933.96000000002
2013-06-19 00:00:00,0.525,0.525,0.52,0.52,1925.0,1001.0
2013-06-20 00:00:00,0.52,0.525,0.51,0.525,118434.0,62177.850000000006
2013-06-24 00:00:00,0.525,0.525,0.525,0.525,18085.0,9494.625
2013-06-25 00:00:00,0.51,0.51,0.51,0.51,2495.0,1272.45
2013-06-26 00:00:00,0.525,0.525,0.525,0.525,1540.0,808.5
2013-06-27 00:00:00,0.525,0.525,0.525,0.525,9500.0,4987.5
2013-06-28 00:00:00,0.525,0.525,0.525,0.525,6098.0,3201.4500000000003
2013-07-01 00:00:00,0.525,0.525,0.52,0.52,157527.0,81914.04000000001
2013-07-02 00:00:00,0.52,0.52,0.515,0.52,51046.0,26543.920000000002
2013-07-04 00:00:00,0.515,0.515,0.51,0.515,27981.0,14410.215
2013-07-08 00:00:00,0.51,0.51,0.51,0.51,662.0,337.62
2013-07-10 00:00:00,0.515,0.515,0.515,0.515,100.0,51.5
2013-07-11 00:00:00,0.51,0.51,0.47,0.485,88450.0,42898.25
2013-07-12 00:00:00,0.485,0.49,0.485,0.49,13660.0,6693.4
2013-07-15 00:00:00,0.5,0.5,0.5,0.5,10000.0,5000.0
2013-07-16 00:00:00,0.51,0.51,0.51,0.51,5000.0,2550.0
2013-07-17 00:00:00,0.5,0.5,0.49,0.49,160500.0,78645.0
2013-07-18 00:00:00,0.485,0.485,0.47,0.475,124697.0,59231.075
2013-07-25 00:00:00,0.51,0.51,0.51,0.51,17862.0,9109.62
2013-07-26 00:00:00,0.535,0.54,0.535,0.54,1000.0,540.0
2013-07-29 00:00:00,0.54,0.54,0.54,0.54,1900.0,1026.0
2013-08-01 00:00:00,0.535,0.535,0.535,0.535,28000.0,14980.0
2013-08-02 00:00:00,0.54,0.54,0.54,0.54,40000.0,21600.0
2013-08-06 00:00:00,0.55,0.57,0.55,0.57,148460.0,84622.2
2013-08-07 00:00:00,0.59,0.59,0.565,0.575,43420.0,24966.499999999996
2013-08-08 00:00:00,0.59,0.59,0.59,0.59,7.0,4.13
2013-08-12 00:00:00,0.57,0.59,0.54,0.59,72900.0,43011.0
2013-08-14 00:00:00,0.58,0.58,0.58,0.58,22000.0,12760.0
2013-08-15 00:00:00,0.555,0.555,0.545,0.555,154272.0,85620.96
2013-08-16 00:00:00,0.55,0.55,0.54,0.55,56529.0,31090.95
2013-08-19 00:00:00,0.55,0.555,0.55,0.55,27400.0,15070.000000000002
2013-08-20 00:00:00,0.55,0.55,0.55,0.55,30000.0,16500.0
2013-08-21 00:00:00,0.55,0.55,0.55,0.55,15401.0,8470.550000000001
2013-08-26 00:00:00,0.52,0.52,0.505,0.52,123250.0,64090.0
2013-08-27 00:00:00,0.52,0.52,0.52,0.52,104750.0,54470.0
2013-08-28 00:00:00,0.52,0.52,0.515,0.515,5200.0,2678.0
2013-08-29 00:00:00,0.525,0.525,0.525,0.525,9500.0,4987.5
2013-08-30 00:00:00,0.525,0.545,0.525,0.545,24127.0,13149.215
2013-09-02 00:00:00,0.535,0.535,0.535,0.535,3697.0,1977.8950000000002
2013-09-04 00:00:00,0.535,0.535,0.535,0.535,1000.0,535.0
2013-09-06 00:00:00,0.535,0.535,0.535,0.535,17997.0,9628.395
2013-09-09 00:00:00,0.535,0.535,0.535,0.535,1100.0,588.5
2013-09-10 00:00:00,0.54,0.55,0.54,0.545,45490.0,24792.050000000003
2013-09-11 00:00:00,0.54,0.54,0.535,0.535,16103.0,8615.105000000001
2013-09-12 00:00:00,0.54,0.54,0.53,0.53,98988.0,52463.64
2013-09-13 00:00:00,0.53,0.53,0.53,0.53,29000.0,15370.0
2013-09-17 00:00:00,0.53,0.53,0.53,0.53,17500.0,9275.0
2013-09-18 00:00:00,0.55,0.55,0.55,0.55,15000.0,8250.0
2013-09-23 00:00:00,0.55,0.55,0.54,0.54,14600.0,7884.000000000001
2013-09-24 00:00:00,0.53,0.53,0.53,0.53,153558.0,81385.74
2013-09-26 00:00:00,0.53,0.53,0.53,0.53,5000.0,2650.0
2013-09-27 00:00:00,0.53,0.53,0.53,0.53,78000.0,41340.0
2013-09-30 00:00:00,0.53,0.53,0.53,0.53,70860.0,37555.8
2013-10-01 00:00:00,0.555,0.555,0.555,0.555,18018.0,9999.990000000002
2013-10-02 00:00:00,0.53,0.53,0.53,0.53,2857.0,1514.21
2013-10-03 00:00:00,0.53,0.53,0.53,0.53,2000.0,1060.0
2013-10-04 00:00:00,0.545,0.545,0.545,0.545,1140.0,621.3000000000001
2013-10-07 00:00:00,0.55,0.555,0.55,0.55,88873.0,48880.15
2013-10-08 00:00:00,0.55,0.55,0.55,0.55,52000.0,28600.000000000004
2013-10-09 00:00:00,0.55,0.55,0.55,0.55,2500.0,1375.0
2013-10-10 00:00:00,0.555,0.555,0.55,0.55,161158.0,88636.90000000001
2013-10-14 00:00:00,0.54,0.54,0.53,0.53,6301.0,3339.53
2013-10-16 00:00:00,0.55,0.55,0.55,0.55,50000.0,27500.000000000004
2013-10-17 00:00:00,0.55,0.55,0.55,0.55,39555.0,21755.25
2013-10-21 00:00:00,0.55,0.55,0.55,0.55,1064.0,585.2
2013-10-22 00:00:00,0.53,0.55,0.53,0.53,24080.0,12762.400000000001
2013-10-23 00:00:00,0.53,0.555,0.53,0.55,53000.0,29150.000000000004
2013-10-28 00:00:00,0.54,0.54,0.54,0.54,27266.0,14723.640000000001
2013-11-01 00:00:00,0.555,0.555,0.55,0.55,150000.0,82500.0
2013-11-04 00:00:00,0.555,0.555,0.55,0.55,109235.0,60079.25000000001
2013-11-05 00:00:00,0.565,0.565,0.565,0.565,7500.0,4237.5
2013-11-06 00:00:00,0.55,0.55,0.54,0.54,100000.0,54000.0
2013-11-07 00:00:00,0.54,0.54,0.54,0.54,50000.0,27000.0
2013-11-08 00:00:00,0.54,0.54,0.54,0.54,40000.0,21600.0
2013-11-11 00:00:00,0.55,0.55,0.55,0.55,30000.0,16500.0
2013-11-12 00:00:00,0.555,0.56,0.55,0.55,498515.0,274183.25
2013-11-13 00:00:00,0.55,0.55,0.55,0.55,100000.0,55000.00000000001
2013-11-14 00:00:00,0.57,0.57,0.57,0.57,32000.0,18240.0
2013-11-15 00:00:00,0.57,0.57,0.55,0.555,176905.0,98182.27500000001
2013-11-18 00:00:00,0.56,0.56,0.55,0.55,124000.0,68200.0
2013-11-19 00:00:00,0.55,0.55,0.55,0.55,3650.0,2007.5000000000002
2013-11-21 00:00:00,0.55,0.55,0.55,0.55,217764.0,119770.20000000001
2013-11-22 00:00:00,0.55,0.57,0.55,0.57,23700.0,13508.999999999998
2013-11-25 00:00:00,0.565,0.565,0.565,0.565,17500.0,9887.499999999998
2013-11-26 00:00:00,0.565,0.565,0.54,0.54,282356.0,152472.24000000002
2013-11-27 00:00:00,0.6,0.6,0.6,0.6,100.0,60.0
2013-11-28 00:00:00,0.6,0.6,0.6,0.6,8500.0,5100.0
2013-11-29 00:00:00,0.585,0.6,0.56,0.6,93000.0,55800.0
2013-12-02 00:00:00,0.58,0.58,0.58,0.58,9000.0,5220.0
2013-12-03 00:00:00,0.59,0.59,0.59,0.59,16582.0,9783.38
2013-12-04 00:00:00,0.59,0.59,0.59,0.59,341.0,201.19
2013-12-05 00:00:00,0.58,0.58,0.56,0.56,62192.0,34827.520000000004
2013-12-06 00:00:00,0.59,0.59,0.57,0.57,54848.0,31263.359999999997
2013-12-09 00:00:00,0.585,0.595,0.58,0.59,75831.0,44740.29
2013-12-11 00:00:00,0.57,0.57,0.55,0.55,131000.0,72050.0
2013-12-12 00:00:00,0.55,0.575,0.54,0.575,113700.0,65377.49999999999
2013-12-13 00:00:00,0.575,0.575,0.55,0.55,8500.0,4675.0
2013-12-16 00:00:00,0.55,0.55,0.55,0.55,66000.0,36300.0
2013-12-17 00:00:00,0.55,0.55,0.54,0.54,14246.0,7692.84
2013-12-18 00:00:00,0.54,0.54,0.54,0.54,7500.0,4050.0000000000005
2013-12-20 00:00:00,0.57,0.57,0.57,0.57,3650.0,2080.5
2014-01-02 00:00:00,0.55,0.55,0.55,0.55,48000.0,26400.000000000004
2014-01-06 00:00:00,0.55,0.55,0.55,0.55,25000.0,13750.000000000002
2014-01-07 00:00:00,0.56,0.56,0.56,0.56,650.0,364.00000000000006
2014-01-08 00:00:00,0.55,0.55,0.55,0.55,6000.0,3300.0000000000005
2014-01-10 00:00:00,0.545,0.55,0.545,0.55,17500.0,9625.0
2014-01-13 00:00:00,0.55,0.55,0.55,0.55,24500.0,13475.000000000002
2014-01-14 00:00:00,0.565,0.565,0.55,0.55,998.0,548.9000000000001
2014-01-15 00:00:00,0.55,0.55,0.55,0.55,1.0,0.55
2014-01-17 00:00:00,0.55,0.55,0.55,0.55,3500.0,1925.0000000000002
2014-01-20 00:00:00,0.55,0.55,0.55,0.55,4200.0,2310.0
2014-01-21 00:00:00,0.545,0.55,0.545,0.55,7910.0,4350.5
2014-01-24 00:00:00,0.545,0.545,0.545,0.545,69000.0,37605.0
2014-01-28 00:00:00,0.55,0.55,0.545,0.55,83717.0,46044.350000000006
2014-01-30 00:00:00,0.535,0.535,0.535,0.535,20000.0,10700.0
2014-01-31 00:00:00,0.535,0.535,0.535,0.535,7000.0,3745.0
2014-02-03 00:00:00,0.535,0.535,0.535,0.535,14000.0,7490.0
2014-02-04 00:00:00,0.52,0.53,0.52,0.525,34355.0,18036.375
2014-02-05 00:00:00,0.52,0.54,0.52,0.54,6083.0,3284.82
2014-02-06 00:00:00,0.525,0.535,0.525,0.535,50000.0,26750.0
2014-02-10 00:00:00,0.53,0.53,0.53,0.53,15000.0,7950.0
2014-02-11 00:00:00,0.53,0.53,0.53,0.53,10000.0,5300.0
2014-02-12 00:00:00,0.53,0.53,0.53,0.53,68617.0,36367.01
2014-02-13 00:00:00,0.525,0.54,0.515,0.535,102033.0,54587.655000000006
2014-02-14 00:00:00,0.535,0.535,0.53,0.53,30823.0,16336.19
2014-02-17 00:00:00,0.535,0.54,0.535,0.54,31910.0,17231.4
2014-02-19 00:00:00,0.53,0.53,0.53,0.53,21333.0,11306.49
2014-02-20 00:00:00,0.535,0.535,0.535,0.535,14803.0,7919.6050000000005
2014-02-24 00:00:00,0.535,0.535,0.535,0.535,2056.0,1099.96
2014-02-26 00:00:00,0.52,0.52,0.52,0.52,10000.0,5200.0
2014-03-03 00:00:00,0.54,0.54,0.535,0.535,40000.0,21400.0
2014-03-04 00:00:00,0.53,0.53,0.53,0.53,15000.0,7950.0
2014-03-05 00:00:00,0.53,0.535,0.53,0.535,4000.0,2140.0
2014-03-06 00:00:00,0.535,0.555,0.535,0.555,20044.0,11124.42
2014-03-07 00:00:00,0.56,0.56,0.56,0.56,18181.0,10181.36
2014-03-12 00:00:00,0.575,0.575,0.55,0.56,20850.0,11676.000000000002
2014-03-13 00:00:00,0.54,0.54,0.535,0.535,30000.0,16050.000000000002
2014-03-17 00:00:00,0.545,0.545,0.525,0.525,29957.0,15727.425000000001
2014-03-18 00:00:00,0.525,0.525,0.525,0.525,1000.0,525.0
2014-03-19 00:00:00,0.54,0.54,0.54,0.54,5000.0,2700.0
2014-03-20 00:00:00,0.53,0.53,0.52,0.52,112264.0,58377.28
2014-03-21 00:00:00,0.525,0.54,0.52,0.54,13736.0,7417.4400000000005
2014-03-24 00:00:00,0.54,0.54,0.54,0.54,9231.0,4984.740000000001
2014-03-25 00:00:00,0.54,0.54,0.54,0.54,4000.0,2160.0
2014-03-26 00:00:00,0.55,0.55,0.525,0.525,12000.0,6300.0
2014-03-27 00:00:00,0.525,0.525,0.525,0.525,10000.0,5250.0
2014-03-28 00:00:00,0.53,0.53,0.525,0.525,21610.0,11345.25
2014-03-31 00:00:00,0.525,0.525,0.525,0.525,3650.0,1916.25
2014-04-02 00:00:00,0.525,0.525,0.525,0.525,96853.0,50847.825000000004
2014-04-04 00:00:00,0.53,0.53,0.53,0.53,19000.0,10070.0
2014-04-07 00:00:00,0.53,0.53,0.53,0.53,6000.0,3180.0
2014-04-09 00:00:00,0.53,0.53,0.525,0.525,55584.0,29181.600000000002
2014-04-10 00:00:00,0.525,0.54,0.52,0.52,65946.0,34291.92
2014-04-11 00:00:00,0.53,0.53,0.53,0.53,3697.0,1959.41
2014-04-16 00:00:00,0.53,0.54,0.53,0.53,8313.0,4405.89
2014-04-17 00:00:00,0.53,0.53,0.525,0.525,8912.0,4678.8
2014-04-22 00:00:00,0.525,0.525,0.525,0.525,9231.0,4846.275000000001
2014-04-23 00:00:00,0.54,0.54,0.54,0.54,19148.0,10339.92
2014-04-28 00:00:00,0.565,0.58,0.56,0.58,10582.0,6137.5599999999995
2014-04-30 00:00:00,0.565,0.58,0.565,0.58,63282.0,36703.56
2014-05-01 00:00:00,0.58,0.585,0.56,0.56,85824.0,48061.44
2014-05-02 00:00:00,0.575,0.575,0.575,0.575,27395.0,15752.124999999998
2014-05-05 00:00:00,0.575,0.575,0.575,0.575,2500.0,1437.5
2014-05-07 00:00:00,0.58,0.58,0.58,0.58,3380.0,1960.3999999999999
2014-05-09 00:00:00,0.58,0.58,0.56,0.56,15653.0,8765.68
2014-05-12 00:00:00,0.555,0.555,0.54,0.54,96650.0,52191.0
2014-05-13 00:00:00,0.535,0.545,0.535,0.545,53967.0,29412.015000000003
2014-05-14 00:00:00,0.545,0.545,0.545,0.545,50000.0,27250.000000000004
2014-05-21 00:00:00,0.55,0.55,0.55,0.55,4599.0,2529.4500000000003
2014-05-27 00:00:00,0.545,0.55,0.545,0.55,65778.0,36177.9
2014-05-28 00:00:00,0.55,0.55,0.55,0.55,18000.0,9900.0
2014-05-29 00:00:00,0.55,0.55,0.535,0.535,208584.0,111592.44
2014-05-30 00:00:00,0.535,0.55,0.535,0.55,66388.0,36513.4
2014-06-02 00:00:00,0.545,0.545,0.53,0.53,99418.0,52691.54
2014-06-03 00:00:00,0.53,0.53,0.53,0.53,40000.0,21200.0
2014-06-05 00:00:00,0.54,0.545,0.54,0.545,103290.0,56293.05
2014-06-06 00:00:00,0.545,0.545,0.525,0.525,20000.0,10500.0
2014-06-10 00:00:00,0.53,0.53,0.53,0.53,50000.0,26500.0
2014-06-11 00:00:00,0.53,0.53,0.53,0.53,75000.0,39750.0
2014-06-13 00:00:00,0.545,0.545,0.545,0.545,101321.0,55219.94500000001
2014-06-16 00:00:00,0.545,0.545,0.545,0.545,18684.0,10182.78
2014-06-17 00:00:00,0.545,0.545,0.545,0.545,90000.0,49050.0
2014-06-19 00:00:00,0.55,0.55,0.55,0.55,56363.0,30999.65
2014-06-20 00:00:00,0.55,0.55,0.55,0.55,5000.0,2750.0
2014-06-23 00:00:00,0.55,0.55,0.545,0.55,50000.0,27500.000000000004
2014-06-24 00:00:00,0.545,0.545,0.545,0.545,7974.0,4345.83
2014-06-26 00:00:00,0.55,0.55,0.55,0.55,25875.0,14231.250000000002
2014-06-30 00:00:00,0.545,0.545,0.54,0.54,155827.0,84146.58
2014-07-01 00:00:00,0.54,0.54,0.54,0.54,5488.0,2963.52
2014-07-02 00:00:00,0.54,0.54,0.54,0.54,3703.0,1999.6200000000001
2014-07-03 00:00:00,0.53,0.53,0.53,0.53,5000.0,2650.0
2014-07-04 00:00:00,0.54,0.54,0.54,0.54,14026.0,7574.040000000001
2014-07-07 00:00:00,0.54,0.54,0.525,0.525,21000.0,11025.0
2014-07-08 00:00:00,0.525,0.525,0.525,0.525,3703.0,1944.075
2014-07-09 00:00:00,0.535,0.545,0.525,0.525,14704.0,7719.6
2014-07-10 00:00:00,0.535,0.535,0.535,0.535,1255.0,671.4250000000001
2014-07-15 00:00:00,0.525,0.525,0.525,0.525,1045.0,548.625
2014-07-21 00:00:00,0.525,0.525,0.525,0.525,27830.0,14610.75
2014-07-22 00:00:00,0.525,0.525,0.525,0.525,5076.0,2664.9
2014-07-23 00:00:00,0.525,0.525,0.52,0.525,28009.0,14704.725
2014-07-24 00:00:00,0.525,0.53,0.525,0.53,91940.0,48728.200000000004
2014-07-25 00:00:00,0.53,0.55,0.53,0.55,7400.0,4070.0000000000005
2014-07-29 00:00:00,0.525,0.525,0.525,0.525,34690.0,18212.25
2014-07-30 00:00:00,0.525,0.525,0.525,0.525,1465.0,769.125
2014-07-31 00:00:00,0.525,0.525,0.52,0.52,27122.0,14103.44
2014-08-01 00:00:00,0.525,0.525,0.51,0.51,1120000.0,571200.0
2014-08-04 00:00:00,0.52,0.52,0.52,0.52,40000.0,20800.0
2014-08-05 00:00:00,0.52,0.52,0.515,0.515,100000.0,51500.0
2014-08-06 00:00:00,0.515,0.54,0.5,0.54,54500.0,29430.000000000004
2014-08-07 00:00:00,0.52,0.52,0.52,0.52,500.0,260.0
2014-08-08 00:00:00,0.52,0.52,0.515,0.515,55000.0,28325.0
2014-08-11 00:00:00,0.525,0.53,0.525,0.53,7500.0,3975.0
2014-08-12 00:00:00,0.525,0.525,0.51,0.51,78000.0,39780.0
2014-08-13 00:00:00,0.515,0.515,0.505,0.505,100000.0,50500.0
2014-08-14 00:00:00,0.51,0.51,0.51,0.51,46300.0,23613.0
2014-08-18 00:00:00,0.515,0.525,0.505,0.505,84794.0,42820.97
2014-08-19 00:00:00,0.505,0.51,0.5,0.51,60000.0,30600.0
2014-08-21 00:00:00,0.5,0.5,0.48,0.48,17000.0,8160.0
2014-08-22 00:00:00,0.485,0.51,0.485,0.485,28650.0,13895.25
2014-08-26 00:00:00,0.5,0.5,0.5,0.5,27020.0,13510.0
2014-08-27 00:00:00,0.5,0.5,0.49,0.49,81000.0,39690.0
2014-08-28 00:00:00,0.49,0.49,0.49,0.49,43330.0,21231.7
2014-08-29 00:00:00,0.49,0.495,0.49,0.495,1046590.0,518062.05
2014-09-01 00:00:00,0.49,0.495,0.49,0.495,27929.0,13824.855
2014-09-02 00:00:00,0.495,0.495,0.49,0.49,21400.0,10486.0
2014-09-03 00:00:00,0.495,0.495,0.495,0.495,31371.0,15528.645
2014-09-04 00:00:00,0.5,0.5,0.5,0.5,25000.0,12500.0
2014-09-08 00:00:00,0.51,0.51,0.495,0.495,40240.0,19918.8
2014-09-10 00:00:00,0.51,0.515,0.51,0.515,6047.0,3114.205
2014-09-11 00:00:00,0.495,0.51,0.485,0.51,25500.0,13005.0
2014-09-12 00:00:00,0.505,0.505,0.505,0.505,7000.0,3535.0
2014-09-15 00:00:00,0.505,0.505,0.495,0.495,30000.0,14850.0
2014-09-16 00:00:00,0.495,0.495,0.495,0.495,50000.0,24750.0
2014-09-17 00:00:00,0.495,0.495,0.495,0.495,330174.0,163436.13
2014-09-19 00:00:00,0.515,0.515,0.515,0.515,3500.0,1802.5
2014-09-24 00:00:00,0.5,0.51,0.5,0.51,36904.0,18821.04
2014-09-26 00:00:00,0.51,0.51,0.51,0.51,1000.0,510.0
2014-09-29 00:00:00,0.51,0.51,0.51,0.51,15987.0,8153.37
2014-09-30 00:00:00,0.51,0.51,0.51,0.51,13200.0,6732.0
2014-10-03 00:00:00,0.515,0.515,0.515,0.515,4000.0,2060.0
2014-10-10 00:00:00,0.51,0.51,0.495,0.495,10013.0,4956.435
2014-10-13 00:00:00,0.495,0.495,0.495,0.495,1889.0,935.055
2014-10-14 00:00:00,0.51,0.51,0.51,0.51,12480.0,6364.8
2014-10-15 00:00:00,0.475,0.51,0.475,0.51,28153.0,14358.03
2014-10-16 00:00:00,0.495,0.495,0.495,0.495,2500.0,1237.5
2014-10-17 00:00:00,0.49,0.49,0.485,0.485,3564.0,1728.54
2014-10-21 00:00:00,0.485,0.485,0.485,0.485,10000.0,4850.0
2014-10-22 00:00:00,0.485,0.485,0.48,0.48,100000.0,48000.0
2014-10-23 00:00:00,0.48,0.48,0.475,0.48,56605.0,27170.399999999998
2014-10-24 00:00:00,0.48,0.48,0.48,0.48,6015.0,2887.2
2014-10-27 00:00:00,0.465,0.465,0.465,0.465,8601.0,3999.465
2014-10-30 00:00:00,0.505,0.505,0.505,0.505,6000.0,3030.0
2014-10-31 00:00:00,0.505,0.51,0.505,0.51,14500.0,7395.0
2014-11-04 00:00:00,0.48,0.48,0.48,0.48,10000.0,4800.0
2014-11-05 00:00:00,0.48,0.48,0.475,0.48,138275.0,66372.0
2014-11-07 00:00:00,0.475,0.475,0.475,0.475,7960.0,3781.0
2014-11-11 00:00:00,0.475,0.475,0.47,0.47,50040.0,23518.8
2014-11-12 00:00:00,0.47,0.47,0.47,0.47,22000.0,10340.0
2014-11-13 00:00:00,0.47,0.47,0.47,0.47,40000.0,18800.0
2014-11-14 00:00:00,0.465,0.47,0.465,0.465,56301.0,26179.965
2014-11-17 00:00:00,0.46,0.465,0.455,0.465,69274.0,32212.410000000003
2014-11-18 00:00:00,0.44,0.455,0.44,0.45,205922.0,92664.90000000001
2014-11-19 00:00:00,0.46,0.46,0.46,0.46,13000.0,5980.0
2014-11-20 00:00:00,0.445,0.445,0.445,0.445,1500.0,667.5
2014-11-21 00:00:00,0.45,0.45,0.45,0.45,37135.0,16710.75
2014-11-25 00:00:00,0.45,0.45,0.44,0.44,50000.0,22000.0
2014-11-27 00:00:00,0.45,0.45,0.45,0.45,10001.0,4500.45
2014-12-02 00:00:00,0.45,0.45,0.45,0.45,2000.0,900.0
2014-12-03 00:00:00,0.45,0.45,0.45,0.45,14958.0,6731.1
2014-12-04 00:00:00,0.45,0.45,0.45,0.45,460.0,207.0
2014-12-05 00:00:00,0.455,0.455,0.455,0.455,57000.0,25935.0
2014-12-08 00:00:00,0.46,0.46,0.46,0.46,2000.0,920.0
2014-12-10 00:00:00,0.465,0.465,0.46,0.46,187450.0,86227.0
2014-12-11 00:00:00,0.465,0.465,0.465,0.465,6000.0,2790.0
2014-12-12 00:00:00,0.47,0.47,0.47,0.47,19190.0,9019.3
2014-12-15 00:00:00,0.47,0.47,0.47,0.47,22000.0,10340.0
2014-12-17 00:00:00,0.47,0.47,0.47,0.47,6060.0,2848.2
2014-12-18 00:00:00,0.48,0.48,0.48,0.48,15000.0,7200.0
2014-12-19 00:00:00,0.47,0.47,0.465,0.47,40000.0,18800.0
2014-12-22 00:00:00,0.47,0.47,0.47,0.47,6283.0,2953.0099999999998
2014-12-23 00:00:00,0.47,0.49,0.47,0.49,22411.0,10981.39
2014-12-24 00:00:00,0.49,0.49,0.49,0.49,4500.0,2205.0
2014-12-29 00:00:00,0.5,0.5,0.5,0.5,3430.0,1715.0
2014-12-30 00:00:00,0.49,0.5,0.49,0.5,37589.0,18794.5
2015-01-06 00:00:00,0.5,0.5,0.5,0.5,2750.0,1375.0
2015-01-07 00:00:00,0.49,0.49,0.49,0.49,30612.0,14999.88
2015-01-09 00:00:00,0.49,0.5,0.49,0.5,45000.0,22500.0
2015-01-12 00:00:00,0.5,0.5,0.5,0.5,2200.0,1100.0
2015-01-13 00:00:00,0.5,0.5,0.5,0.5,2700.0,1350.0
2015-01-15 00:00:00,0.48,0.48,0.48,0.48,1167.0,560.16
2015-01-16 00:00:00,0.49,0.5,0.47,0.5,106083.0,53041.5
2015-01-20 00:00:00,0.5,0.5,0.5,0.5,12000.0,6000.0
2015-01-27 00:00:00,0.49,0.49,0.49,0.49,18730.0,9177.7
2015-02-02 00:00:00,0.49,0.5,0.49,0.5,60000.0,30000.0
2015-02-04 00:00:00,0.495,0.5,0.495,0.5,57488.0,28744.0
2015-02-05 00:00:00,0.505,0.505,0.505,0.505,10000.0,5050.0
2015-02-06 00:00:00,0.505,0.505,0.505,0.505,12512.0,6318.56
2015-02-09 00:00:00,0.5,0.5,0.49,0.49,193360.0,94746.4
2015-02-12 00:00:00,0.49,0.49,0.49,0.49,40000.0,19600.0
2015-02-13 00:00:00,0.48,0.525,0.48,0.525,25000.0,13125.0
2015-02-18 00:00:00,0.52,0.52,0.52,0.52,962.0,500.24
2015-02-24 00:00:00,0.505,0.505,0.5,0.5,63000.0,31500.0
2015-02-27 00:00:00,0.5,0.5,0.5,0.5,17200.0,8600.0
2015-03-02 00:00:00,0.515,0.515,0.515,0.515,16300.0,8394.5
2015-03-09 00:00:00,0.52,0.52,0.52,0.52,1000.0,520.0
2015-03-10 00:00:00,0.52,0.52,0.52,0.52,107578.0,55940.560000000005
2015-03-13 00:00:00,0.5,0.52,0.5,0.52,23178.0,12052.560000000001
2015-03-16 00:00:00,0.51,0.51,0.51,0.51,95796.0,48855.96
2015-03-20 00:00:00,0.53,0.53,0.53,0.53,30000.0,15900.0
2015-03-23 00:00:00,0.54,0.54,0.53,0.53,54259.0,28757.27
2015-03-24 00:00:00,0.52,0.52,0.52,0.52,12000.0,6240.0
2015-03-27 00:00:00,0.52,0.53,0.52,0.53,11508.0,6099.240000000001
2015-03-30 00:00:00,0.54,0.54,0.54,0.54,88800.0,47952.0
2015-03-31 00:00:00,0.53,0.54,0.53,0.54,41992.0,22675.68
2015-04-02 00:00:00,0.53,0.53,0.53,0.53,2850.0,1510.5
2015-04-07 00:00:00,0.53,0.53,0.515,0.515,11000.0,5665.0
2015-04-08 00:00:00,0.53,0.53,0.53,0.53,12150.0,6439.5
2015-04-09 00:00:00,0.53,0.53,0.53,0.53,35000.0,18550.0
2015-04-10 00:00:00,0.54,0.54,0.54,0.54,59528.0,32145.120000000003
2015-04-15 00:00:00,0.55,0.55,0.55,0.55,1055.0,580.25
2015-04-16 00:00:00,0.55,0.55,0.55,0.55,213.0,117.15
2015-04-20 00:00:00,0.55,0.55,0.55,0.55,4500.0,2475.0
2015-04-22 00:00:00,0.55,0.55,0.55,0.55,20000.0,11000.0
2015-04-23 00:00:00,0.55,0.55,0.55,0.55,24000.0,13200.000000000002
2015-04-24 00:00:00,0.55,0.55,0.53,0.55,36116.0,19863.800000000003
2015-04-27 00:00:00,0.555,0.555,0.55,0.55,93281.0,51304.55
2015-04-28 00:00:00,0.555,0.555,0.55,0.55,186.0,102.30000000000001
2015-04-29 00:00:00,0.55,0.55,0.55,0.55,86731.0,47702.05
2015-04-30 00:00:00,0.535,0.535,0.535,0.535,192.0,102.72
2015-05-01 00:00:00,0.54,0.54,0.54,0.54,10000.0,5400.0
2015-05-05 00:00:00,0.545,0.545,0.545,0.545,377030.0,205481.35
2015-05-07 00:00:00,0.545,0.545,0.545,0.545,40000.0,21800.0
2015-05-08 00:00:00,0.545,0.545,0.535,0.535,8871.0,4745.985000000001
2015-05-11 00:00:00,0.54,0.54,0.54,0.54,21637.0,11683.980000000001
2015-05-12 00:00:00,0.54,0.54,0.54,0.54,16638.0,8984.52
2015-05-18 00:00:00,0.53,0.53,0.53,0.53,945.0,500.85
2015-05-19 00:00:00,0.5,0.525,0.5,0.525,1505.0,790.125
2015-05-20 00:00:00,0.525,0.525,0.525,0.525,49433.0,25952.325
2015-05-26 00:00:00,0.5,0.5,0.5,0.5,1016.0,508.0
2015-05-27 00:00:00,0.5,0.5,0.48,0.48,9000.0,4320.0
2015-05-28 00:00:00,0.51,0.53,0.51,0.53,143433.0,76019.49
2015-06-01 00:00:00,0.525,0.525,0.52,0.52,40630.0,21127.600000000002
2015-06-02 00:00:00,0.52,0.52,0.52,0.52,12750.0,6630.0
2015-06-03 00:00:00,0.52,0.53,0.5,0.5,29000.0,14500.0
2015-06-05 00:00:00,0.52,0.53,0.52,0.53,26750.0,14177.5
2015-06-10 00:00:00,0.505,0.51,0.505,0.51,8600.0,4386.0
2015-06-11 00:00:00,0.51,0.51,0.48,0.48,36000.0,17280.0
2015-06-12 00:00:00,0.5,0.5,0.5,0.5,1079.0,539.5
2015-06-15 00:00:00,0.51,0.51,0.51,0.51,15800.0,8058.0
2015-06-18 00:00:00,0.5,0.5,0.5,0.5,27050.0,13525.0
2015-06-19 00:00:00,0.495,0.52,0.495,0.52,119810.0,62301.200000000004
2015-06-22 00:00:00,0.525,0.54,0.525,0.54,271696.0,146715.84
2015-06-23 00:00:00,0.56,0.56,0.55,0.55,170060.0,93533.00000000001
2015-06-25 00:00:00,0.54,0.54,0.54,0.54,101239.0,54669.060000000005
2015-06-26 00:00:00,0.545,0.545,0.545,0.545,5000.0,2725.0
2015-06-29 00:00:00,0.54,0.54,0.53,0.535,69512.0,37188.920000000006
2015-06-30 00:00:00,0.54,0.54,0.54,0.54,3521.0,1901.3400000000001
2015-07-01 00:00:00,0.55,0.55,0.55,0.55,1000.0,550.0
2015-07-02 00:00:00,0.54,0.54,0.515,0.515,59000.0,30385.0
2015-07-03 00:00:00,0.52,0.55,0.52,0.55,100590.0,55324.50000000001
2015-07-07 00:00:00,0.54,0.54,0.54,0.54,18633.0,10061.820000000002
2015-07-08 00:00:00,0.53,0.54,0.53,0.54,56380.0,30445.2
2015-07-09 00:00:00,0.53,0.53,0.525,0.525,11038.0,5794.95
2015-07-10 00:00:00,0.53,0.54,0.53,0.54,25754.0,13907.160000000002
2015-07-13 00:00:00,0.53,0.53,0.53,0.53,18546.0,9829.380000000001
2015-07-14 00:00:00,0.54,0.54,0.535,0.54,37929.0,20481.66
2015-07-15 00:00:00,0.54,0.54,0.53,0.53,326708.0,173155.24000000002
2015-07-16 00:00:00,0.54,0.54,0.54,0.54,1000.0,540.0
2015-07-17 00:00:00,0.53,0.54,0.53,0.54,10570.0,5707.8
2015-07-20 00:00:00,0.54,0.54,0.54,0.54,177329.0,95757.66
2015-07-21 00:00:00,0.55,0.55,0.55,0.55,9063.0,4984.650000000001
2015-07-22 00:00:00,0.55,0.55,0.54,0.54,85793.0,46328.22
2015-07-23 00:00:00,0.55,0.55,0.54,0.54,61900.0,33426.0
2015-07-30 00:00:00,0.53,0.53,0.53,0.53,488.0,258.64
2015-08-04 00:00:00,0.54,0.54,0.53,0.53,47087.0,24956.11
2015-08-07 00:00:00,0.52,0.52,0.52,0.52,10000.0,5200.0
2015-08-11 00:00:00,0.52,0.52,0.52,0.52,7500.0,3900.0
2015-08-12 00:00:00,0.515,0.515,0.5,0.5,20727.0,10363.5
2015-08-14 00:00:00,0.53,0.54,0.53,0.54,36600.0,19764.0
2015-08-19 00:00:00,0.53,0.53,0.53,0.53,7500.0,3975.0
2015-08-21 00:00:00,0.515,0.52,0.5,0.5,99700.0,49850.0
2015-08-24 00:00:00,0.48,0.48,0.48,0.48,23000.0,11040.0
2015-08-25 00:00:00,0.48,0.5,0.48,0.5,85689.0,42844.5
2015-08-27 00:00:00,0.52,0.52,0.52,0.52,3807.0,1979.64
2015-08-28 00:00:00,0.5,0.5,0.5,0.5,19000.0,9500.0
2015-08-31 00:00:00,0.5,0.5,0.475,0.5,103999.0,51999.5
2015-09-01 00:00:00,0.48,0.515,0.475,0.515,56946.0,29327.190000000002
2015-09-02 00:00:00,0.51,0.51,0.48,0.51,25901.0,13209.51
2015-09-07 00:00:00,0.48,0.48,0.47,0.47,10808.0,5079.759999999999
2015-09-08 00:00:00,0.48,0.495,0.47,0.495,61686.0,30534.57
2015-09-09 00:00:00,0.475,0.475,0.47,0.47,22388.0,10522.359999999999
2015-09-10 00:00:00,0.485,0.485,0.485,0.485,3912.0,1897.32
2015-09-14 00:00:00,0.48,0.48,0.48,0.48,18429.0,8845.92
2015-09-15 00:00:00,0.49,0.49,0.49,0.49,52394.0,25673.06
2015-09-18 00:00:00,0.5,0.5,0.49,0.49,4765.0,2334.85
2015-09-22 00:00:00,0.49,0.49,0.48,0.48,21900.0,10512.0
2015-09-23 00:00:00,0.49,0.49,0.49,0.49,17000.0,8330.0
2015-09-24 00:00:00,0.5,0.5,0.5,0.5,30500.0,15250.0
2015-09-25 00:00:00,0.5,0.5,0.5,0.5,486.0,243.0
2015-09-28 00:00:00,0.49,0.49,0.49,0.49,18294.0,8964.06
2015-09-29 00:00:00,0.49,0.49,0.49,0.49,16300.0,7987.0
2015-09-30 00:00:00,0.49,0.49,0.48,0.49,71900.0,35231.0
2015-10-02 00:00:00,0.5,0.5,0.5,0.5,2.0,1.0
2015-10-05 00:00:00,0.49,0.49,0.48,0.48,6000.0,2880.0
2015-10-07 00:00:00,0.5,0.5,0.5,0.5,8000.0,4000.0
2015-10-12 00:00:00,0.49,0.49,0.485,0.49,14088.0,6903.12
2015-10-16 00:00:00,0.47,0.495,0.47,0.495,10000.0,4950.0
2015-10-19 00:00:00,0.46,0.46,0.46,0.46,27620.0,12705.2
2015-10-20 00:00:00,0.465,0.48,0.465,0.48,8960.0,4300.8
2015-10-22 00:00:00,0.48,0.48,0.48,0.48,2100.0,1008.0
2015-10-23 00:00:00,0.49,0.49,0.49,0.49,10000.0,4900.0
2015-10-28 00:00:00,0.49,0.49,0.49,0.49,5055.0,2476.95
2015-10-30 00:00:00,0.485,0.49,0.48,0.49,41522.0,20345.78
2015-11-02 00:00:00,0.49,0.5,0.49,0.5,100000.0,50000.0
2015-11-05 00:00:00,0.485,0.485,0.485,0.485,3949.0,1915.2649999999999
2015-11-10 00:00:00,0.495,0.495,0.495,0.495,16100.0,7969.5
2015-11-11 00:00:00,0.49,0.49,0.485,0.485,6135.0,2975.475
2015-11-12 00:00:00,0.49,0.49,0.485,0.485,22589.0,10955.664999999999
2015-11-13 00:00:00,0.49,0.49,0.485,0.485,2045.0,991.8249999999999
2015-11-17 00:00:00,0.49,0.49,0.485,0.485,15252.0,7397.219999999999
2015-11-20 00:00:00,0.49,0.5,0.49,0.5,51000.0,25500.0
2015-11-23 00:00:00,0.485,0.485,0.485,0.485,11957.0,5799.1449999999995
2015-11-24 00:00:00,0.495,0.5,0.495,0.5,34000.0,17000.0
2015-11-26 00:00:00,0.5,0.5,0.5,0.5,76219.0,38109.5
2015-11-27 00:00:00,0.5,0.53,0.5,0.505,41403.0,20908.515
2015-12-01 00:00:00,0.49,0.49,0.49,0.49,44424.0,21767.76
2015-12-02 00:00:00,0.485,0.495,0.485,0.49,61527.0,30148.23
2015-12-03 00:00:00,0.49,0.49,0.485,0.485,7417.0,3597.245
2015-12-04 00:00:00,0.47,0.495,0.47,0.495,40501.0,20047.995
2015-12-07 00:00:00,0.47,0.47,0.47,0.47,9990.0,4695.3
2015-12-08 00:00:00,0.475,0.475,0.475,0.475,23081.0,10963.475
2015-12-09 00:00:00,0.475,0.475,0.475,0.475,13745.0,6528.875
2015-12-11 00:00:00,0.47,0.48,0.47,0.48,185081.0,88838.87999999999
2015-12-14 00:00:00,0.47,0.47,0.47,0.47,8596.0,4040.12
2015-12-15 00:00:00,0.485,0.485,0.485,0.485,8300.0,4025.5
2015-12-17 00:00:00,0.475,0.475,0.475,0.475,4000.0,1900.0
2015-12-18 00:00:00,0.475,0.475,0.475,0.475,17052.0,8099.7
2015-12-21 00:00:00,0.47,0.47,0.47,0.47,2000.0,940.0
2015-12-23 00:00:00,0.5,0.525,0.5,0.525,42925.0,22535.625
2015-12-29 00:00:00,0.52,0.52,0.52,0.52,4761.0,2475.7200000000003
2015-12-30 00:00:00,0.5,0.5,0.5,0.5,11935.0,5967.5
2015-12-31 00:00:00,0.5,0.5,0.5,0.5,1200.0,600.0
2016-01-04 00:00:00,0.5,0.5,0.5,0.5,12500.0,6250.0
2016-01-05 00:00:00,0.525,0.525,0.51,0.51,41327.0,21076.77
2016-01-06 00:00:00,0.515,0.515,0.515,0.515,18800.0,9682.0
2016-01-08 00:00:00,0.51,0.51,0.5,0.5,6998.0,3499.0
2016-01-12 00:00:00,0.485,0.485,0.48,0.48,14330.0,6878.4
2016-01-13 00:00:00,0.48,0.48,0.48,0.48,7502.0,3600.96
2016-01-14 00:00:00,0.48,0.48,0.48,0.48,10000.0,4800.0
2016-01-18 00:00:00,0.48,0.48,0.47,0.47,6198.0,2913.06
2016-01-19 00:00:00,0.48,0.48,0.48,0.48,15502.0,7440.96
2016-01-20 00:00:00,0.48,0.48,0.48,0.48,47998.0,23039.04
2016-01-21 00:00:00,0.48,0.48,0.48,0.48,2053.0,985.4399999999999
2016-01-22 00:00:00,0.47,0.47,0.47,0.47,34800.0,16355.999999999998
2016-01-25 00:00:00,0.48,0.48,0.48,0.48,20000.0,9600.0
2016-01-27 00:00:00,0.48,0.48,0.475,0.48,14265.0,6847.2
2016-01-28 00:00:00,0.475,0.48,0.475,0.48,160000.0,76800.0
2016-01-29 00:00:00,0.48,0.48,0.48,0.48,32.0,15.36
2016-02-01 00:00:00,0.47,0.475,0.465,0.475,25361.0,12046.474999999999
2016-02-02 00:00:00,0.47,0.47,0.47,0.47,176.0,82.72
2016-02-03 00:00:00,0.47,0.47,0.46,0.465,37530.0,17451.45
2016-02-04 00:00:00,0.455,0.465,0.45,0.465,143625.0,66785.625
2016-02-08 00:00:00,0.465,0.465,0.465,0.465,19826.0,9219.09
2016-02-11 00:00:00,0.455,0.455,0.455,0.455,13.0,5.915
2016-02-12 00:00:00,0.455,0.47,0.45,0.47,60194.0,28291.179999999997
2016-02-15 00:00:00,0.47,0.49,0.47,0.49,42001.0,20580.489999999998
2016-02-22 00:00:00,0.47,0.47,0.47,0.47,1.0,0.47
2016-02-24 00:00:00,0.46,0.46,0.46,0.46,46555.0,21415.3
2016-02-26 00:00:00,0.47,0.47,0.47,0.47,52220.0,24543.399999999998
2016-02-29 00:00:00,0.48,0.48,0.48,0.48,51580.0,24758.399999999998
2016-03-01 00:00:00,0.48,0.5,0.48,0.5,100000.0,50000.0
2016-03-02 00:00:00,0.5,0.5,0.5,0.5,80000.0,40000.0
2016-03-04 00:00:00,0.5,0.5,0.5,0.5,2777.0,1388.5
2016-03-07 00:00:00,0.5,0.5,0.5,0.5,7960.0,3980.0
2016-03-08 00:00:00,0.5,0.5,0.5,0.5,42000.0,21000.0
2016-03-09 00:00:00,0.5,0.5,0.5,0.5,20100.0,10050.0
2016-03-10 00:00:00,0.5,0.51,0.5,0.5,112000.0,56000.0
2016-03-11 00:00:00,0.5,0.5,0.485,0.485,68016.0,32987.76
2016-03-14 00:00:00,0.495,0.5,0.495,0.5,50000.0,25000.0
2016-03-16 00:00:00,0.5,0.51,0.5,0.5,58309.0,29154.5
2016-03-17 00:00:00,0.5,0.5,0.5,0.5,55000.0,27500.0
2016-03-18 00:00:00,0.5,0.5,0.5,0.5,55073.0,27536.5
2016-03-21 00:00:00,0.51,0.51,0.5,0.5,33600.0,16800.0
2016-03-22 00:00:00,0.5,0.5,0.5,0.5,15669.0,7834.5
2016-03-24 00:00:00,0.5,0.5,0.5,0.5,8084.0,4042.0
2016-03-29 00:00:00,0.49,0.49,0.49,0.49,50000.0,24500.0
2016-03-31 00:00:00,0.5,0.52,0.5,0.52,26888.0,13981.76
2016-04-01 00:00:00,0.5,0.5,0.49,0.49,18000.0,8820.0
2016-04-04 00:00:00,0.51,0.51,0.5,0.5,41016.0,20508.0
2016-04-05 00:00:00,0.5,0.5,0.49,0.49,66856.0,32759.44
2016-04-06 00:00:00,0.495,0.5,0.49,0.5,46966.0,23483.0
2016-04-07 00:00:00,0.5,0.5,0.5,0.5,40.0,20.0
2016-04-08 00:00:00,0.49,0.49,0.485,0.485,108408.0,52577.88
2016-04-11 00:00:00,0.49,0.49,0.475,0.475,95939.0,45571.025
2016-04-12 00:00:00,0.475,0.48,0.475,0.48,510448.0,245015.03999999998
2016-04-13 00:00:00,0.48,0.48,0.48,0.48,17832.0,8559.36
2016-04-14 00:00:00,0.48,0.485,0.48,0.48,38276.0,18372.48
2016-04-15 00:00:00,0.49,0.49,0.47,0.47,221197.0,103962.59
2016-04-18 00:00:00,0.48,0.48,0.48,0.48,29233.0,14031.84
2016-04-19 00:00:00,0.485,0.49,0.48,0.48,73712.0,35381.76
2016-04-20 00:00:00,0.475,0.475,0.465,0.475,286596.0,136133.1
2016-04-21 00:00:00,0.48,0.485,0.475,0.475,163007.0,77428.325
2016-04-22 00:00:00,0.475,0.475,0.465,0.465,135892.0,63189.780000000006
2016-04-26 00:00:00,0.47,0.47,0.465,0.465,100190.0,46588.350000000006
2016-04-27 00:00:00,0.465,0.465,0.46,0.465,73150.0,34014.75
2016-04-28 00:00:00,0.47,0.47,0.465,0.465,15128.0,7034.52
2016-04-29 00:00:00,0.47,0.47,0.465,0.465,16853.0,7836.645
2016-05-02 00:00:00,0.465,0.465,0.465,0.465,47924.0,22284.66
2016-05-03 00:00:00,0.465,0.465,0.465,0.465,68071.0,31653.015000000003
2016-05-06 00:00:00,0.47,0.485,0.47,0.485,48351.0,23450.235
2016-05-09 00:00:00,0.485,0.485,0.485,0.485,27168.0,13176.48
2016-05-10 00:00:00,0.475,0.475,0.475,0.475,20000.0,9500.0
2016-05-11 00:00:00,0.485,0.49,0.485,0.49,51334.0,25153.66
2016-05-12 00:00:00,0.485,0.485,0.485,0.485,37640.0,18255.399999999998
2016-05-16 00:00:00,0.475,0.475,0.46,0.46,17400.0,8004.0
2016-05-17 00:00:00,0.46,0.46,0.46,0.46,10052.0,4623.92
2016-05-18 00:00:00,0.46,0.46,0.46,0.46,3475.0,1598.5
2016-05-19 00:00:00,0.46,0.475,0.46,0.46,19526.0,8981.960000000001
2016-05-20 00:00:00,0.46,0.46,0.46,0.46,15.0,6.9
2016-05-23 00:00:00,0.46,0.46,0.46,0.46,2048.0,942.08
2016-05-24 00:00:00,0.465,0.47,0.46,0.465,73044.0,33965.46
2016-05-25 00:00:00,0.46,0.46,0.46,0.46,4361.0,2006.0600000000002
2016-05-26 00:00:00,0.465,0.465,0.46,0.46,60500.0,27830.0
2016-05-27 00:00:00,0.465,0.465,0.465,0.465,50655.0,23554.575
2016-05-30 00:00:00,0.47,0.475,0.47,0.475,158629.0,75348.775
2016-05-31 00:00:00,0.475,0.48,0.47,0.48,41983.0,20151.84
2016-06-02 00:00:00,0.48,0.48,0.48,0.48,41902.0,20112.96
2016-06-03 00:00:00,0.48,0.485,0.48,0.485,20997.0,10183.545
2016-06-06 00:00:00,0.48,0.48,0.48,0.48,60781.0,29174.879999999997
2016-06-07 00:00:00,0.47,0.48,0.47,0.48,96400.0,46272.0
2016-06-08 00:00:00,0.48,0.48,0.47,0.47,40041.0,18819.27
2016-06-15 00:00:00,0.47,0.47,0.47,0.47,48293.0,22697.71
2016-06-16 00:00:00,0.47,0.47,0.47,0.47,5789.0,2720.83
2016-06-17 00:00:00,0.465,0.48,0.465,0.48,45572.0,21874.559999999998
2016-06-21 00:00:00,0.47,0.47,0.47,0.47,20540.0,9653.8
2016-06-22 00:00:00,0.465,0.465,0.465,0.465,31422.0,14611.230000000001
2016-06-23 00:00:00,0.465,0.465,0.465,0.465,4568.0,2124.12
2016-06-24 00:00:00,0.47,0.47,0.465,0.465,65571.0,30490.515000000003
2016-06-27 00:00:00,0.47,0.475,0.47,0.475,22787.0,10823.824999999999
2016-06-30 00:00:00,0.475,0.475,0.475,0.475,6500.0,3087.5
2016-07-01 00:00:00,0.48,0.48,0.48,0.48,59937.0,28769.76
2016-07-04 00:00:00,0.48,0.48,0.48,0.48,1473.0,707.04
2016-07-05 00:00:00,0.48,0.48,0.48,0.48,62563.0,30030.239999999998
2016-07-06 00:00:00,0.475,0.485,0.475,0.485,73692.0,35740.62
2016-07-08 00:00:00,0.485,0.49,0.485,0.49,109045.0,53432.049999999996
2016-07-11 00:00:00,0.49,0.49,0.4875,0.4875,199416.0,97215.3
2016-07-12 00:00:00,0.485,0.485,0.48,0.48,26000.0,12480.0
2016-07-13 00:00:00,0.49,0.49,0.49,0.49,62612.0,30679.88
2016-07-14 00:00:00,0.5,0.5,0.485,0.485,127113.0,61649.805
2016-07-18 00:00:00,0.49,0.5,0.49,0.5,1033970.0,516985.0
2016-07-19 00:00:00,0.5,0.5,0.49,0.49,599366.0,293689.33999999997
2016-07-20 00:00:00,0.49,0.49,0.48,0.48,89000.0,42720.0
2016-07-22 00:00:00,0.485,0.485,0.485,0.485,90921.0,44096.685
2016-07-25 00:00:00,0.49,0.495,0.49,0.495,231100.0,114394.5
2016-07-26 00:00:00,0.49,0.49,0.49,0.49,62448.0,30599.52
2016-07-27 00:00:00,0.495,0.495,0.495,0.495,6400.0,3168.0
2016-08-01 00:00:00,0.5,0.51,0.5,0.51,103074.0,52567.74
2016-08-02 00:00:00,0.495,0.495,0.49,0.49,13300.0,6517.0
2016-08-03 00:00:00,0.49,0.49,0.485,0.485,127400.0,61789.0
2016-08-04 00:00:00,0.5,0.5,0.485,0.495,16097.0,7968.015
2016-08-05 00:00:00,0.49,0.49,0.49,0.49,59713.0,29259.37
2016-08-08 00:00:00,0.485,0.495,0.485,0.495,98150.0,48584.25
2016-08-09 00:00:00,0.495,0.495,0.495,0.495,11500.0,5692.5
2016-08-10 00:00:00,0.495,0.495,0.49,0.49,36500.0,17885.0
2016-08-15 00:00:00,0.5,0.505,0.5,0.5,271294.0,135647.0
2016-08-16 00:00:00,0.505,0.505,0.505,0.505,6355.0,3209.275
2016-08-17 00:00:00,0.505,0.505,0.495,0.495,147810.0,73165.95
2016-08-18 00:00:00,0.495,0.505,0.495,0.5,30407.0,15203.5
2016-08-22 00:00:00,0.5,0.5,0.5,0.5,30612.0,15306.0
2016-08-23 00:00:00,0.505,0.505,0.495,0.495,32940.0,16305.3
2016-08-25 00:00:00,0.5,0.51,0.5,0.51,126602.0,64567.020000000004
2016-08-26 00:00:00,0.5,0.54,0.5,0.54,121098.0,65392.920000000006
2016-08-29 00:00:00,0.515,0.53,0.51,0.51,45072.0,22986.72
2016-08-30 00:00:00,0.525,0.525,0.525,0.525,500.0,262.5
2016-08-31 00:00:00,0.525,0.525,0.525,0.525,103900.0,54547.5
2016-09-01 00:00:00,0.53,0.535,0.53,0.53,233200.0,123596.0
2016-09-05 00:00:00,0.535,0.54,0.535,0.54,32000.0,17280.0
2016-09-06 00:00:00,0.53,0.53,0.525,0.53,392068.0,207796.04
2016-09-07 00:00:00,0.52,0.52,0.52,0.52,9104.0,4734.08
2016-09-09 00:00:00,0.53,0.535,0.53,0.535,19914.0,10653.99
2016-09-12 00:00:00,0.535,0.535,0.53,0.53,110289.0,58453.170000000006
2016-09-14 00:00:00,0.53,0.53,0.53,0.53,40000.0,21200.0
2016-09-15 00:00:00,0.525,0.545,0.525,0.545,55000.0,29975.000000000004
2016-09-16 00:00:00,0.545,0.555,0.545,0.555,99983.0,55490.565
2016-09-19 00:00:00,0.55,0.55,0.55,0.55,6400.0,3520.0000000000005
2016-09-20 00:00:00,0.55,0.59,0.545,0.545,109510.0,59682.950000000004
2016-09-21 00:00:00,0.545,0.57,0.545,0.56,50858.0,28480.480000000003
2016-09-22 00:00:00,0.56,0.6,0.56,0.6,235856.0,141513.6
2016-09-23 00:00:00,0.6,0.64,0.57,0.635,145701.0,92520.135
2016-09-26 00:00:00,0.635,0.635,0.62,0.625,25543.0,15964.375
2016-09-27 00:00:00,0.625,0.625,0.605,0.605,33016.0,19974.68
2016-09-28 00:00:00,0.6,0.6,0.6,0.6,13366.0,8019.599999999999
2016-09-29 00:00:00,0.59,0.59,0.585,0.585,7676.0,4490.46
2016-09-30 00:00:00,0.6,0.6,0.58,0.58,12434.0,7211.719999999999
2016-10-03 00:00:00,0.6,0.6,0.6,0.6,17670.0,10602.0
2016-10-04 00:00:00,0.59,0.59,0.59,0.59,13334.0,7867.0599999999995
2016-10-06 00:00:00,0.59,0.59,0.585,0.585,16766.0,9808.109999999999
2016-10-07 00:00:00,0.585,0.585,0.585,0.585,41.0,23.985
2016-10-11 00:00:00,0.58,0.58,0.58,0.58,1800.0,1044.0
2016-10-12 00:00:00,0.58,0.585,0.58,0.58,2964.0,1719.12
2016-10-13 00:00:00,0.58,0.62,0.58,0.58,31344.0,18179.52
2016-10-14 00:00:00,0.62,0.635,0.59,0.59,123858.0,73076.22
2016-10-18 00:00:00,0.6,0.6,0.58,0.58,31500.0,18270.0
2016-10-19 00:00:00,0.58,0.58,0.58,0.58,12490.0,7244.2
2016-10-20 00:00:00,0.59,0.59,0.59,0.59,5000.0,2950.0
2016-10-21 00:00:00,0.625,0.625,0.625,0.625,9500.0,5937.5
2016-10-24 00:00:00,0.625,0.625,0.575,0.575,74829.0,43026.674999999996
2016-10-25 00:00:00,0.59,0.59,0.57,0.57,102391.0,58362.869999999995
2016-10-26 00:00:00,0.59,0.595,0.57,0.58,170081.0,98646.98
2016-10-27 00:00:00,0.58,0.58,0.57,0.575,36934.0,21237.05
2016-10-28 00:00:00,0.58,0.58,0.57,0.57,35273.0,20105.609999999997
2016-10-31 00:00:00,0.58,0.59,0.57,0.575,37350.0,21476.25
2016-11-01 00:00:00,0.575,0.575,0.575,0.575,24800.0,14259.999999999998
2016-11-03 00:00:00,0.59,0.59,0.575,0.575,17609.0,10125.175
2016-11-04 00:00:00,0.58,0.58,0.565,0.57,164759.0,93912.62999999999
2016-11-07 00:00:00,0.575,0.6,0.565,0.6,86332.0,51799.2
2016-11-08 00:00:00,0.6,0.6,0.6,0.6,3850.0,2310.0
2016-11-09 00:00:00,0.6,0.6,0.565,0.565,155842.0,88050.73
2016-11-10 00:00:00,0.565,0.57,0.565,0.565,6500.0,3672.4999999999995
2016-11-11 00:00:00,0.58,0.58,0.58,0.58,8071.0,4681.179999999999
2016-11-14 00:00:00,0.58,0.58,0.58,0.58,5000.0,2900.0
2016-11-15 00:00:00,0.575,0.58,0.56,0.56,91802.0,51409.12
2016-11-16 00:00:00,0.59,0.59,0.565,0.575,156637.0,90066.275
2016-11-17 00:00:00,0.56,0.565,0.56,0.565,29188.0,16491.219999999998
2016-11-21 00:00:00,0.57,0.59,0.56,0.59,155729.0,91880.11
2016-11-22 00:00:00,0.6,0.6,0.58,0.595,49538.0,29475.109999999997
2016-11-23 00:00:00,0.595,0.595,0.575,0.575,41523.0,23875.725
2016-11-24 00:00:00,0.58,0.58,0.58,0.58,1984.0,1150.72
2016-11-28 00:00:00,0.57,0.57,0.56,0.56,92959.0,52057.04000000001
2016-11-29 00:00:00,0.56,0.56,0.56,0.56,2420.0,1355.2
2016-11-30 00:00:00,0.58,0.6,0.58,0.6,42609.0,25565.399999999998
2016-12-01 00:00:00,0.565,0.565,0.565,0.565,10000.0,5649.999999999999
2016-12-02 00:00:00,0.56,0.56,0.555,0.555,22265.0,12357.075
2016-12-05 00:00:00,0.56,0.56,0.56,0.56,9900.0,5544.000000000001
2016-12-06 00:00:00,0.56,0.56,0.555,0.555,44138.0,24496.590000000004
2016-12-07 00:00:00,0.59,0.59,0.555,0.555,116586.0,64705.23
2016-12-09 00:00:00,0.555,0.56,0.555,0.56,4600.0,2576.0000000000005
2016-12-12 00:00:00,0.56,0.56,0.555,0.555,40051.0,22228.305
2016-12-13 00:00:00,0.555,0.57,0.555,0.57,47842.0,27269.94
2016-12-14 00:00:00,0.565,0.59,0.565,0.59,10095.0,5956.049999999999
2016-12-16 00:00:00,0.57,0.57,0.555,0.555,38950.0,21617.250000000004
2016-12-19 00:00:00,0.555,0.56,0.555,0.56,12318.0,6898.080000000001
2016-12-20 00:00:00,0.59,0.6,0.59,0.6,125791.0,75474.59999999999
2016-12-21 00:00:00,0.6,0.605,0.6,0.6,25451.0,15270.599999999999
2016-12-22 00:00:00,0.615,0.615,0.615,0.615,99152.0,60978.479999999996
2016-12-23 00:00:00,0.62,0.62,0.62,0.62,23000.0,14260.0
2016-12-28 00:00:00,0.62,0.63,0.62,0.63,16437.0,10355.31
2016-12-29 00:00:00,0.63,0.63,0.63,0.63,2900.0,1827.0
2017-01-03 00:00:00,0.63,0.63,0.62,0.62,2649.0,1642.3799999999999
2017-01-04 00:00:00,0.63,0.63,0.63,0.63,6400.0,4032.0
2017-01-05 00:00:00,0.63,0.645,0.63,0.64,548877.0,351281.28
2017-01-06 00:00:00,0.64,0.64,0.61,0.61,26744.0,16313.84
2017-01-09 00:00:00,0.64,0.64,0.61,0.635,7751.0,4921.885
2017-01-10 00:00:00,0.635,0.635,0.61,0.635,10964.0,6962.14
2017-01-11 00:00:00,0.63,0.635,0.6,0.605,132705.0,80286.525
2017-01-12 00:00:00,0.635,0.635,0.6,0.62,71234.0,44165.08
2017-01-13 00:00:00,0.62,0.62,0.6,0.62,70697.0,43832.14
2017-01-16 00:00:00,0.62,0.62,0.6,0.62,6858.0,4251.96
2017-01-17 00:00:00,0.605,0.605,0.6,0.605,111026.0,67170.73
2017-01-18 00:00:00,0.61,0.61,0.6,0.6,5000.0,3000.0
2017-01-19 00:00:00,0.6,0.6,0.59,0.6,145000.0,87000.0
2017-01-23 00:00:00,0.62,0.63,0.61,0.61,62730.0,38265.299999999996
2017-01-24 00:00:00,0.62,0.62,0.605,0.61,40050.0,24430.5
2017-01-25 00:00:00,0.63,0.645,0.605,0.645,95662.0,61701.990000000005
2017-01-31 00:00:00,0.625,0.65,0.61,0.61,101370.0,61835.7
2017-02-01 00:00:00,0.61,0.61,0.61,0.61,43295.0,26409.95
2017-02-02 00:00:00,0.62,0.645,0.62,0.645,189795.0,122417.77500000001
2017-02-03 00:00:00,0.63,0.63,0.63,0.63,19554.0,12319.02
2017-02-07 00:00:00,0.645,0.645,0.64,0.645,7226.0,4660.77
2017-02-08 00:00:00,0.65,0.65,0.64,0.64,17485.0,11190.4
2017-02-10 00:00:00,0.645,0.645,0.645,0.645,11800.0,7611.0
2017-02-13 00:00:00,0.64,0.645,0.63,0.645,86911.0,56057.595
2017-02-17 00:00:00,0.625,0.63,0.625,0.63,9972.0,6282.36
2017-02-20 00:00:00,0.64,0.64,0.64,0.64,4315.0,2761.6
2017-02-22 00:00:00,0.63,0.63,0.63,0.63,209055.0,131704.65
2017-02-23 00:00:00,0.63,0.64,0.63,0.63,47411.0,29868.93
2017-02-27 00:00:00,0.64,0.64,0.62,0.62,128730.0,79812.6
2017-02-28 00:00:00,0.625,0.625,0.625,0.625,49345.0,30840.625
2017-03-02 00:00:00,0.635,0.635,0.635,0.635,10000.0,6350.0
2017-03-06 00:00:00,0.64,0.64,0.63,0.63,46533.0,29315.79
2017-03-07 00:00:00,0.635,0.635,0.63,0.63,159123.0,100247.49
2017-03-08 00:00:00,0.635,0.64,0.635,0.64,44969.0,28780.16
2017-03-10 00:00:00,0.635,0.635,0.635,0.635,1650.0,1047.75
2017-03-13 00:00:00,0.635,0.635,0.635,0.635,246608.0,156596.08000000002
2017-03-14 00:00:00,0.635,0.635,0.635,0.635,60053.0,38133.655
2017-03-15 00:00:00,0.635,0.64,0.635,0.64,76218.0,48779.520000000004
2017-03-16 00:00:00,0.645,0.645,0.635,0.635,108075.0,68627.625
2017-03-17 00:00:00,0.635,0.635,0.635,0.635,38686.0,24565.61
2017-03-20 00:00:00,0.635,0.64,0.63,0.64,122285.0,78262.40000000001
2017-03-21 00:00:00,0.635,0.64,0.635,0.64,10014.0,6408.96
2017-03-22 00:00:00,0.635,0.64,0.635,0.64,29487.0,18871.68
2017-03-23 00:00:00,0.635,0.64,0.635,0.64,13860.0,8870.4
2017-03-24 00:00:00,0.635,0.635,0.635,0.635,11.0,6.985
2017-03-28 00:00:00,0.635,0.635,0.635,0.635,24.0,15.24
2017-03-29 00:00:00,0.635,0.65,0.635,0.65,122381.0,79547.65000000001
2017-03-30 00:00:00,0.65,0.65,0.65,0.65,23531.0,15295.15
2017-03-31 00:00:00,0.64,0.64,0.64,0.64,4237.0,2711.68
2017-04-03 00:00:00,0.64,0.66,0.64,0.66,4172.0,2753.52
2017-04-04 00:00:00,0.66,0.66,0.66,0.66,42.0,27.720000000000002
2017-04-05 00:00:00,0.65,0.65,0.65,0.65,12391.0,8054.150000000001
2017-04-07 00:00:00,0.64,0.64,0.64,0.64,30.0,19.2
2017-04-10 00:00:00,0.64,0.64,0.64,0.64,23.0,14.72
2017-04-11 00:00:00,0.64,0.64,0.64,0.64,28266.0,18090.24
2017-04-12 00:00:00,0.64,0.66,0.635,0.635,60028.0,38117.78
2017-04-18 00:00:00,0.64,0.64,0.635,0.635,200809.0,127513.715
2017-04-19 00:00:00,0.63,0.64,0.63,0.64,112238.0,71832.32
2017-04-20 00:00:00,0.63,0.635,0.63,0.635,35175.0,22336.125
2017-04-21 00:00:00,0.635,0.64,0.63,0.63,29279.0,18445.77
2017-04-24 00:00:00,0.635,0.635,0.635,0.635,79375.0,50403.125
2017-04-26 00:00:00,0.635,0.64,0.635,0.64,5949.0,3807.36
2017-04-27 00:00:00,0.635,0.635,0.635,0.635,12315.0,7820.025000000001
2017-04-28 00:00:00,0.64,0.64,0.63,0.64,60185.0,38518.4
2017-05-01 00:00:00,0.64,0.64,0.64,0.64,15600.0,9984.0
2017-05-02 00:00:00,0.635,0.635,0.63,0.635,133185.0,84572.475
2017-05-03 00:00:00,0.635,0.635,0.625,0.625,13000.0,8125.0
2017-05-04 00:00:00,0.625,0.625,0.625,0.625,1650.0,1031.25
2017-05-05 00:00:00,0.635,0.635,0.63,0.63,17676.0,11135.88
2017-05-08 00:00:00,0.63,0.63,0.59,0.59,54000.0,31860.0
2017-05-09 00:00:00,0.61,0.62,0.61,0.615,42847.0,26350.905
2017-05-10 00:00:00,0.61,0.61,0.61,0.61,12500.0,7625.0
2017-05-11 00:00:00,0.615,0.62,0.615,0.615,89672.0,55148.28
2017-05-12 00:00:00,0.615,0.62,0.615,0.62,69614.0,43160.68
2017-05-15 00:00:00,0.61,0.61,0.61,0.61,85250.0,52002.5
2017-05-17 00:00:00,0.61,0.61,0.6,0.6,3340.0,2004.0
2017-05-18 00:00:00,0.6,0.6,0.6,0.6,12072.0,7243.2
2017-05-19 00:00:00,0.605,0.605,0.605,0.605,3285.0,1987.425
2017-05-22 00:00:00,0.605,0.605,0.605,0.605,10216.0,6180.679999999999
2017-05-23 00:00:00,0.605,0.605,0.605,0.605,68090.0,41194.45
2017-05-24 00:00:00,0.6,0.6,0.58,0.6,67996.0,40797.6
2017-05-26 00:00:00,0.6,0.61,0.6,0.61,68643.0,41872.229999999996
2017-05-29 00:00:00,0.605,0.605,0.6,0.605,87232.0,52775.36
2017-05-30 00:00:00,0.61,0.61,0.59,0.6,111956.0,67173.59999999999
2017-05-31 00:00:00,0.61,0.61,0.61,0.61,40000.0,24400.0
2017-06-01 00:00:00,0.61,0.61,0.605,0.605,54830.0,33172.15
2017-06-02 00:00:00,0.605,0.605,0.6,0.605,137925.0,83444.625
2017-06-05 00:00:00,0.61,0.61,0.605,0.605,104900.0,63464.5
2017-06-06 00:00:00,0.605,0.695,0.605,0.64,328764.0,210408.96
2017-06-07 00:00:00,0.64,0.64,0.63,0.63,26296.0,16566.48
2017-06-08 00:00:00,0.625,0.625,0.62,0.625,22300.0,13937.5
2017-06-09 00:00:00,0.625,0.625,0.61,0.61,38637.0,23568.57
2017-06-13 00:00:00,0.615,0.615,0.615,0.615,1535.0,944.025
2017-06-14 00:00:00,0.61,0.61,0.61,0.61,400.0,244.0
2017-06-16 00:00:00,0.61,0.61,0.61,0.61,49370.0,30115.7
2017-06-19 00:00:00,0.61,0.61,0.61,0.61,3000.0,1830.0
2017-06-20 00:00:00,0.615,0.615,0.61,0.61,98638.0,60169.18
2017-06-21 00:00:00,0.61,0.61,0.61,0.61,30826.0,18803.86
2017-06-22 00:00:00,0.615,0.615,0.61,0.61,5250.0,3202.5
2017-06-23 00:00:00,0.61,0.62,0.61,0.62,13885.0,8608.7
2017-06-27 00:00:00,0.61,0.61,0.61,0.61,13417.0,8184.37
2017-06-29 00:00:00,0.605,0.605,0.605,0.605,12486.0,7554.03
2017-06-30 00:00:00,0.61,0.61,0.6,0.605,63218.0,38246.89
2017-07-03 00:00:00,0.62,0.62,0.62,0.62,1000.0,620.0
2017-07-04 00:00:00,0.61,0.62,0.605,0.605,195604.0,118340.42
2017-07-06 00:00:00,0.61,0.61,0.605,0.61,180330.0,110001.3
2017-07-10 00:00:00,0.615,0.615,0.615,0.615,2800.0,1722.0
2017-07-12 00:00:00,0.615,0.625,0.615,0.625,30000.0,18750.0
2017-07-13 00:00:00,0.63,0.63,0.63,0.63,35825.0,22569.75
2017-07-14 00:00:00,0.63,0.63,0.63,0.63,14170.0,8927.1
2017-07-17 00:00:00,0.62,0.62,0.62,0.62,42500.0,26350.0
2017-07-18 00:00:00,0.62,0.63,0.605,0.61,94209.0,57467.49
2017-07-21 00:00:00,0.615,0.615,0.615,0.615,4643.0,2855.445
2017-07-24 00:00:00,0.62,0.62,0.62,0.62,32258.0,19999.96
2017-07-25 00:00:00,0.615,0.615,0.615,0.615,26931.0,16562.565
2017-07-26 00:00:00,0.61,0.615,0.61,0.615,102353.0,62947.095
2017-07-31 00:00:00,0.61,0.61,0.61,0.61,4489.0,2738.29
2017-08-03 00:00:00,0.62,0.62,0.62,0.62,4876.0,3023.12
2017-08-07 00:00:00,0.615,0.615,0.615,0.615,2.0,1.23
2017-08-08 00:00:00,0.62,0.62,0.62,0.62,16129.0,9999.98
2017-08-09 00:00:00,0.62,0.62,0.61,0.61,974.0,594.14
2017-08-10 00:00:00,0.605,0.605,0.605,0.605,749.0,453.145
2017-08-11 00:00:00,0.605,0.605,0.59,0.6,70619.0,42371.4
2017-08-15 00:00:00,0.6,0.6,0.59,0.6,106440.0,63864.0
2017-08-17 00:00:00,0.6,0.6,0.6,0.6,160.0,96.0
2017-08-18 00:00:00,0.595,0.62,0.595,0.62,61043.0,37846.659999999996
2017-08-21 00:00:00,0.62,0.62,0.6,0.61,306350.0,186873.5
2017-08-22 00:00:00,0.61,0.61,0.61,0.61,505.0,308.05
2017-08-23 00:00:00,0.61,0.61,0.61,0.61,33067.0,20170.87
2017-08-24 00:00:00,0.61,0.615,0.61,0.615,20001.0,12300.615
2017-08-25 00:00:00,0.61,0.61,0.61,0.61,7170.0,4373.7
2017-08-28 00:00:00,0.61,0.62,0.61,0.62,124760.0,77351.2
2017-08-30 00:00:00,0.62,0.62,0.62,0.62,1945.0,1205.9
2017-08-31 00:00:00,0.625,0.625,0.62,0.62,18507.0,11474.34
2017-09-01 00:00:00,0.62,0.62,0.61,0.61,14485.0,8835.85
2017-09-04 00:00:00,0.61,0.61,0.61,0.61,14500.0,8845.0
2017-09-05 00:00:00,0.61,0.61,0.61,0.61,5.0,3.05
2017-09-07 00:00:00,0.61,0.61,0.61,0.61,58724.0,35821.64
2017-09-08 00:00:00,0.61,0.61,0.61,0.61,1500.0,915.0
2017-09-11 00:00:00,0.625,0.625,0.625,0.625,6663.0,4164.375
2017-09-12 00:00:00,0.625,0.625,0.615,0.615,9150.0,5627.25
2017-09-18 00:00:00,0.615,0.615,0.61,0.61,39062.0,23827.82
2017-09-19 00:00:00,0.62,0.62,0.615,0.615,47769.0,29377.935
2017-09-20 00:00:00,0.615,0.615,0.615,0.615,111307.0,68453.805
2017-09-21 00:00:00,0.615,0.62,0.615,0.62,23624.0,14646.88
2017-09-22 00:00:00,0.615,0.625,0.615,0.625,245350.0,153343.75
2017-09-25 00:00:00,0.63,0.63,0.62,0.62,10144.0,6289.28
2017-09-26 00:00:00,0.62,0.62,0.62,0.62,2118.0,1313.16
2017-09-27 00:00:00,0.62,0.63,0.615,0.615,72155.0,44375.325
2017-09-28 00:00:00,0.63,0.63,0.62,0.63,17330.0,10917.9
2017-09-29 00:00:00,0.62,0.62,0.62,0.62,13942.0,8644.039999999999
2017-10-02 00:00:00,0.625,0.625,0.615,0.615,5263.0,3236.745
2017-10-04 00:00:00,0.63,0.63,0.63,0.63,2020.0,1272.6
2017-10-05 00:00:00,0.625,0.63,0.625,0.63,50000.0,31500.0
2017-10-06 00:00:00,0.63,0.63,0.615,0.62,63244.0,39211.28
2017-10-09 00:00:00,0.62,0.645,0.62,0.62,21901.0,13578.62
2017-10-11 00:00:00,0.625,0.625,0.625,0.625,850.0,531.25
2017-10-12 00:00:00,0.625,0.625,0.625,0.625,11494.0,7183.75
2017-10-16 00:00:00,0.63,0.635,0.63,0.63,61784.0,38923.92
2017-10-17 00:00:00,0.63,0.65,0.63,0.64,708876.0,453680.64
2017-10-18 00:00:00,0.635,0.635,0.635,0.635,8000.0,5080.0
2017-10-19 00:00:00,0.63,0.63,0.63,0.63,3000.0,1890.0
2017-10-23 00:00:00,0.63,0.63,0.63,0.63,21505.0,13548.15
2017-10-24 00:00:00,0.63,0.63,0.63,0.63,3685.0,2321.55
2017-10-25 00:00:00,0.63,0.63,0.63,0.63,30000.0,18900.0
2017-10-26 00:00:00,0.63,0.635,0.63,0.635,81949.0,52037.615
2017-10-27 00:00:00,0.625,0.64,0.625,0.64,2189.0,1400.96
2017-10-31 00:00:00,0.63,0.635,0.63,0.635,178171.0,113138.585
2017-11-01 00:00:00,0.625,0.635,0.625,0.63,28566.0,17996.58
2017-11-02 00:00:00,0.63,0.63,0.63,0.63,30000.0,18900.0
2017-11-06 00:00:00,0.64,0.64,0.625,0.625,11567.0,7229.375
2017-11-07 00:00:00,0.635,0.635,0.635,0.635,3000.0,1905.0
2017-11-09 00:00:00,0.63,0.63,0.63,0.63,12641.0,7963.83
2017-11-10 00:00:00,0.63,0.63,0.63,0.63,10000.0,6300.0
2017-11-13 00:00:00,0.635,0.64,0.635,0.64,101117.0,64714.880000000005
2017-11-15 00:00:00,0.635,0.635,0.635,0.635,10757.0,6830.695
2017-11-16 00:00:00,0.635,0.635,0.63,0.63,47374.0,29845.62
2017-11-17 00:00:00,0.63,0.63,0.63,0.63,33.0,20.79
2017-11-20 00:00:00,0.625,0.625,0.62,0.62,131087.0,81273.94
2017-11-21 00:00:00,0.62,0.62,0.62,0.62,1800.0,1116.0
2017-11-22 00:00:00,0.63,0.635,0.63,0.63,9829.0,6192.27
2017-11-23 00:00:00,0.63,0.63,0.63,0.63,134.0,84.42
2017-11-27 00:00:00,0.615,0.62,0.615,0.62,106125.0,65797.5
2017-11-29 00:00:00,0.615,0.63,0.615,0.63,29967.0,18879.21
2017-11-30 00:00:00,0.62,0.62,0.62,0.62,10000.0,6200.0
2017-12-01 00:00:00,0.63,0.63,0.63,0.63,800.0,504.0
2017-12-04 00:00:00,0.62,0.62,0.62,0.62,784.0,486.08
2017-12-05 00:00:00,0.63,0.64,0.63,0.64,160920.0,102988.8
2017-12-06 00:00:00,0.62,0.62,0.62,0.62,75.0,46.5
2017-12-07 00:00:00,0.62,0.64,0.62,0.64,42878.0,27441.920000000002
2017-12-08 00:00:00,0.625,0.645,0.625,0.625,26265.0,16415.625
2017-12-11 00:00:00,0.645,0.65,0.645,0.645,121861.0,78600.345
2017-12-12 00:00:00,0.645,0.645,0.645,0.645,8000.0,5160.0
2017-12-13 00:00:00,0.645,0.645,0.645,0.645,6200.0,3999.0
2017-12-14 00:00:00,0.64,0.64,0.64,0.64,17529.0,11218.56
2017-12-15 00:00:00,0.64,0.64,0.64,0.64,30296.0,19389.44
2017-12-19 00:00:00,0.625,0.64,0.62,0.625,27627.0,17266.875
2017-12-20 00:00:00,0.64,0.645,0.64,0.645,119353.0,76982.685
2017-12-21 00:00:00,0.645,0.645,0.64,0.645,54775.0,35329.875
2017-12-22 00:00:00,0.65,0.65,0.65,0.65,71120.0,46228.0
2017-12-28 00:00:00,0.64,0.64,0.64,0.64,6445.0,4124.8
2018-01-02 00:00:00,0.65,0.65,0.645,0.645,138563.0,89373.13500000001
2018-01-03 00:00:00,0.64,0.64,0.635,0.635,51352.0,32608.52
2018-01-05 00:00:00,0.64,0.64,0.635,0.635,55000.0,34925.0
2018-01-09 00:00:00,0.635,0.635,0.625,0.625,78544.0,49090.0
2018-01-10 00:00:00,0.63,0.635,0.63,0.635,10592.0,6725.92
2018-01-15 00:00:00,0.635,0.635,0.635,0.635,2098.0,1332.23
2018-01-16 00:00:00,0.65,0.65,0.65,0.65,11468.0,7454.2
2018-01-17 00:00:00,0.645,0.645,0.64,0.64,25292.0,16186.880000000001
2018-01-18 00:00:00,0.64,0.64,0.64,0.64,29807.0,19076.48
2018-01-19 00:00:00,0.635,0.635,0.635,0.635,26092.0,16568.420000000002
2018-01-22 00:00:00,0.635,0.645,0.635,0.645,32300.0,20833.5
2018-01-25 00:00:00,0.635,0.635,0.635,0.635,4300.0,2730.5
2018-01-29 00:00:00,0.64,0.645,0.64,0.64,20400.0,13056.0
2018-01-30 00:00:00,0.645,0.65,0.645,0.65,215530.0,140094.5
2018-01-31 00:00:00,0.64,0.64,0.64,0.64,91201.0,58368.64
2018-02-01 00:00:00,0.64,0.645,0.64,0.645,42399.0,27347.355
2018-02-02 00:00:00,0.65,0.65,0.65,0.65,260000.0,169000.0
2018-02-05 00:00:00,0.645,0.65,0.645,0.645,661362.0,426578.49
2018-02-06 00:00:00,0.645,0.645,0.645,0.645,33011.0,21292.095
2018-02-07 00:00:00,0.6425,0.6425,0.6425,0.6425,3762.0,2417.085
2018-02-08 00:00:00,0.645,0.65,0.645,0.65,32054.0,20835.100000000002
2018-02-13 00:00:00,0.645,0.65,0.645,0.65,81539.0,53000.35
2018-02-15 00:00:00,0.645,0.645,0.645,0.645,1412.0,910.74
2018-02-16 00:00:00,0.65,0.65,0.645,0.645,23415.0,15102.675000000001
2018-02-19 00:00:00,0.645,0.645,0.645,0.645,18000.0,11610.0
2018-02-20 00:00:00,0.645,0.645,0.645,0.645,2700.0,1741.5
2018-02-21 00:00:00,0.64,0.65,0.64,0.65,15171.0,9861.15
2018-02-22 00:00:00,0.65,0.65,0.65,0.65,4000.0,2600.0
2018-02-23 00:00:00,0.645,0.645,0.64,0.64,24829.0,15890.56
2018-02-26 00:00:00,0.645,0.65,0.645,0.65,3400.0,2210.0
2018-02-27 00:00:00,0.65,0.65,0.65,0.65,58053.0,37734.450000000004
2018-02-28 00:00:00,0.65,0.65,0.645,0.65,11107.0,7219.55
2018-03-01 00:00:00,0.65,0.65,0.65,0.65,5000.0,3250.0
2018-03-02 00:00:00,0.65,0.65,0.65,0.65,10000.0,6500.0
2018-03-05 00:00:00,0.65,0.665,0.65,0.66,285177.0,188216.82
2018-03-06 00:00:00,0.66,0.66,0.65,0.655,104173.0,68233.315
2018-03-07 00:00:00,0.655,0.66,0.65,0.66,26300.0,17358.0
2018-03-08 00:00:00,0.66,0.665,0.655,0.665,12610.0,8385.65
2018-03-09 00:00:00,0.665,0.665,0.665,0.665,11061.0,7355.5650000000005
2018-03-12 00:00:00,0.665,0.67,0.665,0.665,10073.0,6698.545
2018-03-13 00:00:00,0.665,0.665,0.665,0.665,4003.0,2661.9950000000003
2018-03-14 00:00:00,0.665,0.67,0.665,0.67,20541.0,13762.470000000001
2018-03-15 00:00:00,0.67,0.67,0.67,0.67,10000.0,6700.0
2018-03-16 00:00:00,0.665,0.67,0.665,0.67,32481.0,21762.27
2018-03-19 00:00:00,0.675,0.675,0.675,0.675,3000.0,2025.0000000000002
2018-03-20 00:00:00,0.675,0.69,0.675,0.69,49493.0,34150.17
2018-03-21 00:00:00,0.69,0.69,0.68,0.68,1449.0,985.32
2018-03-22 00:00:00,0.685,0.7,0.685,0.695,111000.0,77145.0
2018-03-23 00:00:00,0.69,0.69,0.685,0.685,25943.0,17770.955
2018-03-26 00:00:00,0.695,0.695,0.695,0.695,25971.0,18049.844999999998
2018-03-27 00:00:00,0.695,0.695,0.69,0.69,108346.0,74758.73999999999
2018-03-28 00:00:00,0.695,0.695,0.695,0.695,724.0,503.17999999999995
2018-03-29 00:00:00,0.695,0.695,0.695,0.695,121.0,84.095
2018-04-03 00:00:00,0.695,0.695,0.695,0.695,8575.0,5959.625
2018-04-04 00:00:00,0.695,0.7,0.695,0.7,30327.0,21228.899999999998
2018-04-09 00:00:00,0.695,0.7,0.695,0.7,3875.0,2712.5
2018-04-10 00:00:00,0.7,0.7,0.7,0.7,1504.0,1052.8
2018-04-11 00:00:00,0.695,0.695,0.695,0.695,80.0,55.599999999999994
2018-04-12 00:00:00,0.695,0.695,0.69,0.695,49252.0,34230.14
2018-04-13 00:00:00,0.69,0.69,0.69,0.69,1500.0,1035.0
2018-04-16 00:00:00,0.69,0.69,0.685,0.685,20942.0,14345.27
2018-04-17 00:00:00,0.69,0.69,0.685,0.685,24248.0,16609.88
2018-04-23 00:00:00,0.69,0.695,0.69,0.695,76948.0,53478.85999999999
2018-04-24 00:00:00,0.695,0.695,0.695,0.695,1439.0,1000.1049999999999
2018-04-26 00:00:00,0.695,0.695,0.69,0.695,17977.0,12494.015
2018-05-01 00:00:00,0.69,0.695,0.68,0.695,270.0,187.64999999999998
2018-05-03 00:00:00,0.695,0.695,0.695,0.695,1000.0,695.0
2018-05-04 00:00:00,0.69,0.69,0.68,0.69,2449.0,1689.81
2018-05-07 00:00:00,0.69,0.69,0.69,0.69,95000.0,65550.0
2018-05-08 00:00:00,0.69,0.695,0.69,0.695,34435.0,23932.324999999997
2018-05-09 00:00:00,0.695,0.695,0.695,0.695,6000.0,4170.0
2018-05-14 00:00:00,0.69,0.695,0.69,0.69,11300.0,7796.999999999999
2018-05-15 00:00:00,0.665,0.68,0.665,0.68,1015.0,690.2
2018-05-16 00:00:00,0.66,0.675,0.655,0.675,85000.0,57375.00000000001
2018-05-17 00:00:00,0.675,0.675,0.66,0.66,42330.0,27937.800000000003
2018-05-18 00:00:00,0.66,0.66,0.66,0.66,54331.0,35858.46
2018-05-22 00:00:00,0.67,0.67,0.665,0.665,3000.0,1995.0
2018-05-23 00:00:00,0.665,0.68,0.665,0.68,10000.0,6800.000000000001
2018-05-24 00:00:00,0.665,0.675,0.66,0.675,35672.0,24078.600000000002
2018-05-25 00:00:00,0.665,0.665,0.665,0.665,7500.0,4987.5
2018-05-29 00:00:00,0.67,0.67,0.67,0.67,5000.0,3350.0
2018-05-30 00:00:00,0.67,0.68,0.67,0.68,6000.0,4080.0000000000005
2018-05-31 00:00:00,0.68,0.695,0.68,0.69,262952.0,181436.87999999998
2018-06-04 00:00:00,0.69,0.69,0.69,0.69,1450.0,1000.4999999999999
2018-06-07 00:00:00,0.675,0.69,0.675,0.69,142595.0,98390.54999999999
2018-06-08 00:00:00,0.69,0.69,0.66,0.69,91059.0,62830.70999999999
2018-06-15 00:00:00,0.665,0.665,0.665,0.665,19823.0,13182.295
2018-06-18 00:00:00,0.665,0.665,0.665,0.665,10000.0,6650.0
2018-06-20 00:00:00,0.67,0.67,0.67,0.67,2500.0,1675.0
2018-06-21 00:00:00,0.665,0.665,0.665,0.665,9388.0,6243.02
2018-06-22 00:00:00,0.67,0.67,0.67,0.67,7509.0,5031.030000000001
2018-06-25 00:00:00,0.675,0.68,0.675,0.675,37407.0,25249.725000000002
2018-06-28 00:00:00,0.675,0.68,0.675,0.68,1935.0,1315.8000000000002
2018-06-29 00:00:00,0.68,0.68,0.68,0.68,63542.0,43208.560000000005
2018-07-02 00:00:00,0.67,0.67,0.67,0.67,12659.0,8481.53
2018-07-03 00:00:00,0.67,0.67,0.67,0.67,60228.0,40352.76
2018-07-04 00:00:00,0.675,0.675,0.675,0.675,10000.0,6750.0
2018-07-10 00:00:00,0.67,0.67,0.665,0.665,20000.0,13300.0
2018-07-12 00:00:00,0.665,0.665,0.665,0.665,25000.0,16625.0
2018-07-13 00:00:00,0.665,0.665,0.665,0.665,5183.0,3446.695
2018-07-16 00:00:00,0.68,0.68,0.68,0.68,6000.0,4080.0000000000005
2018-07-17 00:00:00,0.665,0.665,0.665,0.665,5391.0,3585.0150000000003
2018-07-19 00:00:00,0.665,0.665,0.665,0.665,162.0,107.73
2018-07-20 00:00:00,0.68,0.68,0.68,0.68,1400.0,952.0000000000001
2018-07-23 00:00:00,0.67,0.68,0.67,0.68,409773.0,278645.64
2018-07-24 00:00:00,0.66,0.68,0.66,0.68,33224.0,22592.320000000003
2018-07-26 00:00:00,0.68,0.68,0.68,0.68,6.0,4.08
2018-07-31 00:00:00,0.665,0.665,0.635,0.665,16032.0,10661.28
2018-08-02 00:00:00,0.665,0.665,0.65,0.65,47802.0,31071.3
2018-08-06 00:00:00,0.655,0.655,0.65,0.655,57223.0,37481.065
2018-08-07 00:00:00,0.655,0.66,0.65,0.66,38700.0,25542.0
2018-08-08 00:00:00,0.66,0.66,0.66,0.66,6100.0,4026.0
2018-08-09 00:00:00,0.665,0.665,0.665,0.665,9000.0,5985.0
2018-08-14 00:00:00,0.65,0.65,0.645,0.645,36211.0,23356.095
2018-08-15 00:00:00,0.665,0.665,0.665,0.665,1325.0,881.125
2018-08-17 00:00:00,0.64,0.645,0.64,0.645,23154.0,14934.33
2018-08-21 00:00:00,0.635,0.65,0.62,0.65,91527.0,59492.55
2018-08-22 00:00:00,0.645,0.645,0.645,0.645,3301.0,2129.145
2018-08-23 00:00:00,0.63,0.63,0.62,0.62,30000.0,18600.0
2018-08-27 00:00:00,0.62,0.62,0.62,0.62,2124.0,1316.8799999999999
2018-08-29 00:00:00,0.64,0.64,0.62,0.64,85650.0,54816.0
2018-08-31 00:00:00,0.64,0.645,0.64,0.645,44133.0,28465.785
2018-09-04 00:00:00,0.645,0.645,0.625,0.625,27591.0,17244.375
2018-09-05 00:00:00,0.64,0.64,0.64,0.64,4380.0,2803.2000000000003
2018-09-06 00:00:00,0.65,0.65,0.645,0.65,83769.0,54449.85
2018-09-11 00:00:00,0.645,0.645,0.645,0.645,7692.0,4961.34
2018-09-13 00:00:00,0.64,0.645,0.64,0.645,50000.0,32250.0
2018-09-18 00:00:00,0.645,0.645,0.645,0.645,9984.0,6439.68
2018-09-19 00:00:00,0.645,0.65,0.645,0.65,10393.0,6755.45
2018-09-21 00:00:00,0.66,0.66,0.63,0.63,35746.0,22519.98
2018-09-24 00:00:00,0.645,0.645,0.63,0.63,43743.0,27558.09
2018-09-25 00:00:00,0.63,0.66,0.63,0.66,75400.0,49764.0
2018-09-26 00:00:00,0.67,0.695,0.67,0.68,348827.0,237202.36000000002
2018-09-27 00:00:00,0.68,0.68,0.67,0.68,252433.0,171654.44
2018-09-28 00:00:00,0.685,0.695,0.685,0.69,55729.0,38453.009999999995
2018-10-01 00:00:00,0.69,0.69,0.69,0.69,18021.0,12434.49
2018-10-02 00:00:00,0.69,0.69,0.685,0.69,55121.0,38033.49
2018-10-03 00:00:00,0.695,0.695,0.69,0.69,24273.0,16748.37
2018-10-04 00:00:00,0.695,0.695,0.695,0.695,64119.0,44562.704999999994
2018-10-05 00:00:00,0.695,0.7,0.695,0.7,20000.0,14000.0
2018-10-08 00:00:00,0.7,0.715,0.7,0.7,22615.0,15830.499999999998
2018-10-09 00:00:00,0.7,0.7,0.7,0.7,39870.0,27909.0
2018-10-10 00:00:00,0.7,0.7,0.7,0.7,20042.0,14029.4
2018-10-11 00:00:00,0.695,0.695,0.685,0.69,82320.0,56800.799999999996
2018-10-15 00:00:00,0.69,0.69,0.65,0.65,79832.0,51890.8
2018-10-16 00:00:00,0.7,0.7,0.665,0.665,39967.0,26578.055
2018-10-17 00:00:00,0.67,0.67,0.66,0.66,30000.0,19800.0
2018-10-18 00:00:00,0.7,0.7,0.7,0.7,1000.0,700.0
2018-10-19 00:00:00,0.705,0.705,0.705,0.705,3121.0,2200.305
2018-10-22 00:00:00,0.71,0.71,0.695,0.695,7874.0,5472.429999999999
2018-10-24 00:00:00,0.68,0.68,0.68,0.68,30000.0,20400.0
2018-10-25 00:00:00,0.67,0.69,0.66,0.69,126103.0,87011.06999999999
2018-10-26 00:00:00,0.69,0.69,0.69,0.69,11415.0,7876.349999999999
2018-10-29 00:00:00,0.67,0.67,0.67,0.67,7427.0,4976.09
2018-10-30 00:00:00,0.67,0.67,0.665,0.665,1350.0,897.75
2018-10-31 00:00:00,0.685,0.695,0.685,0.695,30132.0,20941.739999999998
2018-11-01 00:00:00,0.67,0.685,0.67,0.685,7630.0,5226.55
2018-11-02 00:00:00,0.68,0.68,0.68,0.68,100000.0,68000.0
2018-11-05 00:00:00,0.68,0.69,0.68,0.69,27229.0,18788.01
2018-11-07 00:00:00,0.68,0.68,0.68,0.68,1414.0,961.5200000000001
2018-11-08 00:00:00,0.69,0.69,0.69,0.69,5282.0,3644.58
2018-11-09 00:00:00,0.69,0.69,0.685,0.685,1042.0,713.7700000000001
2018-11-12 00:00:00,0.67,0.68,0.67,0.68,4474.0,3042.32
2018-11-13 00:00:00,0.68,0.69,0.68,0.69,1781.0,1228.8899999999999
2018-11-14 00:00:00,0.68,0.68,0.68,0.68,2000.0,1360.0
2018-11-15 00:00:00,0.68,0.68,0.68,0.68,22200.0,15096.000000000002
2018-11-16 00:00:00,0.68,0.68,0.68,0.68,25000.0,17000.0
2018-11-20 00:00:00,0.68,0.68,0.67,0.675,20787.0,14031.225
2018-11-21 00:00:00,0.675,0.675,0.67,0.67,5011.0,3357.3700000000003
2018-11-22 00:00:00,0.67,0.68,0.67,0.675,43641.0,29457.675000000003
2018-11-23 00:00:00,0.68,0.68,0.68,0.68,5000.0,3400.0000000000005
2018-11-26 00:00:00,0.68,0.68,0.675,0.675,9063.0,6117.525000000001
2018-11-27 00:00:00,0.675,0.675,0.675,0.675,39540.0,26689.5
2018-11-28 00:00:00,0.67,0.67,0.67,0.67,3794.0,2541.98
2018-11-29 00:00:00,0.67,0.69,0.67,0.685,42882.0,29374.170000000002
2018-11-30 00:00:00,0.685,0.7,0.685,0.7,49159.0,34411.299999999996
2018-12-05 00:00:00,0.675,0.675,0.67,0.675,44648.0,30137.4
2018-12-06 00:00:00,0.68,0.68,0.68,0.68,18478.0,12565.04
2018-12-12 00:00:00,0.675,0.68,0.66,0.68,50910.0,34618.8
2018-12-13 00:00:00,0.66,0.68,0.66,0.68,34529.0,23479.72
2018-12-14 00:00:00,0.68,0.68,0.68,0.68,736.0,500.48
2018-12-17 00:00:00,0.68,0.68,0.68,0.68,37000.0,25160.0
2018-12-20 00:00:00,0.655,0.655,0.655,0.655,15000.0,9825.0
2018-12-21 00:00:00,0.655,0.675,0.64,0.645,83377.0,53778.165
2018-12-24 00:00:00,0.65,0.67,0.645,0.665,27847.0,18518.255
2018-12-27 00:00:00,0.655,0.675,0.655,0.675,13608.0,9185.400000000001
2018-12-28 00:00:00,0.68,0.685,0.65,0.68,111705.0,75959.40000000001
2018-12-31 00:00:00,0.68,0.68,0.68,0.68,17694.0,12031.92
2019-01-02 00:00:00,0.68,0.68,0.68,0.68,3791.0,2577.88
2019-01-03 00:00:00,0.68,0.68,0.675,0.675,39802.0,26866.350000000002
2019-01-04 00:00:00,0.67,0.67,0.665,0.665,3250.0,2161.25
2019-01-07 00:00:00,0.67,0.675,0.67,0.675,2500.0,1687.5
2019-01-10 00:00:00,0.655,0.66,0.655,0.66,12870.0,8494.2
2019-01-11 00:00:00,0.66,0.66,0.66,0.66,2000.0,1320.0
2019-01-14 00:00:00,0.66,0.66,0.635,0.635,151449.0,96170.115
2019-01-15 00:00:00,0.64,0.64,0.64,0.64,15000.0,9600.0
2019-01-16 00:00:00,0.64,0.64,0.615,0.615,132081.0,81229.815
2019-01-17 00:00:00,0.625,0.625,0.615,0.615,84059.0,51696.284999999996
2019-01-18 00:00:00,0.615,0.615,0.6,0.615,332495.0,204484.425
2019-01-21 00:00:00,0.61,0.615,0.61,0.615,161600.0,99384.0
2019-01-22 00:00:00,0.61,0.615,0.61,0.615,75820.0,46629.3
2019-01-23 00:00:00,0.61,0.625,0.61,0.625,97880.0,61175.0
2019-01-24 00:00:00,0.625,0.625,0.6,0.62,127066.0,78780.92
2019-01-25 00:00:00,0.61,0.625,0.61,0.625,102414.0,64008.75
2019-01-29 00:00:00,0.625,0.63,0.625,0.63,18344.0,11556.72
2019-01-30 00:00:00,0.645,0.645,0.645,0.645,13774.0,8884.23
2019-01-31 00:00:00,0.65,0.67,0.65,0.67,145231.0,97304.77
2019-02-01 00:00:00,0.67,0.67,0.67,0.67,23484.0,15734.28
2019-02-07 00:00:00,0.655,0.66,0.655,0.66,22170.0,14632.2
2019-02-11 00:00:00,0.67,0.67,0.67,0.67,9574.0,6414.580000000001
2019-02-12 00:00:00,0.67,0.67,0.67,0.67,11000.0,7370.0
2019-02-13 00:00:00,0.645,0.645,0.645,0.645,5828.0,3759.06
2019-02-14 00:00:00,0.645,0.645,0.645,0.645,29175.0,18817.875
2019-02-15 00:00:00,0.65,0.65,0.65,0.65,4510.0,2931.5
2019-02-19 00:00:00,0.63,0.645,0.63,0.63,46901.0,29547.63
2019-02-20 00:00:00,0.63,0.63,0.63,0.63,9893.0,6232.59
2019-02-21 00:00:00,0.63,0.63,0.625,0.625,30669.0,19168.125
2019-02-22 00:00:00,0.625,0.625,0.625,0.625,5249.0,3280.625
2019-02-25 00:00:00,0.625,0.625,0.62,0.62,115785.0,71786.7
2019-02-26 00:00:00,0.64,0.65,0.64,0.65,18877.0,12270.050000000001
2019-02-27 00:00:00,0.645,0.645,0.64,0.645,41550.0,26799.75
2019-02-28 00:00:00,0.65,0.65,0.65,0.65,6000.0,3900.0
2019-03-04 00:00:00,0.64,0.64,0.64,0.64,23861.0,15271.04
2019-03-06 00:00:00,0.65,0.65,0.645,0.645,45011.0,29032.095
2019-03-07 00:00:00,0.65,0.72,0.65,0.72,188306.0,135580.32
2019-03-08 00:00:00,0.7,0.7,0.7,0.7,940.0,658.0
2019-03-11 00:00:00,0.7,0.71,0.7,0.7,58997.0,41297.899999999994
2019-03-12 00:00:00,0.7,0.7,0.68,0.68,12206.0,8300.08
2019-03-13 00:00:00,0.675,0.675,0.67,0.67,28210.0,18900.7
2019-03-14 00:00:00,0.67,0.67,0.67,0.67,47000.0,31490.000000000004
2019-03-18 00:00:00,0.68,0.68,0.68,0.68,4780.0,3250.4
2019-03-19 00:00:00,0.68,0.68,0.67,0.67,99232.0,66485.44
2019-03-20 00:00:00,0.67,0.67,0.665,0.665,30000.0,19950.0
2019-03-22 00:00:00,0.67,0.675,0.665,0.675,156063.0,105342.52500000001
2019-03-25 00:00:00,0.675,0.675,0.665,0.665,14633.0,9730.945
2019-03-26 00:00:00,0.665,0.665,0.665,0.665,4643.0,3087.5950000000003
2019-03-27 00:00:00,0.66,0.66,0.655,0.655,37930.0,24844.15
2019-03-28 00:00:00,0.665,0.665,0.665,0.665,11500.0,7647.5
2019-03-29 00:00:00,0.665,0.665,0.665,0.665,5202.0,3459.3300000000004
2019-04-01 00:00:00,0.67,0.69,0.655,0.655,70750.0,46341.25
2019-04-02 00:00:00,0.66,0.66,0.66,0.66,50350.0,33231.0
2019-04-05 00:00:00,0.66,0.68,0.66,0.68,115985.0,78869.8
2019-04-08 00:00:00,0.68,0.69,0.68,0.68,208853.0,142020.04
2019-04-09 00:00:00,0.685,0.69,0.685,0.69,74093.0,51124.17
2019-04-10 00:00:00,0.69,0.69,0.69,0.69,14576.0,10057.439999999999
2019-04-11 00:00:00,0.685,0.685,0.685,0.685,18257.0,12506.045
2019-04-12 00:00:00,0.685,0.69,0.685,0.69,58750.0,40537.5
2019-04-15 00:00:00,0.69,0.7,0.68,0.7,39101.0,27370.699999999997
2019-04-16 00:00:00,0.7,0.7,0.7,0.7,52750.0,36925.0
2019-04-17 00:00:00,0.69,0.7,0.69,0.69,25126.0,17336.94
2019-04-18 00:00:00,0.69,0.69,0.69,0.69,10000.0,6899.999999999999
2019-04-23 00:00:00,0.69,0.69,0.68,0.68,57414.0,39041.520000000004
2019-04-24 00:00:00,0.68,0.68,0.68,0.68,686.0,466.48
2019-04-26 00:00:00,0.685,0.69,0.685,0.69,6656.0,4592.639999999999
2019-04-29 00:00:00,0.7,0.7,0.685,0.685,36574.0,25053.190000000002
2019-04-30 00:00:00,0.685,0.685,0.67,0.67,47715.0,31969.050000000003
2019-05-02 00:00:00,0.69,0.69,0.69,0.69,61000.0,42090.0
2019-05-06 00:00:00,0.69,0.69,0.69,0.69,24346.0,16798.739999999998
2019-05-07 00:00:00,0.685,0.69,0.67,0.67,49487.0,33156.29
2019-05-09 00:00:00,0.685,0.685,0.67,0.67,16461.0,11028.87
2019-05-10 00:00:00,0.67,0.67,0.67,0.67,39600.0,26532.0
2019-05-13 00:00:00,0.67,0.67,0.67,0.67,42440.0,28434.800000000003
2019-05-15 00:00:00,0.675,0.675,0.67,0.67,20908.0,14008.36
2019-05-16 00:00:00,0.67,0.67,0.67,0.67,6318.0,4233.06
2019-05-20 00:00:00,0.68,0.68,0.68,0.68,1439.0,978.5200000000001
2019-05-22 00:00:00,0.665,0.665,0.665,0.665,16000.0,10640.0
2019-05-23 00:00:00,0.665,0.665,0.665,0.665,162.0,107.73
2019-05-24 00:00:00,0.665,0.675,0.66,0.665,87015.0,57864.975000000006
2019-05-27 00:00:00,0.665,0.665,0.655,0.655,32468.0,21266.54
2019-05-28 00:00:00,0.665,0.665,0.66,0.66,14693.0,9697.380000000001
2019-05-29 00:00:00,0.665,0.675,0.665,0.675,231562.0,156304.35
2019-05-30 00:00:00,0.675,0.69,0.675,0.69,38500.0,26564.999999999996
2019-05-31 00:00:00,0.69,0.69,0.675,0.69,39000.0,26909.999999999996
2019-06-03 00:00:00,0.69,0.695,0.675,0.69,89440.0,61713.6
2019-06-04 00:00:00,0.69,0.7,0.69,0.7,23561.0,16492.7
2019-06-05 00:00:00,0.7,0.7,0.695,0.695,36224.0,25175.679999999997
2019-06-06 00:00:00,0.695,0.7,0.695,0.7,34545.0,24181.5
2019-06-07 00:00:00,0.7,0.745,0.7,0.745,341539.0,254446.555
2019-06-11 00:00:00,0.745,0.79,0.745,0.785,288336.0,226343.76
2019-06-12 00:00:00,0.785,0.79,0.785,0.79,86052.0,67981.08
2019-06-13 00:00:00,0.79,0.79,0.765,0.775,39939.0,30952.725000000002
2019-06-14 00:00:00,0.775,0.775,0.75,0.75,72285.0,54213.75
2019-06-17 00:00:00,0.755,0.755,0.73,0.73,163675.0,119482.75
2019-06-18 00:00:00,0.735,0.735,0.72,0.73,160432.0,117115.36
2019-06-19 00:00:00,0.755,0.755,0.74,0.745,90519.0,67436.655
2019-06-20 00:00:00,0.745,0.76,0.745,0.75,75396.0,56547.0
2019-06-21 00:00:00,0.745,0.745,0.725,0.73,68868.0,50273.64
2019-06-24 00:00:00,0.73,0.735,0.73,0.735,31136.0,22884.96
2019-06-25 00:00:00,0.77,0.77,0.75,0.76,34821.0,26463.96
2019-06-26 00:00:00,0.77,0.77,0.735,0.755,77824.0,58757.12
2019-06-27 00:00:00,0.77,0.77,0.75,0.75,20432.0,15324.0
2019-06-28 00:00:00,0.75,0.75,0.75,0.75,19257.0,14442.75
2019-07-01 00:00:00,0.75,0.75,0.73,0.74,33943.0,25117.82
2019-07-02 00:00:00,0.75,0.765,0.75,0.765,98496.0,75349.44
2019-07-03 00:00:00,0.75,0.76,0.75,0.76,57773.0,43907.48
2019-07-04 00:00:00,0.76,0.76,0.75,0.75,45140.0,33855.0
2019-07-05 00:00:00,0.75,0.76,0.74,0.755,75111.0,56708.805
2019-07-08 00:00:00,0.76,0.76,0.75,0.75,42709.0,32031.75
2019-07-09 00:00:00,0.75,0.75,0.75,0.75,33333.0,24999.75
2019-07-10 00:00:00,0.73,0.745,0.73,0.735,41004.0,30137.94
2019-07-11 00:00:00,0.75,0.755,0.74,0.755,32745.0,24722.475
2019-07-12 00:00:00,0.75,0.755,0.74,0.75,65092.0,48819.0
2019-07-15 00:00:00,0.75,0.755,0.74,0.74,23713.0,17547.62
2019-07-16 00:00:00,0.75,0.75,0.75,0.75,64932.0,48699.0
2019-07-17 00:00:00,0.74,0.74,0.74,0.74,6000.0,4440.0
2019-07-18 00:00:00,0.75,0.75,0.75,0.75,10536.0,7902.0
2019-07-19 00:00:00,0.75,0.75,0.75,0.75,39940.0,29955.0
2019-07-22 00:00:00,0.745,0.75,0.745,0.75,2730.0,2047.5
2019-07-23 00:00:00,0.75,0.75,0.75,0.75,57500.0,43125.0
2019-07-24 00:00:00,0.75,0.75,0.74,0.75,13045.0,9783.75
2019-07-25 00:00:00,0.75,0.75,0.75,0.75,24622.0,18466.5
2019-07-26 00:00:00,0.75,0.755,0.75,0.755,93675.0,70724.625
2019-07-29 00:00:00,0.75,0.75,0.75,0.75,6000.0,4500.0
2019-07-30 00:00:00,0.755,0.775,0.755,0.775,102466.0,79411.15000000001
2019-07-31 00:00:00,0.775,0.775,0.75,0.75,98111.0,73583.25
2019-08-01 00:00:00,0.755,0.755,0.75,0.75,5000.0,3750.0
2019-08-02 00:00:00,0.755,0.755,0.755,0.755,2200.0,1661.0
2019-08-05 00:00:00,0.755,0.76,0.75,0.75,21543.0,16157.25
2019-08-06 00:00:00,0.75,0.76,0.75,0.755,44448.0,33558.24
2019-08-07 00:00:00,0.75,0.76,0.75,0.75,37494.0,28120.5
2019-08-08 00:00:00,0.755,0.785,0.755,0.785,42929.0,33699.265
2019-08-09 00:00:00,0.785,0.785,0.785,0.785,11600.0,9106.0
2019-08-12 00:00:00,0.79,0.79,0.75,0.785,45533.0,35743.405
2019-08-13 00:00:00,0.775,0.775,0.775,0.775,3895.0,3018.625
2019-08-14 00:00:00,0.775,0.78,0.775,0.78,13064.0,10189.92
2019-08-15 00:00:00,0.75,0.75,0.75,0.75,22957.0,17217.75
2019-08-16 00:00:00,0.75,0.75,0.74,0.74,126513.0,93619.62
2019-08-19 00:00:00,0.735,0.74,0.735,0.735,32754.0,24074.19
2019-08-21 00:00:00,0.75,0.75,0.74,0.74,41421.0,30651.54
2019-08-22 00:00:00,0.75,0.76,0.745,0.745,9621.0,7167.6449999999995
2019-08-26 00:00:00,0.74,0.74,0.74,0.74,9000.0,6660.0
2019-08-27 00:00:00,0.74,0.76,0.735,0.76,40381.0,30689.56
2019-08-28 00:00:00,0.76,0.78,0.76,0.76,28022.0,21296.72
2019-08-29 00:00:00,0.765,0.765,0.75,0.75,10690.0,8017.5
2019-08-30 00:00:00,0.78,0.78,0.75,0.75,30000.0,22500.0
2019-09-03 00:00:00,0.76,0.805,0.76,0.805,9554.0,7690.97
2019-09-04 00:00:00,0.79,0.79,0.77,0.77,11265.0,8674.050000000001
2019-09-05 00:00:00,0.765,0.77,0.76,0.76,6283.0,4775.08
2019-09-06 00:00:00,0.765,0.77,0.76,0.76,84327.0,64088.520000000004
2019-09-10 00:00:00,0.765,0.765,0.755,0.755,23088.0,17431.44
2019-09-11 00:00:00,0.755,0.8,0.75,0.8,146391.0,117112.8
2019-09-12 00:00:00,0.78,0.78,0.78,0.78,31572.0,24626.16
2019-09-13 00:00:00,0.765,0.79,0.765,0.79,48563.0,38364.770000000004
2019-09-16 00:00:00,0.78,0.79,0.765,0.765,9759.0,7465.635
2019-09-17 00:00:00,0.785,0.79,0.765,0.765,9131.0,6985.215
2019-09-18 00:00:00,0.78,0.785,0.78,0.785,5000.0,3925.0
2019-09-20 00:00:00,0.785,0.785,0.785,0.785,25000.0,19625.0
2019-09-23 00:00:00,0.77,0.775,0.765,0.775,40778.0,31602.95
2019-09-24 00:00:00,0.78,0.785,0.77,0.77,61981.0,47725.37
2019-09-25 00:00:00,0.77,0.77,0.76,0.76,43121.0,32771.96
2019-09-26 00:00:00,0.775,0.79,0.77,0.77,60916.0,46905.32
2019-09-27 00:00:00,0.77,0.77,0.77,0.77,7000.0,5390.0
2019-09-30 00:00:00,0.78,0.78,0.765,0.765,2800.0,2142.0
2019-10-01 00:00:00,0.78,0.785,0.77,0.78,8013.0,6250.14
2019-10-02 00:00:00,0.78,0.78,0.765,0.765,42504.0,32515.56
2019-10-03 00:00:00,0.765,0.765,0.765,0.765,6751.0,5164.515
2019-10-04 00:00:00,0.77,0.78,0.77,0.78,38905.0,30345.9
2019-10-08 00:00:00,0.77,0.78,0.77,0.78,36250.0,28275.0
2019-10-09 00:00:00,0.78,0.78,0.78,0.78,29978.0,23382.84
2019-10-10 00:00:00,0.78,0.79,0.78,0.79,37016.0,29242.640000000003
2019-10-11 00:00:00,0.79,0.795,0.78,0.795,61212.0,48663.54
2019-10-14 00:00:00,0.8,0.8,0.8,0.8,5900.0,4720.0
2019-10-15 00:00:00,0.8,0.81,0.8,0.805,33719.0,27143.795000000002
2019-10-16 00:00:00,0.805,0.805,0.78,0.78,26101.0,20358.780000000002
2019-10-17 00:00:00,0.785,0.785,0.785,0.785,645.0,506.32500000000005
2019-10-18 00:00:00,0.8,0.805,0.8,0.805,19110.0,15383.550000000001
2019-10-21 00:00:00,0.805,0.83,0.805,0.82,39189.0,32134.98
2019-10-22 00:00:00,0.83,0.83,0.815,0.83,9344.0,7755.5199999999995
2019-10-23 00:00:00,0.83,0.83,0.825,0.825,16775.0,13839.375
2019-10-24 00:00:00,0.805,0.815,0.785,0.785,93986.0,73779.01000000001
2019-10-25 00:00:00,0.815,0.845,0.815,0.845,39800.0,33631.0
2019-10-28 00:00:00,0.855,0.875,0.855,0.87,65364.0,56866.68
2019-10-29 00:00:00,0.87,0.87,0.85,0.85,24651.0,20953.35
2019-10-30 00:00:00,0.885,0.9,0.83,0.885,52525.0,46484.625
2019-10-31 00:00:00,0.885,0.885,0.835,0.835,13364.0,11158.939999999999
2019-11-01 00:00:00,0.84,0.88,0.84,0.88,4570.0,4021.6
2019-11-04 00:00:00,0.87,0.87,0.83,0.83,10913.0,9057.789999999999
2019-11-05 00:00:00,0.82,0.82,0.8,0.81,34865.0,28240.65
2019-11-06 00:00:00,0.82,0.82,0.795,0.815,9080.0,7400.2
2019-11-07 00:00:00,0.805,0.815,0.805,0.815,29760.0,24254.399999999998
2019-11-08 00:00:00,0.815,0.82,0.815,0.82,16213.0,13294.66
2019-11-11 00:00:00,0.815,0.815,0.81,0.81,18000.0,14580.000000000002
2019-11-13 00:00:00,0.83,0.83,0.83,0.83,2369.0,1966.27
2019-11-14 00:00:00,0.825,0.83,0.825,0.825,9000.0,7425.0
2019-11-15 00:00:00,0.825,0.83,0.815,0.815,20225.0,16483.375
2019-11-18 00:00:00,0.835,0.835,0.815,0.815,1874.0,1527.31
2019-11-20 00:00:00,0.835,0.84,0.835,0.835,25736.0,21489.559999999998
2019-11-21 00:00:00,0.845,0.845,0.84,0.84,49119.0,41259.96
2019-11-22 00:00:00,0.845,0.845,0.845,0.845,2352.0,1987.4399999999998
2019-11-25 00:00:00,0.84,0.84,0.835,0.835,19239.0,16064.564999999999
2019-11-27 00:00:00,0.825,0.825,0.815,0.82,27217.0,22317.94
2019-11-28 00:00:00,0.82,0.845,0.82,0.845,83257.0,70352.165
2019-11-29 00:00:00,0.845,0.845,0.845,0.845,115.0,97.175
2019-12-02 00:00:00,0.85,0.855,0.845,0.855,35395.0,30262.725
2019-12-03 00:00:00,0.85,0.85,0.85,0.85,39.0,33.15
2019-12-04 00:00:00,0.84,0.84,0.84,0.84,25305.0,21256.2
2019-12-05 00:00:00,0.84,0.84,0.83,0.84,70135.0,58913.4
2019-12-06 00:00:00,0.83,0.83,0.83,0.83,1428.0,1185.24
2019-12-09 00:00:00,0.83,0.83,0.83,0.83,43.0,35.69
2019-12-10 00:00:00,0.82,0.82,0.82,0.82,4000.0,3280.0
2019-12-12 00:00:00,0.82,0.83,0.82,0.83,49835.0,41363.049999999996
2019-12-16 00:00:00,0.83,0.83,0.82,0.83,33510.0,27813.3
2019-12-17 00:00:00,0.83,0.83,0.815,0.82,131485.0,107817.7
2019-12-18 00:00:00,0.825,0.845,0.82,0.845,27716.0,23420.02
2019-12-19 00:00:00,0.82,0.86,0.82,0.86,43506.0,37415.159999999996
2019-12-20 00:00:00,0.86,0.865,0.83,0.865,26510.0,22931.15
2019-12-23 00:00:00,0.88,0.88,0.88,0.88,11473.0,10096.24
2019-12-24 00:00:00,0.875,0.875,0.87,0.87,2105.0,1831.35
2019-12-27 00:00:00,0.87,0.87,0.87,0.87,4600.0,4002.0
2019-12-31 00:00:00,0.87,0.88,0.86,0.88,69661.0,61301.68
2020-01-02 00:00:00,0.88,0.88,0.88,0.88,1183.0,1041.04
2020-01-03 00:00:00,0.84,0.865,0.84,0.865,17100.0,14791.5
2020-01-06 00:00:00,0.865,0.865,0.84,0.84,16186.0,13596.24
2020-01-07 00:00:00,0.855,0.855,0.84,0.855,18704.0,15991.92
2020-01-08 00:00:00,0.855,0.855,0.84,0.855,23034.0,19694.07
2020-01-09 00:00:00,0.855,0.88,0.85,0.88,179900.0,158312.0
2020-01-10 00:00:00,0.875,0.875,0.875,0.875,7300.0,6387.5
2020-01-13 00:00:00,0.87,0.87,0.835,0.85,18055.0,15346.75
2020-01-14 00:00:00,0.845,0.845,0.845,0.845,1176.0,993.7199999999999
2020-01-16 00:00:00,0.855,0.855,0.845,0.845,5024.0,4245.28
2020-01-17 00:00:00,0.855,0.855,0.855,0.855,5000.0,4275.0
2020-01-20 00:00:00,0.85,0.86,0.845,0.86,69272.0,59573.92
2020-01-21 00:00:00,0.86,0.86,0.85,0.85,25796.0,21926.6
2020-01-22 00:00:00,0.85,0.855,0.85,0.85,124443.0,105776.55
2020-01-23 00:00:00,0.85,0.85,0.845,0.845,9476.0,8007.219999999999
2020-01-24 00:00:00,0.84,0.845,0.84,0.845,7424.0,6273.28
2020-01-28 00:00:00,0.84,0.84,0.84,0.84,27755.0,23314.2
2020-01-29 00:00:00,0.85,0.85,0.85,0.85,33000.0,28050.0
2020-01-31 00:00:00,0.855,0.87,0.855,0.87,166244.0,144632.28
2020-02-03 00:00:00,0.845,0.865,0.845,0.865,15947.0,13794.155
2020-02-04 00:00:00,0.86,0.86,0.86,0.86,2000.0,1720.0
2020-02-05 00:00:00,0.86,0.86,0.86,0.86,44.0,37.839999999999996
2020-02-06 00:00:00,0.86,0.86,0.845,0.855,57828.0,49442.94
2020-02-10 00:00:00,0.83,0.855,0.825,0.855,167200.0,142956.0
2020-02-11 00:00:00,0.855,0.855,0.845,0.845,122.0,103.09
2020-02-12 00:00:00,0.84,0.84,0.84,0.84,19517.0,16394.28
2020-02-14 00:00:00,0.83,0.83,0.765,0.83,91497.0,75942.51
2020-02-17 00:00:00,0.83,0.83,0.83,0.83,15078.0,12514.74
2020-02-18 00:00:00,0.825,0.825,0.82,0.82,24772.0,20313.039999999997
2020-02-19 00:00:00,0.82,0.82,0.8,0.8,16019.0,12815.2
2020-02-21 00:00:00,0.8,0.8,0.8,0.8,19184.0,15347.2
2020-02-24 00:00:00,0.8,0.8,0.78,0.78,57143.0,44571.54
2020-02-25 00:00:00,0.725,0.755,0.65,0.75,404918.0,303688.5
2020-02-26 00:00:00,0.745,0.745,0.72,0.73,98142.0,71643.66
2020-02-27 00:00:00,0.705,0.81,0.705,0.8,110847.0,88677.6
2020-02-28 00:00:00,0.78,0.8,0.72,0.8,81319.0,65055.200000000004
2020-03-02 00:00:00,0.78,0.79,0.77,0.78,41444.0,32326.32
2020-03-03 00:00:00,0.765,0.77,0.75,0.75,72521.0,54390.75
2020-03-04 00:00:00,0.75,0.75,0.745,0.745,32162.0,23960.69
2020-03-05 00:00:00,0.745,0.76,0.74,0.74,22938.0,16974.12
2020-03-06 00:00:00,0.74,0.77,0.74,0.77,28332.0,21815.64
2020-03-09 00:00:00,0.75,0.75,0.72,0.72,307981.0,221746.31999999998
2020-03-10 00:00:00,0.7,0.73,0.7,0.73,131057.0,95671.61
2020-03-11 00:00:00,0.75,0.76,0.74,0.74,113918.0,84299.31999999999
2020-03-12 00:00:00,0.74,0.76,0.71,0.75,189755.0,142316.25
2020-03-13 00:00:00,0.71,0.75,0.7,0.73,44014.0,32130.219999999998
2020-03-16 00:00:00,0.72,0.73,0.68,0.685,297075.0,203496.37500000003
2020-03-17 00:00:00,0.67,0.68,0.66,0.68,163210.0,110982.8
2020-03-18 00:00:00,0.675,0.68,0.665,0.68,113663.0,77290.84000000001
2020-03-19 00:00:00,0.66,0.66,0.645,0.645,181112.0,116817.24
2020-03-20 00:00:00,0.645,0.67,0.645,0.66,53670.0,35422.200000000004
2020-03-23 00:00:00,0.64,0.64,0.59,0.59,383386.0,226197.74
2020-03-24 00:00:00,0.59,0.6,0.59,0.59,104519.0,61666.21
2020-03-25 00:00:00,0.63,0.635,0.6,0.61,65694.0,40073.34
2020-03-26 00:00:00,0.61,0.665,0.6,0.66,169271.0,111718.86
2020-03-27 00:00:00,0.62,0.66,0.605,0.615,59406.0,36534.69
2020-03-30 00:00:00,0.615,0.62,0.61,0.61,25942.0,15824.619999999999
2020-03-31 00:00:00,0.66,0.73,0.66,0.71,36331.0,25795.01
2020-04-03 00:00:00,0.685,0.69,0.685,0.69,10000.0,6899.999999999999
2020-04-06 00:00:00,0.68,0.69,0.65,0.69,53626.0,37001.939999999995
2020-04-07 00:00:00,0.7,0.71,0.69,0.71,108212.0,76830.51999999999
2020-04-08 00:00:00,0.71,0.71,0.675,0.705,34769.0,24512.144999999997
2020-04-09 00:00:00,0.71,0.71,0.7,0.7,14861.0,10402.699999999999
2020-04-14 00:00:00,0.7,0.7,0.68,0.7,19820.0,13874.0
2020-04-15 00:00:00,0.7,0.7,0.7,0.7,21971.0,15379.699999999999
2020-04-16 00:00:00,0.695,0.7,0.695,0.7,11799.0,8259.3
2020-04-17 00:00:00,0.7,0.71,0.7,0.71,22427.0,15923.17
2020-04-20 00:00:00,0.71,0.71,0.68,0.71,45265.0,32138.149999999998
2020-04-22 00:00:00,0.705,0.705,0.69,0.69,25044.0,17280.359999999997
2020-04-23 00:00:00,0.7,0.705,0.7,0.705,18400.0,12972.0
2020-04-24 00:00:00,0.7,0.7,0.68,0.68,9228.0,6275.040000000001
2020-04-27 00:00:00,0.685,0.685,0.68,0.68,16633.0,11310.44
2020-04-28 00:00:00,0.685,0.705,0.67,0.705,63921.0,45064.305
2020-04-29 00:00:00,0.7025,0.7025,0.685,0.685,12206.0,8361.11
2020-04-30 00:00:00,0.69,0.705,0.68,0.705,22453.0,15829.365
2020-05-01 00:00:00,0.69,0.7,0.69,0.7,10995.0,7696.499999999999
2020-05-04 00:00:00,0.7,0.7,0.69,0.69,5203.0,3590.0699999999997
2020-05-05 00:00:00,0.685,0.705,0.685,0.705,5752.0,4055.16
2020-05-06 00:00:00,0.7,0.7,0.695,0.7,5828.0,4079.6
2020-05-07 00:00:00,0.695,0.7,0.695,0.7,1287.0,900.9
2020-05-08 00:00:00,0.69,0.69,0.69,0.69,4000.0,2760.0
2020-05-11 00:00:00,0.69,0.695,0.68,0.68,36879.0,25077.72
2020-05-12 00:00:00,0.695,0.7,0.695,0.695,9110.0,6331.45
2020-05-13 00:00:00,0.68,0.7,0.68,0.68,26841.0,18251.88
2020-05-14 00:00:00,0.7,0.7,0.68,0.68,19214.0,13065.52
2020-05-15 00:00:00,0.675,0.68,0.675,0.68,10372.0,7052.960000000001
2020-05-18 00:00:00,0.7,0.7,0.69,0.69,8780.0,6058.2
2020-05-19 00:00:00,0.69,0.7,0.675,0.675,14155.0,9554.625
2020-05-20 00:00:00,0.68,0.69,0.675,0.69,11611.0,8011.589999999999
2020-05-22 00:00:00,0.685,0.685,0.685,0.685,8785.0,6017.725
2020-05-25 00:00:00,0.685,0.685,0.68,0.68,62667.0,42613.560000000005
2020-05-26 00:00:00,0.69,0.69,0.69,0.69,5000.0,3449.9999999999995
2020-05-27 00:00:00,0.69,0.69,0.68,0.69,122807.0,84736.82999999999
2020-05-28 00:00:00,0.69,0.69,0.68,0.69,32327.0,22305.629999999997
2020-05-29 00:00:00,0.69,0.69,0.68,0.68,29832.0,20285.760000000002
2020-06-01 00:00:00,0.675,0.68,0.67,0.68,70124.0,47684.32000000001
2020-06-02 00:00:00,0.68,0.68,0.68,0.68,71347.0,48515.96000000001
2020-06-03 00:00:00,0.68,0.695,0.68,0.69,68060.0,46961.399999999994
2020-06-04 00:00:00,0.695,0.74,0.695,0.74,293133.0,216918.41999999998
2020-06-05 00:00:00,0.73,0.74,0.73,0.73,36849.0,26899.77
2020-06-09 00:00:00,0.74,0.775,0.73,0.73,234104.0,170895.91999999998
2020-06-10 00:00:00,0.73,0.77,0.73,0.745,28623.0,21324.135
2020-06-11 00:00:00,0.735,0.735,0.73,0.73,30769.0,22461.37
2020-06-12 00:00:00,0.71,0.73,0.705,0.71,78476.0,55717.96
2020-06-15 00:00:00,0.71,0.71,0.705,0.71,31389.0,22286.19
2020-06-16 00:00:00,0.715,0.72,0.715,0.72,54773.0,39436.56
2020-06-18 00:00:00,0.72,0.72,0.705,0.705,18854.0,13292.07
2020-06-19 00:00:00,0.71,0.715,0.705,0.715,27765.0,19851.975
2020-06-22 00:00:00,0.71,0.71,0.71,0.71,13847.0,9831.369999999999
2020-06-23 00:00:00,0.71,0.71,0.7,0.7,47653.0,33357.1
2020-06-24 00:00:00,0.7,0.71,0.7,0.705,23352.0,16463.16
2020-06-25 00:00:00,0.7,0.705,0.695,0.695,37939.0,26367.605
2020-06-26 00:00:00,0.7,0.7,0.695,0.695,18400.0,12788.0
2020-06-30 00:00:00,0.695,0.705,0.695,0.7,102048.0,71433.59999999999
2020-07-01 00:00:00,0.71,0.71,0.7,0.71,26167.0,18578.57
2020-07-02 00:00:00,0.71,0.71,0.71,0.71,12839.0,9115.689999999999
2020-07-03 00:00:00,0.71,0.715,0.7,0.715,34923.0,24969.945
2020-07-06 00:00:00,0.715,0.715,0.71,0.71,14225.0,10099.75
2020-07-07 00:00:00,0.705,0.705,0.705,0.705,3000.0,2115.0
2020-07-08 00:00:00,0.715,0.725,0.71,0.715,14628.0,10459.02
2020-07-09 00:00:00,0.715,0.715,0.715,0.715,19028.0,13605.019999999999
2020-07-10 00:00:00,0.72,0.725,0.715,0.715,41410.0,29608.149999999998
2020-07-13 00:00:00,0.715,0.725,0.71,0.71,31760.0,22549.6
2020-07-14 00:00:00,0.71,0.71,0.705,0.705,10993.0,7750.065
2020-07-15 00:00:00,0.71,0.71,0.705,0.71,23431.0,16636.01
2020-07-16 00:00:00,0.71,0.71,0.7,0.7,41193.0,28835.1
2020-07-17 00:00:00,0.71,0.715,0.71,0.715,54418.0,38908.869999999995
2020-07-20 00:00:00,0.715,0.715,0.695,0.695,107833.0,74943.935
2020-07-21 00:00:00,0.705,0.705,0.7,0.7,106747.0,74722.9
2020-07-22 00:00:00,0.7,0.7,0.7,0.7,25000.0,17500.0
2020-07-24 00:00:00,0.7,0.7,0.695,0.695,10142.0,7048.69
2020-07-27 00:00:00,0.7,0.7,0.695,0.695,18594.0,12922.83
2020-07-28 00:00:00,0.695,0.695,0.69,0.69,223224.0,154024.56
2020-07-29 00:00:00,0.69,0.69,0.68,0.68,15122.0,10282.960000000001
2020-07-30 00:00:00,0.68,0.685,0.675,0.68,63713.0,43324.840000000004
2020-07-31 00:00:00,0.685,0.685,0.68,0.685,33500.0,22947.5
2020-08-03 00:00:00,0.69,0.69,0.68,0.685,63508.0,43502.98
2020-08-04 00:00:00,0.685,0.685,0.67,0.67,49822.0,33380.740000000005
2020-08-05 00:00:00,0.67,0.67,0.67,0.67,23282.0,15598.94
2020-08-06 00:00:00,0.675,0.68,0.675,0.68,17503.0,11902.04
2020-08-07 00:00:00,0.68,0.68,0.68,0.68,5000.0,3400.0000000000005
2020-08-10 00:00:00,0.68,0.68,0.68,0.68,32160.0,21868.800000000003
2020-08-11 00:00:00,0.685,0.69,0.685,0.685,142587.0,97672.095
2020-08-12 00:00:00,0.69,0.69,0.68,0.69,15160.0,10460.4
2020-08-13 00:00:00,0.69,0.69,0.69,0.69,25000.0,17250.0
2020-08-14 00:00:00,0.68,0.69,0.65,0.69,103536.0,71439.84
2020-08-17 00:00:00,0.69,0.69,0.69,0.69,7240.0,4995.599999999999
2020-08-19 00:00:00,0.69,0.69,0.685,0.69,1700.0,1173.0
2020-08-20 00:00:00,0.69,0.69,0.675,0.675,47810.0,32271.750000000004
2020-08-21 00:00:00,0.68,0.69,0.675,0.68,89583.0,60916.44
2020-08-24 00:00:00,0.68,0.68,0.67,0.67,116431.0,78008.77
2020-08-25 00:00:00,0.68,0.685,0.68,0.68,42300.0,28764.000000000004
2020-08-26 00:00:00,0.69,0.69,0.67,0.675,50822.0,34304.850000000006
2020-08-27 00:00:00,0.67,0.68,0.67,0.675,41840.0,28242.000000000004
2020-08-28 00:00:00,0.675,0.68,0.675,0.68,11271.0,7664.280000000001
2020-08-31 00:00:00,0.68,0.68,0.675,0.675,24987.0,16866.225000000002
2020-09-01 00:00:00,0.67,0.68,0.665,0.68,72128.0,49047.04
2020-09-02 00:00:00,0.67,0.67,0.665,0.665,44603.0,29660.995000000003
2020-09-04 00:00:00,0.665,0.665,0.665,0.665,10102.0,6717.83
2020-09-07 00:00:00,0.665,0.68,0.665,0.68,133393.0,90707.24
2020-09-08 00:00:00,0.68,0.7,0.68,0.7,167021.0,116914.7
2020-09-09 00:00:00,0.7,0.7,0.69,0.695,75277.0,52317.515
2020-09-10 00:00:00,0.7,0.7,0.695,0.7,50366.0,35256.2
2020-09-11 00:00:00,0.7,0.71,0.7,0.705,95481.0,67314.105
2020-09-14 00:00:00,0.7,0.715,0.7,0.715,29915.0,21389.225
2020-09-15 00:00:00,0.715,0.72,0.715,0.72,40388.0,29079.36
2020-09-16 00:00:00,0.715,0.715,0.7,0.7,15358.0,10750.599999999999
2020-09-18 00:00:00,0.715,0.715,0.705,0.715,18067.0,12917.904999999999
2020-09-21 00:00:00,0.71,0.71,0.71,0.71,14844.0,10539.24
2020-09-22 00:00:00,0.71,0.71,0.71,0.71,6409.0,4550.389999999999
2020-09-23 00:00:00,0.715,0.715,0.715,0.715,14329.0,10245.234999999999
2020-09-24 00:00:00,0.71,0.715,0.705,0.715,64301.0,45975.215
2020-09-25 00:00:00,0.715,0.715,0.715,0.715,5800.0,4147.0
2020-09-28 00:00:00,0.715,0.715,0.715,0.715,27107.0,19381.504999999997
2020-09-29 00:00:00,0.715,0.72,0.71,0.72,89221.0,64239.119999999995
2020-09-30 00:00:00,0.72,0.72,0.71,0.72,15270.0,10994.4
2020-10-01 00:00:00,0.72,0.74,0.72,0.74,56359.0,41705.659999999996
2020-10-02 00:00:00,0.745,0.75,0.72,0.73,40561.0,29609.53
2020-10-05 00:00:00,0.74,0.8,0.74,0.795,148914.0,118386.63
2020-10-06 00:00:00,0.795,0.81,0.79,0.8,132102.0,105681.6
2020-10-07 00:00:00,0.81,0.81,0.785,0.785,122625.0,96260.625
2020-10-08 00:00:00,0.785,0.795,0.785,0.79,31845.0,25157.550000000003
2020-10-09 00:00:00,0.8,0.8,0.785,0.795,38305.0,30452.475000000002
2020-10-12 00:00:00,0.8,0.8,0.785,0.79,71181.0,56232.990000000005
2020-10-13 00:00:00,0.79,0.8,0.79,0.795,67069.0,53319.855
2020-10-14 00:00:00,0.795,0.795,0.77,0.795,34239.0,27220.005
2020-10-15 00:00:00,0.795,0.795,0.77,0.79,8700.0,6873.0
2020-10-16 00:00:00,0.77,0.79,0.77,0.79,1215.0,959.85
2020-10-19 00:00:00,0.79,0.8,0.79,0.795,53968.0,42904.560000000005
2020-10-20 00:00:00,0.79,0.79,0.785,0.785,11300.0,8870.5
2020-10-21 00:00:00,0.785,0.79,0.77,0.79,52716.0,41645.64
2020-10-22 00:00:00,0.79,0.79,0.79,0.79,7129.0,5631.91
2020-10-26 00:00:00,0.79,0.79,0.78,0.78,18516.0,14442.480000000001
2020-10-27 00:00:00,0.78,0.78,0.765,0.765,31250.0,23906.25
2020-10-28 00:00:00,0.76,0.76,0.76,0.76,27104.0,20599.04
2020-10-29 00:00:00,0.75,0.75,0.75,0.75,6000.0,4500.0
2020-10-30 00:00:00,0.76,0.76,0.76,0.76,17038.0,12948.880000000001
2020-11-02 00:00:00,0.765,0.765,0.765,0.765,14530.0,11115.45
2020-11-03 00:00:00,0.785,0.785,0.77,0.77,11250.0,8662.5
2020-11-04 00:00:00,0.765,0.765,0.75,0.76,60015.0,45611.4
2020-11-05 00:00:00,0.75,0.75,0.75,0.75,30783.0,23087.25
2020-11-06 00:00:00,0.755,0.76,0.755,0.755,40000.0,30200.0
2020-11-09 00:00:00,0.755,0.755,0.755,0.755,202000.0,152510.0
2020-11-10 00:00:00,0.76,0.76,0.75,0.76,68316.0,51920.16
2020-11-11 00:00:00,0.76,0.76,0.76,0.76,39473.0,29999.48
2020-11-12 00:00:00,0.76,0.77,0.76,0.77,66086.0,50886.22
2020-11-13 00:00:00,0.76,0.77,0.76,0.77,20002.0,15401.54
2020-11-17 00:00:00,0.76,0.785,0.76,0.78,58563.0,45679.14
2020-11-18 00:00:00,0.76,0.775,0.76,0.765,15642.0,11966.130000000001
2020-11-19 00:00:00,0.765,0.765,0.765,0.765,21235.0,16244.775
2020-11-20 00:00:00,0.76,0.76,0.76,0.76,9312.0,7077.12
2020-11-23 00:00:00,0.77,0.775,0.755,0.77,47602.0,36653.54
2020-11-24 00:00:00,0.76,0.775,0.75,0.775,26877.0,20829.675
2020-11-25 00:00:00,0.775,0.775,0.775,0.775,3880.0,3007.0
2020-11-26 00:00:00,0.775,0.795,0.765,0.79,166911.0,131859.69
2020-11-27 00:00:00,0.785,0.785,0.77,0.77,2840.0,2186.8
2020-11-30 00:00:00,0.76,0.785,0.76,0.77,69314.0,53371.78
2020-12-01 00:00:00,0.775,0.78,0.775,0.78,47204.0,36819.12
2020-12-02 00:00:00,0.78,0.78,0.78,0.78,7047.0,5496.66
2020-12-03 00:00:00,0.77,0.78,0.77,0.78,2657.0,2072.46
2020-12-04 00:00:00,0.785,0.785,0.785,0.785,22734.0,17846.190000000002
2020-12-07 00:00:00,0.785,0.785,0.78,0.78,16053.0,12521.34
2020-12-08 00:00:00,0.78,0.79,0.78,0.78,18560.0,14476.800000000001
2020-12-09 00:00:00,0.785,0.79,0.78,0.785,52417.0,41147.345
2020-12-10 00:00:00,0.78,0.79,0.78,0.785,26519.0,20817.415
2020-12-11 00:00:00,0.775,0.775,0.775,0.775,637.0,493.675
2020-12-14 00:00:00,0.77,0.785,0.77,0.78,39922.0,31139.16
2020-12-15 00:00:00,0.78,0.79,0.78,0.79,115843.0,91515.97
2020-12-16 00:00:00,0.775,0.775,0.77,0.77,22393.0,17242.61
2020-12-17 00:00:00,0.775,0.775,0.77,0.775,3503.0,2714.8250000000003
2020-12-18 00:00:00,0.775,0.775,0.77,0.77,67989.0,52351.53
2020-12-22 00:00:00,0.77,0.77,0.77,0.77,50000.0,38500.0
2020-12-23 00:00:00,0.78,0.78,0.78,0.78,46103.0,35960.340000000004
2020-12-29 00:00:00,0.78,0.79,0.78,0.79,27823.0,21980.170000000002
2020-12-30 00:00:00,0.78,0.785,0.775,0.785,46643.0,36614.755000000005
2020-12-31 00:00:00,0.77,0.775,0.77,0.77,36546.0,28140.420000000002
