timestamps,open,high,low,close,volume,amount
2015-01-02 00:00:00,28.603584960220587,29.096301509072262,28.473922293997457,29.018505096435547,340040,9867452.472991943
2015-01-05 00:00:00,28.862904779759315,29.303756969315664,28.65544376202992,29.044431686401367,387080,11242518.617172241
2015-01-06 00:00:00,29.174097343410608,29.355624268816015,28.862907763145603,28.914772033691406,448560,12970010.143432617
2015-01-07 00:00:00,29.096311663482542,29.225974374957058,28.86292036562519,29.12224578857422,339760,9894574.229125977
2015-01-08 00:00:00,29.35563708643157,29.35563708643157,28.94071680541232,29.12224578857422,260200,7577608.354187012
2015-01-09 00:00:00,29.096303248154587,29.200033783032108,28.655450948044372,28.99257469177246,316080,9163973.00857544
2015-01-12 00:00:00,29.01849759147482,29.329687118530277,28.966631351302404,29.329687118530273,203880,5979736.609725952
2015-01-13 00:00:00,29.40748548954152,29.40748548954152,28.966631351302404,29.329687118530273,296760,8703877.949295044
2015-01-14 00:00:00,29.096310091170018,29.20004065044341,28.888850951119096,29.174108505249023,378600,11045317.48008728
2015-01-15 00:00:00,29.20003442434577,29.40749549865723,29.070371747524966,29.407495498657227,340360,10009135.167922974
2015-01-16 00:00:00,29.32970055004567,29.770554890173713,29.20003785797783,29.666824340820312,442380,13124009.75189209
2015-01-20 00:00:00,29.744620515839756,29.822418921816666,29.174105466994565,29.303768157958984,267760,7846376.961975098
2015-01-21 00:00:00,29.277841144214637,29.485300299002002,29.070380010931277,29.200042724609375,240780,7030786.287231445
2015-01-22 00:00:00,29.433420384080193,29.796476185397793,29.200027227626382,29.770544052124023,328800,9788554.884338379
2015-01-23 00:00:00,29.796483251465105,29.822415390888533,29.12223773397888,29.355628967285156,376620,11055916.981658936
2015-01-26 00:00:00,29.35562536488104,30.315130233764652,29.22596270518016,30.31513023376465,341660,10357467.39566803
2015-01-27 00:00:00,30.133597353117658,30.418856749674063,30.081733087468265,30.289194107055664,166500,5043150.818824768
2015-01-28 00:00:00,30.3929342293028,30.47073263594177,29.640892198105877,29.666824340820312,283640,8414698.056030273
2015-01-29 00:00:00,29.692752539176322,30.263267517089844,29.563089864332756,30.263267517089844,264220,7996160.5433654785
2015-01-30 00:00:00,30.13360645793088,30.289203258882175,29.589023590087894,29.58902359008789,321860,9523523.132705688
2015-02-02 00:00:00,29.58902358344028,29.58902358344028,28.551722129307436,29.277833938598633,368700,10794737.373161316
2015-02-03 00:00:00,29.277839064522418,29.848354172782276,28.966647386702245,29.82242202758789,327880,9778175.734405518
2015-02-04 00:00:00,29.744618412543673,29.848348953679366,29.433428767632112,29.58902359008789,230600,6823228.839874268
2015-02-05 00:00:00,29.614960108777936,30.00394821166992,29.459365263320304,30.003948211669922,179440,5383908.467102051
2015-02-06 00:00:00,29.95207589754303,29.95207589754303,28.862910292666847,29.018505096435547,315580,9157659.83833313
2015-02-09 00:00:00,29.018505096435547,29.32969470397295,28.992572958889976,29.018505096435547,248140,7200651.854629517
2015-02-10 00:00:00,29.070366823823907,29.09629895909681,28.629514588699298,28.914772033691406,234400,6777622.564697266
2015-02-11 00:00:00,28.91477967408998,29.122240768082598,28.4739273224752,28.60359001159668,182360,5216150.6745147705
2015-02-12 00:00:00,28.785120391845705,29.277839064522418,28.55172712810454,29.174108505249023,278360,8120904.843521118
2015-02-13 00:00:00,29.225974540814562,29.329705106282038,28.888852676165236,29.148178100585938,162860,4747072.285461426
2015-02-17 00:00:00,29.070367289041144,29.40749098846919,28.577648796990587,28.681379318237305,322760,9257201.988754272
2015-02-18 00:00:00,28.707315226235433,28.99257469177246,28.344261321907204,28.99257469177246,483180,14008632.239570618
2015-02-19 00:00:00,29.044443242489933,29.148173792626533,27.903411147978694,28.422061920166016,297200,8447036.80267334
2015-02-20 00:00:00,28.266458334223664,28.473919370276544,28.162727816197222,28.24052619934082,285340,8058151.74571991
2015-02-23 00:00:00,28.240525747592663,28.473918914794925,28.188659500161585,28.473918914794922,186240,5302982.658691406
2015-02-24 00:00:00,28.370201074185974,28.370201074185974,27.74781967639933,28.033077239990234,349780,9805409.757003784
2015-02-25 00:00:00,28.084935561145585,28.39612518270863,27.566284872876935,27.670013427734375,439940,12173145.707397461
2015-02-26 00:00:00,27.695951969256416,27.877478947750475,27.436626583695947,27.77374839782715,287980,7998284.063606262
2015-02-27 00:00:00,27.79967856269994,28.21460073287097,27.592219456109962,28.084938049316406,296100,8315950.156402588
2015-03-02 00:00:00,28.08493534563273,28.551719774395373,27.773743747962282,27.955272674560547,253380,7083306.990280151
2015-03-03 00:00:00,27.9293377991623,28.214597250571504,27.695946580366112,28.136798858642578,368720,10374600.475158691
2015-03-04 00:00:00,28.03307479288745,28.162737490336973,27.229166464399565,27.306964874267578,415580,11348228.46244812
2015-03-05 00:00:00,27.410692060655723,27.540354751535826,27.073570251464844,27.073570251464844,444820,12042865.519256592
2015-03-06 00:00:00,26.684579424204355,26.684579424204355,25.49168318694791,25.67321014404297,811920,20844592.780151367
2015-03-09 00:00:00,25.802880303631145,26.01034143917935,25.128634580843503,25.310161590576172,851560,21553121.204071045
2015-03-10 00:00:00,25.18048255451615,25.413875686107925,24.687764160821235,24.843360900878906,945180,23481447.856292725
2015-03-11 00:00:00,24.97303724656174,25.43982178759814,24.791508276301066,25.20642852783203,969200,24430070.529174805
2015-03-12 00:00:00,25.38795546974831,25.854739973491448,25.310157063209953,25.828807830810547,432820,11179224.60533142
2015-03-13 00:00:00,25.725073975897566,25.80287237243876,25.310153810833814,25.59541130065918,368620,9434980.513648987
2015-03-16 00:00:00,25.64727755785178,25.880670768979957,25.543547021961988,25.59541130065918,358920,9186705.024032593
2015-03-17 00:00:00,25.802877760643312,25.90660831819431,25.517620211249938,25.8547420501709,578980,14969378.552207947
2015-03-18 00:00:00,25.82881186646022,26.63272028614952,25.595418588874043,26.52899169921875,446860,11854745.23071289
2015-03-19 00:00:00,26.42526277850189,26.736452515654612,26.1918694863893,26.477127075195312,381480,10100494.436645508
2015-03-20 00:00:00,26.451190049683586,26.9698408349715,26.451190049683586,26.94390869140625,757420,20407855.321044922
2015-03-23 00:00:00,26.99577089674233,27.255096269388257,26.81424392728841,26.9179744720459,298060,8023171.4711380005
2015-03-24 00:00:00,26.943898963938253,26.969831098141306,26.580843149610423,26.606775283813477,332220,8839302.884788513
2015-03-25 00:00:00,26.658655991065284,26.86611515571601,26.088138836659585,26.140005111694336,388660,10159574.38671112
2015-03-26 00:00:00,26.036265880950307,26.47711819039802,25.932535343875717,25.958467483520508,547560,14213818.45527649
2015-03-27 00:00:00,26.090372565562443,26.195895201315317,25.826566982518692,25.98484992980957,990920,25748907.4924469
2015-03-30 00:00:00,26.143139663877317,26.248662327023947,25.87933401234944,26.06399917602539,437500,11402999.639511108
2015-03-31 00:00:00,25.958465188340252,26.063987805452,25.800182269010893,25.932085037231445,435260,11287199.333305359
2015-04-01 00:00:00,25.93209114089984,26.24865705406907,25.694665699684418,25.958471298217773,470180,12205154.034996033
2015-04-02 00:00:00,25.958467527360433,26.644361581375353,25.932087373874612,26.51245880126953,505400,13399396.678161621
2015-04-06 00:00:00,26.53884180788316,26.8817898780985,26.486081495239375,26.723506927490234,269020,7189157.833633423
2015-04-07 00:00:00,26.670746669415163,26.670746669415163,26.09037513464137,26.16951560974121,265720,6953763.687820435
2015-04-08 00:00:00,26.169512935854126,26.248655415544604,25.958469677807624,26.11675262451172,346000,9036396.408081055
2015-04-09 00:00:00,26.063990370515658,26.090370524220642,25.483616925622393,25.562759399414062,356700,9118236.277770996
2015-04-10 00:00:00,25.69466755050548,25.98485332725924,25.48362225140612,25.53638458251953,351060,8964803.171539307
2015-04-13 00:00:00,25.536382398520775,25.826568150456403,25.457239914957892,25.510000228881836,395760,10095837.690582275
2015-04-14 00:00:00,25.58913955311905,25.773802641730665,25.457236771917405,25.562759399414062,310540,7938259.303894043
2015-04-15 00:00:00,25.69466804941572,25.80019070101432,25.404482267027454,25.430862426757812,332980,8467968.570861816
2015-04-16 00:00:00,25.43085661821242,25.721042334320693,25.298953837010774,25.562759399414062,356640,9116702.512207031
2015-04-17 00:00:00,25.40447952648051,25.562762480464805,25.087911605834964,25.08791160583496,701060,17588131.310386658
2015-04-20 00:00:00,25.193429946899418,25.378093026256305,25.035147019925425,25.193429946899414,503300,12679853.292274475
2015-04-21 00:00:00,25.35170891587282,25.562754127340074,25.272568471079822,25.457231521606445,262660,6686596.431465149
2015-04-22 00:00:00,25.457236472561036,25.61551940560639,25.378093999700013,25.404476165771484,315960,8026798.289337158
2015-04-23 00:00:00,25.404485431919813,25.64190891174842,25.37810325622559,25.378103256225586,174180,4420358.025169373
2015-04-24 00:00:00,25.404482384140717,25.510003023548585,25.298959732055664,25.298959732055664,334680,8467055.84312439
2015-04-27 00:00:00,25.404475191315818,25.56275811828981,25.06152717230832,25.193429946899414,385240,9705516.95274353
2015-04-28 00:00:00,25.16704873795684,25.272571355735003,24.956003502400513,25.114286422729492,288180,7237435.061302185
2015-04-29 00:00:00,25.061533964332337,25.19343677467093,24.771348184122868,24.850488662719727,416200,10342773.38142395
2015-04-30 00:00:00,24.797722893138925,24.85048320060683,24.322872075220896,24.454774856567383,349440,8545476.525878906
2015-05-01 00:00:00,24.48115959264256,24.77134533952882,24.29649447176808,24.507539749145508,300060,7353732.377128601
2015-05-04 00:00:00,24.58668251336466,24.797727810439245,24.481161877504483,24.53392219543457,180900,4438186.525154114
2015-05-05 00:00:00,24.533924219718166,24.560304380859826,23.92717045007358,23.97993278503418,303380,7275032.008323669
2015-05-06 00:00:00,24.059068491764098,24.16459112805752,23.663360115171418,23.768882751464844,337280,8016768.7744140625
2015-05-07 00:00:00,23.87440584943069,24.190971751755686,23.55783994710569,24.085451126098633,450820,10858203.076667786
2015-05-08 00:00:00,24.402016069597874,24.69220180410637,24.217352969277062,24.428396224975586,474140,11582479.786109924
2015-05-11 00:00:00,24.34925459432276,24.48115737757981,23.874403769526666,23.92716407775879,285380,6828334.084510803
2015-05-12 00:00:00,23.821643461294542,24.00630655278372,23.5842180488965,23.92716407775879,415640,9945086.477279663
2015-05-13 00:00:00,24.085447266707032,24.164587723268554,23.610596476631514,23.66335678100586,541380,12810868.094100952
2015-05-14 00:00:00,23.795268752656714,24.05907440185547,23.795268752656714,24.05907440185547,316020,7603148.692474365
2015-05-15 00:00:00,24.111832114478958,24.665823469001346,24.059069787152975,24.560300827026367,419120,10293713.282623291
2015-05-18 00:00:00,24.533913372252748,24.824099041862393,24.42839076166477,24.718576431274414,382420,9452877.998847961
2015-05-19 00:00:00,24.639440536499023,24.85048378400186,24.58667821511574,24.639440536499023,458600,11299647.430038452
2015-05-20 00:00:00,24.692205692848848,24.982391473058318,24.61306521425199,24.850488662719727,296720,7373636.996002197
2015-05-21 00:00:00,24.90325099446146,25.008773645267766,24.74496802459058,24.850488662719727,590760,14680674.682388306
2015-05-22 00:00:00,24.771343998931467,24.95600709713526,24.63944121087824,24.82410430908203,252120,6258653.178405762
2015-05-26 00:00:00,24.771346495458484,24.771346495458484,24.428398406886078,24.586681365966797,314120,7723168.35067749
2015-05-27 00:00:00,24.56029646369899,24.876864333383175,24.481156005785415,24.79772186279297,277880,6890790.95123291
2015-05-28 00:00:00,24.79772885279914,24.79772885279914,24.45478073380657,24.613065719604492,234160,5763395.468902588
2015-05-29 00:00:00,24.586674225118724,24.639436537939584,24.164585785934023,24.217348098754883,535200,12961124.702453613
2015-06-01 00:00:00,24.296497878137806,24.586683665708122,24.16459506445337,24.481163024902344,273220,6688743.361663818
2015-06-02 00:00:00,24.32287130730661,24.53391655586861,24.243730848603345,24.402013778686523,226500,5527056.120872498
2015-06-03 00:00:00,24.37563687200937,24.454777341252157,24.03268880059319,24.085451126098633,280360,6752597.077713013
2015-06-04 00:00:00,24.0590717355477,24.190974545529162,23.87440860664452,24.006311416625977,234700,5634281.289482117
2015-06-05 00:00:00,23.76888313407649,23.97992841006057,23.63698033975567,23.795263290405273,249620,5939773.622550964
2015-06-08 00:00:00,23.742511972297045,23.95355732823298,23.66336946065165,23.900794982910156,212640,5082265.045166016
2015-06-09 00:00:00,23.874402023856447,23.874402023856447,23.610596476631514,23.66335678100586,216240,5116964.270324707
2015-06-10 00:00:00,23.7161192996747,23.953544696730884,23.557836372529447,23.82164192199707,264640,6304159.318237305
2015-06-11 00:00:00,23.900786308657036,23.927166465405524,23.584220402321293,23.689743041992188,269460,6383438.160095215
2015-06-12 00:00:00,23.742503355489163,23.821645838411573,23.557840245572805,23.689743041992188,359580,8518357.80303955
2015-06-15 00:00:00,23.58422405003278,23.716126866853234,23.478701394040964,23.531461715698242,292540,6883893.810310364
2015-06-16 00:00:00,23.584220402321293,23.716123198740675,23.478697762650395,23.689743041992188,329600,7808139.306640625
2015-06-17 00:00:00,23.97992801720427,24.42839670547716,23.874405380940974,24.322874069213867,626700,15243145.17917633
2015-06-18 00:00:00,24.375634967612903,24.771343320942083,24.375634967612903,24.639440536499023,261200,6435821.868133545
2015-06-19 00:00:00,24.560303386779452,24.79772885279914,24.48116290655769,24.613065719604492,460840,11342685.206222534
2015-06-22 00:00:00,24.69219716277963,24.69219716277963,24.349251181978357,24.37563133239746,317840,7747550.662689209
2015-06-23 00:00:00,24.454771175448766,24.56029378717723,24.11182520317678,24.19096565246582,233140,5639881.732215881
2015-06-24 00:00:00,24.190976086844742,24.349261079049267,23.97993278503418,23.97993278503418,333220,7990593.202629089
2015-06-25 00:00:00,23.531446823674123,23.689731713828888,23.214881068716565,23.294023513793945,521360,12144572.099151611
2015-06-26 00:00:00,23.320933545884568,23.428527655822577,23.02505128269525,23.18644142150879,591740,13720344.84676361
2015-06-29 00:00:00,23.18643915104913,23.455423373461237,22.83676089322544,22.863658905029297,458800,10489846.705627441
2015-06-30 00:00:00,22.9981521886015,23.186440333013554,22.648471860765568,22.809864044189453,679140,15491091.066970825
2015-07-01 00:00:00,22.836759205668017,23.186437437651694,22.78296113384903,23.105743408203125,745480,17224869.595947266
2015-07-02 00:00:00,23.294031874347237,23.563016080868998,22.702267440874014,22.75606346130371,457900,10420001.45893097
2015-07-06 00:00:00,22.86365203637681,22.944348099732597,22.648463902218808,22.917448043823242,536480,12294752.526550293
2015-07-07 00:00:00,22.99815024575099,23.401626565851885,22.99815024575099,23.32093048095703,483020,11264475.840911865
2015-07-08 00:00:00,23.294042469598597,23.320940492047963,22.998160118280456,23.132652282714844,271180,6273112.646026611
2015-07-09 00:00:00,23.29402800685521,23.374724076288476,22.836755752563477,22.836755752563477,264700,6044889.247703552
2015-07-10 00:00:00,22.94435723938196,23.347833612509287,22.836763129443952,23.18644142150879,255600,5926454.4273376465
2015-07-13 00:00:00,23.320930897461157,23.56301710428261,23.15954077697576,23.21333885192871,202920,4710450.719833374
2015-07-14 00:00:00,23.267138849256465,23.401630981333092,23.13264671717984,23.294036865234375,181900,4237185.305786133
2015-07-15 00:00:00,23.26713620261552,23.320932228452033,23.025049981977528,23.240238189697266,239220,5559529.77973938
2015-07-16 00:00:00,23.401627349853516,23.616815548657907,23.3478313262458,23.53611946105957,197900,4657798.041343689
2015-07-17 00:00:00,23.50922126665557,23.69750940000688,23.32093108111752,23.37472915649414,177180,4141534.511947632
2015-07-20 00:00:00,23.347834949377273,23.4823270814539,23.159544733157748,23.294036865234375,145720,3394407.052001953
2015-07-21 00:00:00,23.294024084593914,23.50921219872493,23.21333008093424,23.267126083374023,200560,4666454.807281494
2015-07-22 00:00:00,23.18644274913566,23.428528997311002,23.18644274913566,23.294036865234375,150220,3499230.217895508
2015-07-23 00:00:00,23.29403133267266,23.374727413627355,22.756062932138942,22.944353103637695,206120,4729290.061721802
2015-07-24 00:00:00,22.89055176406146,22.971247833494726,22.836755752563477,22.836755752563477,139000,3174309.0496063232
2015-07-27 00:00:00,22.86365375831247,23.18643393167295,22.7829576888792,22.836755752563477,136860,3125438.3922958374
2015-07-28 00:00:00,22.89055769175704,23.26713602631981,22.756065575997965,23.078847885131836,338540,7813113.163032532
2015-07-29 00:00:00,22.99815024575099,23.455422587657328,22.863658139050692,23.32093048095703,178980,4173980.1374816895
2015-07-30 00:00:00,23.186441421508793,23.320933545884568,23.02505128269525,23.18644142150879,158420,3673196.0499954224
2015-07-31 00:00:00,23.347840566684894,23.509230753568648,23.051956163179185,23.132652282714844,459360,10626215.15258789
2015-08-03 00:00:00,23.159544733157748,23.374732965355182,23.13264671717984,23.294036865234375,181900,4237185.305786133
2015-08-04 00:00:00,23.670619253127747,23.912705542290404,23.428532963965093,23.45543098449707,229520,5383490.519561768
2015-08-05 00:00:00,23.778209361585063,23.778209361585063,23.13264671717984,23.294036865234375,206600,4812548.016357422
2015-08-06 00:00:00,23.26713579779424,23.45542393713288,22.863659454479887,23.428525924682617,201900,4730219.38419342
2015-08-07 00:00:00,23.374729338049658,23.58991548466729,23.13264312744141,23.53611946105957,172080,4050095.436859131
2015-08-10 00:00:00,23.58991548466729,23.670611572265628,23.401627349853516,23.53611946105957,185400,4363596.548080444
2015-08-11 00:00:00,23.45542299759503,23.91269739967998,23.401626974849375,23.805103302001953,255680,6086488.812255859
2015-08-12 00:00:00,23.751309351967972,24.020293593543204,23.616817231180352,23.966495513916016,254920,6109539.036407471
2015-08-13 00:00:00,23.91269739967998,24.1816816177817,23.536119083900235,23.805103302001953,130480,3106089.878845215
2015-08-14 00:00:00,23.69751242844309,23.939598668108555,23.64371639837832,23.912700653076172,128600,3075173.3039855957
2015-08-17 00:00:00,23.805099901693932,24.12788009643555,23.778201894163203,24.127880096435547,142500,3438222.9137420654
2015-08-18 00:00:00,24.020289795708468,24.12788183357772,23.939593715119948,24.04718780517578,99560,2394138.017883301
2015-08-19 00:00:00,23.912700069120568,24.07409020756068,23.6437158209914,23.939598083496094,133660,3199766.679840088
2015-08-20 00:00:00,23.80510595943151,24.23548034600079,23.6437158209914,23.939598083496094,237720,5690921.256408691
2015-08-21 00:00:00,23.40162031958568,23.536112390387892,22.836754032653594,22.917448043823242,314300,7202953.920173645
2015-08-24 00:00:00,21.814625372936174,22.433290056964704,21.33045488525873,21.868423461914062,626440,13699255.193481445
2015-08-25 00:00:00,22.21809675965603,22.21809675965603,21.22285593973964,21.249753952026367,363720,7728960.50743103
2015-08-26 00:00:00,21.545635985201848,21.814620209866508,21.249753748508077,21.68012809753418,483140,10474537.089042664
2015-08-27 00:00:00,21.78772749498663,22.35259409367846,21.68013336852455,22.029813766479492,368280,8113139.813919067
2015-08-28 00:00:00,22.164289152408962,22.271883197515873,21.814609018857933,21.922203063964844,303320,6649442.633361816
2015-08-31 00:00:00,21.92221564905162,22.11050379694172,21.54563730108452,21.707027435302734,652700,14168176.807022095
2015-09-01 00:00:00,21.438040919139826,21.653229110052287,21.11526068495782,21.30354881286621,374680,7982013.669204712
2015-09-02 00:00:00,21.491837451526795,21.599431539266174,21.034563091681054,21.115259170532227,632300,13351178.373527527
2015-09-03 00:00:00,21.222852538401078,21.62632881459811,21.142156462287087,21.57253074645996,398780,8602693.811073303
2015-09-04 00:00:00,21.357347872422974,21.411143896540672,20.900073458675447,21.088363647460938,302280,6374590.563354492
2015-09-08 00:00:00,21.35734364012112,21.438037660306843,21.061461461734055,21.276647567749023,268240,5707247.943572998
2015-09-09 00:00:00,21.411141372675626,21.84151567144662,21.0614631527558,21.115259170532227,373740,7891616.962394714
2015-09-10 00:00:00,21.088356300031315,21.518730499585818,21.034558242470712,21.330442428588867,356560,7605582.5523376465
2015-09-11 00:00:00,21.276648612783067,21.760820966423733,21.249750604733357,21.733922958374023,500000,10866961.479187012
2015-09-14 00:00:00,21.814619645244047,21.94911175409535,21.680127536392746,21.787721633911133,347240,7565568.460159302
2015-09-15 00:00:00,21.76082947641793,22.029813766479492,21.68013336852455,22.029813766479492,223020,4913089.066200256
2015-09-16 00:00:00,22.002902695070134,22.433276893419148,21.922206635048298,22.271886825561523,274240,6107842.243041992
2015-09-17 00:00:00,22.218097870235162,22.83676244468797,22.002911708998415,22.46018409729004,386100,8671877.079963684
2015-09-18 00:00:00,22.13739518064607,22.675363451843438,21.949105054415337,22.51397132873535,782600,17619433.961868286
2015-09-21 00:00:00,22.56777533761313,22.890555564564593,22.460181244567103,22.75606346130371,407580,9274916.345558167
2015-09-22 00:00:00,22.54087713676355,22.782961278836453,22.35258696247876,22.59467315673828,466880,10549001.003417969
2015-09-23 00:00:00,22.64846348523532,22.809855608975482,22.460175410453267,22.675363540649414,219640,4980416.848068237
2015-09-24 00:00:00,22.621566506324413,22.729160576294408,22.191192278630634,22.379480361938477,228040,5103416.70173645
2015-09-25 00:00:00,22.460174896031077,22.540870956052917,22.218088768151613,22.271886825561523,361380,8048614.461021423
2015-09-28 00:00:00,22.244429085925027,22.244429085925027,21.667722084219626,21.942344665527344,362840,7961560.338439941
2015-09-29 00:00:00,21.969810808131754,22.326821071845668,21.914887119193196,22.024734497070312,356960,7861949.226074219
2015-09-30 00:00:00,22.189508762856285,22.27189429258309,21.750110890162624,22.24443244934082,448700,9981076.840019226
2015-10-01 00:00:00,22.244428967985293,22.381740257911126,21.997268227077985,22.299352645874023,336340,7500164.268913269
2015-10-02 00:00:00,22.216967768219256,22.436664581298828,21.96980702020118,22.436664581298828,272900,6122965.76423645
2015-10-05 00:00:00,22.573975728200512,22.90352408848035,22.54651388864487,22.821136474609375,406760,9282725.47241211
2015-10-06 00:00:00,22.793674135671637,22.985909103553528,22.628901006743728,22.738750457763672,259680,5904798.71887207
2015-10-07 00:00:00,22.766218949387454,23.068303456563434,22.68383131324645,22.930992126464844,315600,7237021.115112305
2015-10-08 00:00:00,22.930985783684182,23.26053204668545,22.848598170331844,23.205608367919922,283960,6589464.552154541
2015-10-09 00:00:00,23.20561347688947,23.28800110838035,22.793679509844097,23.068302154541016,267060,6160620.773391724
2015-10-12 00:00:00,23.123222322233953,23.64500568669759,23.09576048098938,23.562620162963867,260300,6133350.028419495
2015-10-13 00:00:00,23.425307586064925,23.727392013715573,23.23307051741155,23.287996292114258,247420,5761916.04259491
2015-10-14 00:00:00,23.342919993680304,23.507693127536058,23.12322108506992,23.26053237915039,208780,4856333.950119019
2015-10-15 00:00:00,23.315460830658306,23.45277214050293,22.876065058196367,23.45277214050293,472020,11070177.505760193
2015-10-16 00:00:00,23.535159361618486,23.919631475870354,23.48023567181299,23.83724594116211,255940,6100904.72618103
2015-10-19 00:00:00,23.80977773024645,24.19424977553478,23.782315890269587,24.139326095581055,299620,7232624.884757996
2015-10-20 00:00:00,24.111864089965824,24.194249609330456,23.974552795820696,24.11186408996582,158620,3824623.8819503784
2015-10-21 00:00:00,24.16678954114504,24.386488465964412,24.056940078735355,24.05694007873535,224900,5410405.823707581
2015-10-22 00:00:00,24.249170251599836,24.661104046846468,24.194244488444774,24.606178283691406,229660,5651054.904632568
2015-10-23 00:00:00,24.633641613317906,25.07303936442226,24.359019066479565,24.90826416015625,504540,12567215.599365234
2015-10-26 00:00:00,24.935734448520087,24.963196291164735,24.413951057454636,24.66111183166504,249200,6145549.068450928
2015-10-27 00:00:00,24.633650570246164,24.82588768005371,24.496339246899854,24.82588768005371,394000,9781399.745941162
2015-10-28 00:00:00,24.853348909518523,25.127971549402705,24.27664178480263,24.688575744628906,381860,9427579.533843994
2015-10-29 00:00:00,24.606182545736743,24.661108318405518,24.221710517871294,24.30409812927246,429760,10444929.212036133
2015-10-30 00:00:00,24.386493236952465,24.41395508412648,24.19425611632507,24.276643753051758,198840,4827167.8438568115
2015-11-02 00:00:00,24.24917172390723,24.90826416015625,24.19424595741731,24.90826416015625,272720,6792981.8017578125
2015-11-03 00:00:00,24.770961893592474,24.935737157771662,24.57872687898945,24.82588768005371,186820,4637972.336387634
2015-11-04 00:00:00,24.90827116616704,25.073046416779793,24.688574324023946,24.770959854125977,346120,8573724.624710083
2015-11-05 00:00:00,24.853352190374018,25.15543671508347,24.52380581709184,24.990663528442383,276080,6899422.386932373
2015-11-06 00:00:00,24.68856983831583,24.798419287030814,23.97455156447436,24.221710205078125,542440,13138824.483642578
2015-11-09 00:00:00,23.947090644582943,24.002016423454712,23.17814859721625,23.23307228088379,318740,7405309.458808899
2015-11-10 00:00:00,23.150681880217444,23.48022810323395,23.150681880217444,23.39784049987793,301780,7061000.306053162
2015-11-11 00:00:00,23.397838918934372,23.562614114512897,23.31545341634876,23.480226516723633,187220,4395968.008460999
2015-11-12 00:00:00,23.397843651111536,23.48023126556356,23.23307051741155,23.287996292114258,186380,4340416.748924255
2015-11-13 00:00:00,23.260532339800125,23.397843633648307,22.876062393188477,22.876062393188477,271120,6202158.03604126
2015-11-16 00:00:00,22.821129181866066,22.985902261748905,22.73874368952634,22.90351676940918,209820,4805615.888557434
2015-11-17 00:00:00,22.903524894084683,23.233071170751863,22.821137277315824,22.985910415649414,215000,4941970.739364624
2015-11-18 00:00:00,23.06829674452028,23.20560803466623,22.903523615385936,23.150684356689453,232300,5377903.97605896
2015-11-19 00:00:00,23.17814952081368,23.64500713620368,23.150687677885617,23.45277214050293,337020,7904053.266792297
2015-11-20 00:00:00,23.53515891031069,23.75485785572868,23.452773377182265,23.72739601135254,246900,5858294.075202942
2015-11-23 00:00:00,23.67246611206298,23.97455263329768,23.507692979246638,23.645004272460938,371440,8782700.38696289
2015-11-24 00:00:00,23.562614114512897,23.617537782903305,23.31545341634876,23.480226516723633,285120,6694682.184448242
2015-11-25 00:00:00,23.507693122248178,23.727392030809142,23.42530760294087,23.69993019104004,177360,4203419.618682861
2015-11-27 00:00:00,23.67246927085218,23.91963005065918,23.61754558431922,23.91963005065918,122440,2928719.50340271
2015-11-30 00:00:00,24.002012194420384,24.056935868410648,23.53515258468771,23.590078353881836,336060,7927681.73160553
2015-12-01 00:00:00,23.6450061661022,24.11186585754231,23.617544324300834,24.05694007873535,259100,6233153.17440033
2015-12-02 00:00:00,23.974552441861608,24.029476120627137,23.205608367919922,23.205608367919922,277120,6430738.190917969
2015-12-03 00:00:00,23.205601302238236,23.233063133259375,22.519045050692725,22.546506881713867,383580,8648389.109687805
2015-12-04 00:00:00,22.601439167789746,23.040834876665507,22.601439167789746,22.738750457763672,276840,6294995.676727295
2015-12-07 00:00:00,22.73875014450027,22.73875014450027,22.519051245487095,22.656362533569336,322080,7297161.244812012
2015-12-08 00:00:00,22.546507937065364,22.656357361495132,22.271885423592696,22.38173484802246,271020,6065897.778511047
2015-12-09 00:00:00,22.29935328742257,22.62890164984803,22.244429607953695,22.436664581298828,215520,4835549.950561523
2015-12-10 00:00:00,22.491589540577618,22.573975056794186,22.24442880151993,22.27189064025879,218760,4872198.796463013
2015-12-11 00:00:00,22.079657237753118,22.354279835000785,22.05219539706918,22.216968536376953,317000,7042779.026031494
2015-12-14 00:00:00,22.13457951700382,22.326816580022395,21.997268227077985,22.299352645874023,293420,6543076.053352356
2015-12-15 00:00:00,22.02473006602235,22.464127869948232,21.914882710244893,22.299352645874023,285460,6365573.206291199
2015-12-16 00:00:00,22.354277953816805,22.711286043072914,22.134579056425384,22.6289005279541,291580,6598134.815940857
2015-12-17 00:00:00,22.65636346741978,22.766212921454144,22.436664559351055,22.464128494262695,235380,5287606.564979553
2015-12-18 00:00:00,22.4092066052535,22.43666844972278,21.887423179519487,22.024734497070312,1071640,23602586.47644043
2015-12-21 00:00:00,22.162044362200778,22.216970142744128,21.942347525640255,22.13458251953125,241780,5351699.361572266
2015-12-22 00:00:00,22.244428967985293,22.436663935799857,22.162041355948187,22.299352645874023,290780,6484205.762367249
2015-12-23 00:00:00,22.381740879935904,22.519052173677842,22.35427904022833,22.464128494262695,234020,5257055.350227356
2015-12-24 00:00:00,22.464128494262695,22.601439788004633,22.35427904022833,22.464128494262695,108240,2431517.268218994
2015-12-28 00:00:00,22.464136280046958,22.519059978497964,22.18951359738235,22.49159812927246,215060,4837043.093681335
2015-12-29 00:00:00,22.631803417326225,22.856159210205078,22.60375947812022,22.856159210205078,206540,4720711.123275757
2015-12-30 00:00:00,22.8000829569271,22.91225877094647,22.603771003160194,22.63181495666504,162340,3674048.8400650024
2015-12-31 00:00:00,22.659847333354627,22.856157028675078,22.379403688831005,22.43549156188965,243040,5452721.86920166
2016-01-04 00:00:00,22.239193603677677,22.267237555007664,21.818527914878853,22.183103561401367,417320,9257452.778244019
2016-01-05 00:00:00,22.183102984927626,22.7439905554169,22.183102984927626,22.65985870361328,247940,5618285.366973877
2016-01-06 00:00:00,22.491592002776613,22.800081895822423,22.435504098377233,22.74399185180664,224580,5107845.690078735
2016-01-07 00:00:00,22.435503402603928,22.547681347540212,22.183103561401364,22.183103561401367,274060,6079501.362037659
2016-01-08 00:00:00,22.267234169767793,22.267234169767793,21.45394686714246,21.481990814208984,449800,9662599.468231201
2016-01-11 00:00:00,21.62221455381151,21.650258503296484,21.257638931274414,21.257638931274414,486660,10345242.562294006
2016-01-12 00:00:00,21.425904658909797,21.425904658909797,20.472395403953126,20.640661239624023,627100,12943758.663368225
2016-01-13 00:00:00,20.640656424995946,20.94914407503763,20.24803480693576,20.30412483215332,326880,6637012.325134277
2016-01-14 00:00:00,20.332170883973482,20.640658566014036,19.85541738805771,20.27608299255371,451540,9155462.514457703
2016-01-15 00:00:00,19.96759481644584,20.13586278380409,19.77128504068266,20.107816696166992,383660,7714564.953651428
2016-01-19 00:00:00,20.248043910565634,20.276090005591932,19.743246294341965,19.939556121826172,265800,5299934.0171813965
2016-01-20 00:00:00,19.715202770406915,19.743246726430318,18.48124944882689,19.46280288696289,502240,9774998.121948242
2016-01-21 00:00:00,19.406707763671875,19.883463449944173,19.29453196889358,19.406707763671875,312780,6070030.054321289
2016-01-22 00:00:00,19.490841868406626,20.107817301919802,19.490841868406626,20.023685455322266,292160,5850119.942626953
2016-01-25 00:00:00,19.995643814142664,20.248041522680495,19.715200013886058,19.77128791809082,197680,3908388.1956481934
2016-01-26 00:00:00,19.827367989361388,20.30412354522199,19.77128010731452,20.24803352355957,232840,4714552.12562561
2016-01-27 00:00:00,20.191954276931117,20.219998229948004,19.799332515845276,19.911510467529297,179400,3572124.977874756
2016-01-28 00:00:00,19.99564467342767,20.191954486196877,19.799332721041974,19.883466720581055,148140,2945536.7599868774
2016-01-29 00:00:00,19.911508446769833,20.61261789912088,19.911508446769833,20.556529998779297,412380,8477101.840896606
2016-02-01 00:00:00,20.36021660855717,20.752838301646676,20.27608476407691,20.52848243713379,234140,4806538.877830505
2016-02-02 00:00:00,20.47239534787208,20.556529335285152,20.107817588570352,20.41630744934082,184680,3770483.6597442627
2016-02-03 00:00:00,20.50044080191005,20.66870664947105,20.276087051700827,20.472396850585938,219820,4500242.275695801
2016-02-04 00:00:00,20.416304860719045,20.528480643558588,20.248036907227917,20.27608299255371,170100,3448961.717033386
2016-02-05 00:00:00,20.19195067984612,20.360216507588287,20.051728800124966,20.107816696166992,208620,4194892.719154358
2016-02-08 00:00:00,19.96759813527559,20.079776085620914,19.182356762091214,19.518888473510742,285120,5565225.481567383
2016-02-09 00:00:00,19.32257818275636,19.3506221347385,18.90191248417509,18.929956436157227,237440,4494728.856201172
2016-02-10 00:00:00,19.12626390511683,19.35061977282209,18.95799807414595,18.986042022705078,209780,3982891.8955230713
2016-02-11 00:00:00,18.705598366740155,18.78973235252328,18.284932717056797,18.53733253479004,296840,5502621.789627075
2016-02-12 00:00:00,18.621465987284964,19.070175572840345,18.537332003911295,19.014087677001953,364320,6927212.422485352
2016-02-16 00:00:00,19.042137127761745,19.5469347550331,19.01409317173834,19.46280288696289,544680,10600999.476470947
2016-02-17 00:00:00,19.546929737163634,20.051729374465157,19.518885788339357,19.827373504638672,274840,5449355.334014893
2016-02-18 00:00:00,19.8834604061751,20.02368226779888,19.715194600149726,19.967592239379883,254900,5089739.261817932
2016-02-19 00:00:00,19.939556121826172,20.051734083081428,19.855424255597217,19.939556121826172,154900,3088637.243270874
2016-02-22 00:00:00,20.07976901051445,20.360212717755196,20.07976901051445,20.30412483215332,199460,4049860.7390213013
2016-02-23 00:00:00,20.135866027640876,21.06132929912062,20.135866027640876,21.00524139404297,356880,7496350.548706055
2016-02-24 00:00:00,21.033278206326315,21.28567797272537,20.75283449690863,21.173500061035156,217220,4599307.683258057
2016-02-25 00:00:00,21.285678535038656,21.6222101393839,21.257634591279178,21.53807830810547,227980,4910251.092681885
2016-02-26 00:00:00,21.566129272566748,21.790483035295118,21.481995274283324,21.622217178344727,201900,4365525.6483078
2016-02-29 00:00:00,21.62221063168242,21.87461041049592,21.510032714474665,21.706344604492188,327300,7104486.589050293
2016-03-01 00:00:00,21.818528983865157,22.491592407226562,21.762438938840745,22.491592407226562,294240,6617926.149902344
2016-03-02 00:00:00,22.379416828489223,22.912258354239924,22.351370735877953,22.884214401245117,348260,7969656.5073776245
2016-03-03 00:00:00,22.88421088019989,23.27683258056641,22.74398899718443,23.276832580566406,224540,5226579.987640381
2016-03-04 00:00:00,23.276834935582265,23.445100784301758,23.136613038379963,23.445100784301758,176240,4131964.562225342
2016-03-07 00:00:00,23.41705895592185,23.837724685668945,23.30488100006598,23.837724685668945,238540,5686250.84651947
2016-03-08 00:00:00,23.80967873357245,23.80967873357245,22.800081494825086,22.99639129638672,373360,8585932.654418945
2016-03-09 00:00:00,23.08052280019122,23.585320295277192,22.99638881453549,23.276832580566406,194780,4533861.450042725
2016-03-10 00:00:00,23.417051657836982,23.50118563341209,22.82812024765887,23.16465187072754,193840,4490236.118621826
2016-03-11 00:00:00,23.417051175768393,23.6974949024243,23.332917201925287,23.641407012939453,237500,5614834.16557312
2016-03-14 00:00:00,23.613360928581194,23.669450957681878,23.360963286283543,23.641407012939453,142060,3358498.2802581787
2016-03-15 00:00:00,23.47314453125,23.55727852468469,23.248790781451373,23.47314453125,129320,3035547.05078125
2016-03-16 00:00:00,23.417056253232207,23.921855926513675,23.332922261146532,23.921855926513672,194200,4645624.420928955
2016-03-17 00:00:00,23.949900577242666,24.59492002348965,23.865766582698278,24.482744216918945,242060,5926293.0651474
2016-03-18 00:00:00,24.59492002348965,24.707097969676713,24.426654174017234,24.482744216918945,450080,11019193.517150879
2016-03-21 00:00:00,24.45469075903041,24.53882472823063,23.893803336670853,24.034025192260742,181020,4350639.24030304
2016-03-22 00:00:00,24.03403047962297,24.146208416696588,23.781632795727557,24.062076568603516,222660,5357661.968765259
2016-03-23 00:00:00,24.09012498164682,24.118168936207468,23.58532524108887,23.585325241088867,224440,5293490.397109985
2016-03-24 00:00:00,23.529233547393623,23.92185526694093,23.248789767662153,23.781633377075195,204220,4856685.168266296
2016-03-28 00:00:00,23.837715450281184,24.034025192260742,23.72553753788613,24.034025192260742,207000,4975043.214797974
2016-03-29 00:00:00,23.547635572168264,24.577665328979492,23.433187336318454,24.577665328979492,418820,10293617.79308319
2016-03-30 00:00:00,24.577656358968373,24.634879364549555,24.177088771146888,24.320148468017578,248920,6053771.356658936
2016-03-31 00:00:00,24.34876947436173,24.692114190612703,24.34876947436173,24.606277465820312,266100,6547730.433654785
2016-04-01 00:00:00,24.434605579896864,24.63488835544513,24.262934317581415,24.577665328979492,233220,5732003.108024597
2016-04-04 00:00:00,24.60627589332827,24.749335636894134,24.23431968688965,24.23431968688965,199500,4834746.777534485
2016-04-05 00:00:00,24.11986858623768,24.3201513121114,23.976808872637022,24.177091598510742,542960,13127193.654327393
2016-04-06 00:00:00,24.148480747620482,24.577659900067818,24.148480747620482,24.491823196411133,187060,4581440.4471206665
2016-04-07 00:00:00,24.405985734125704,24.520431747983544,23.91958144355874,24.062641143798828,288420,6940146.958694458
2016-04-08 00:00:00,24.262929931004646,24.606272393561504,24.20570473196641,24.549049377441406,179580,4408518.287200928
2016-04-11 00:00:00,24.634881630510574,25.006837749754663,24.52043342590332,24.52043342590332,288700,7079049.130058289
2016-04-12 00:00:00,24.57765683851402,25.121284133813152,24.520431648898555,25.0068359375,259800,6496775.9765625
2016-04-13 00:00:00,25.121284126932615,25.14989563027362,24.892387734369006,25.092670440673828,223940,5619252.618484497
2016-04-14 00:00:00,25.121284133813152,25.20711864385968,24.863776237838007,25.0068359375,146140,3654499.00390625
2016-04-15 00:00:00,25.03545191034924,25.722139027902454,25.03545191034924,25.607690811157227,273140,6994484.668159485
2016-04-18 00:00:00,25.55045854490831,25.66490453730561,25.321562194278947,25.5218448638916,129020,3292828.4243392944
2016-04-19 00:00:00,25.60769303916629,25.922424025410358,25.55047001727404,25.72214126586914,163260,4199396.783065796
2016-04-20 00:00:00,25.750747300464553,25.807970310187315,25.235731481288102,25.264345169067383,138840,3507701.6832733154
2016-04-21 00:00:00,25.321570021060122,25.43601823175022,24.69210813664167,24.777942657470703,205020,5079973.803634644
2016-04-22 00:00:00,24.92100396974183,25.32157164132955,24.892392460968033,24.949615478515625,245140,6116148.73840332
2016-04-25 00:00:00,24.92099805158944,25.32156562805176,24.77793835877559,25.321565628051758,187060,4736652.066383362
2016-04-26 00:00:00,25.40740231690714,25.693521702534845,25.235728939196377,25.321565628051758,221520,5609233.217926025
2016-04-27 00:00:00,25.264339455024384,25.46462212667396,25.064054600457403,25.350173950195312,212400,5384376.947021484
2016-04-28 00:00:00,25.207126622643948,25.493246112533026,25.207126622643948,25.407411575317383,126700,3219119.0465927124
2016-04-29 00:00:00,25.292961451421704,25.40740967540282,24.806557045231525,25.12129020690918,180640,4537909.862976074
2016-05-02 00:00:00,25.149895135137037,25.6649087338892,25.149895135137037,25.55046272277832,232860,5949680.74962616
2016-05-03 00:00:00,25.378791822637044,25.436017016707552,24.949612690239,25.292957305908203,183360,4637716.651611328
2016-05-04 00:00:00,25.092673982268597,25.66491286152597,25.035450967510094,25.464630126953125,278880,7101576.0498046875
2016-05-05 00:00:00,25.750746753334344,26.12270285738298,25.521850353470896,25.89380645751953,247300,6403538.33694458
2016-05-06 00:00:00,25.893809660466072,26.151317596435547,25.693526922999883,26.151317596435547,233000,6093256.999969482
2016-05-09 00:00:00,26.122701710152157,26.52326711794478,26.094088024237468,26.40882110595703,200340,5290743.220367432
2016-05-10 00:00:00,26.55188368238734,26.637718200683597,26.322987267761352,26.637718200683594,200940,5352583.095245361
2016-05-11 00:00:00,26.637715597600778,26.637715597600778,26.12270198939729,26.32298469543457,326260,8588136.986732483
2016-05-12 00:00:00,26.35159009987315,26.952440261840824,26.265755609830492,26.95244026184082,498820,13444416.251411438
2016-05-13 00:00:00,26.89523187157321,27.066903127786794,26.523275664011727,26.923843383789062,372340,10024823.84552002
2016-05-16 00:00:00,26.866605771798167,27.29578477076326,26.837994275117282,26.95244026184082,307380,8284641.087684631
2016-05-17 00:00:00,26.895226747013016,26.895226747013016,26.094091460104988,26.294376373291016,284100,7470232.327651978
2016-05-18 00:00:00,26.237150512668585,26.408823914744538,25.636300154156707,25.979644775390625,245880,6387875.057373047
2016-05-19 00:00:00,25.5504649607594,25.865195884717263,25.32156855265299,25.750747680664062,215980,5561646.484069824
2016-05-20 00:00:00,25.922425256169113,26.122710208137928,25.77936551172787,26.06548500061035,213200,5557161.402130127
2016-05-23 00:00:00,26.12271340881605,26.20854795624657,25.922428432307374,26.036876678466797,183840,4786619.408569336
2016-05-24 00:00:00,26.294377678734907,26.86661657410273,26.265766170550148,26.83800506591797,201000,5394439.018249512
2016-05-25 00:00:00,26.780771520321746,26.780771520321746,26.437429163272,26.609100341796875,125300,3334120.2728271484
2016-05-26 00:00:00,26.66632911535302,26.923837030366524,26.523269405114178,26.895225524902344,164440,4422650.885314941
2016-05-27 00:00:00,26.895213853303193,27.152721656567156,26.86660236025542,27.066884994506836,137660,3726027.388343811
2016-05-31 00:00:00,27.15273633342582,27.15273633342582,26.8380053739449,27.038288116455078,271280,7334946.800231934
2016-06-01 00:00:00,26.981063847754882,27.38162931419267,26.895227143279314,27.353017807006836,247840,6779171.933288574
2016-06-02 00:00:00,27.324411050030967,27.524693818068002,27.18135130631353,27.496082305908203,146140,4018277.468185425
2016-06-03 00:00:00,27.696362465404516,28.01109341055087,27.4388545346782,27.639137268066406,160000,4422261.962890625
2016-06-06 00:00:00,27.69636953701521,27.81081559507637,27.29580178504526,27.324413299560547,173600,4743518.148803711
2016-06-07 00:00:00,27.38162653850567,27.925253851601035,27.267180521363787,27.696359634399414,219080,6067718.468704224
2016-06-08 00:00:00,27.724963644780455,28.211365634915254,27.639126972207368,28.06830596923828,226000,6343437.149047852
2016-06-09 00:00:00,28.01109345646902,28.325824402131307,27.92525675178018,28.211376190185547,217760,6143309.279174805
2016-06-10 00:00:00,28.09692987452042,28.21137809419037,27.868035618098748,27.92525863647461,168180,4696469.9974823
2016-06-13 00:00:00,27.81080849424459,28.096927932180925,27.553302746436348,27.639137268066406,288160,7964493.795166016
2016-06-14 00:00:00,27.581915852137026,27.581915852137026,27.209959688096102,27.43885612487793,167140,4586130.412712097
2016-06-15 00:00:00,27.496074447567526,28.011090250926877,27.46746294358486,27.868030548095703,169800,4731991.58706665
2016-06-16 00:00:00,27.810805357212537,27.982478746944206,27.524685951550197,27.868030548095703,220600,6147687.538909912
2016-06-17 00:00:00,27.95386506004371,28.011090250926877,27.6391341503987,27.868030548095703,404360,11268716.832427979
2016-06-20 00:00:00,28.325825054264456,28.49749628467637,28.096928625103146,28.15415382385254,218800,6160128.856658936
2016-06-21 00:00:00,28.239990889022973,28.325827603412765,28.039708132671223,28.182767868041992,204320,5758303.13079834
2016-06-22 00:00:00,28.26860907451021,28.411668832614172,28.06832410341346,28.12554931640625,250180,7036449.927978516
2016-06-23 00:00:00,28.383050624393743,28.44027582829305,28.06831964316171,28.182767868041992,215020,6059858.746986389
2016-06-24 00:00:00,27.667742227184785,28.26859465098252,27.324399856086842,27.98247528076172,927460,25952626.523895264
2016-06-27 00:00:00,27.896646499633786,28.06831773381713,27.410244305627955,27.89664649963379,363900,10151589.661216736
2016-06-28 00:00:00,28.275202971349866,28.47904202206651,27.925767772485354,28.158723831176758,400080,11265742.230377197
2016-06-29 00:00:00,28.479041287691555,28.974074843593563,28.479041287691555,28.886714935302734,275840,7968111.447753906
2016-06-30 00:00:00,29.032311340880458,29.46910640952954,28.711995401535386,29.439987182617188,327180,9632175.006408691
2016-07-01 00:00:00,29.672947192877476,29.935024693868794,29.614706513960105,29.70206642150879,220720,6555840.10055542
2016-07-05 00:00:00,29.702063232029673,29.84766158120629,29.49822643184421,29.527345657348633,240720,7107822.646636963
2016-07-06 00:00:00,29.527338102202314,29.55645732025602,29.177900820596093,29.265260696411133,253500,7418743.586540222
2016-07-07 00:00:00,29.236149729355848,29.236149729355848,28.79935467031663,29.090551376342773,205080,5965890.276260376
2016-07-08 00:00:00,29.177913752511135,29.818547941897105,29.148794521551526,29.7894287109375,227900,6789010.803222656
2016-07-11 00:00:00,29.84766081532891,30.517414093017578,29.643824020373806,30.517414093017578,264800,8081011.251831055
2016-07-12 00:00:00,30.517415899481335,30.837731834080778,30.313576870805637,30.7503719329834,194660,5985867.400474548
2016-07-13 00:00:00,30.866848526916176,30.925086975097656,30.633890290881467,30.925086975097656,268780,8312044.877166748
2016-07-14 00:00:00,30.92509041907664,31.070688777399326,30.575655247764047,30.604774475097656,173480,5309316.275939941
2016-07-15 00:00:00,30.721253606086734,30.750372833420343,30.430056889441364,30.604774475097656,138100,4226519.355010986
2016-07-18 00:00:00,30.633887704739543,30.77948603455609,30.488289374923,30.57564926147461,213000,6512613.292694092
2016-07-19 00:00:00,30.19709595572464,30.633890992046528,29.99325916076954,30.517414093017578,193940,5918547.289199829
2016-07-20 00:00:00,30.575642193678902,30.633880623481577,30.255326386456815,30.400924682617188,224180,6815279.295349121
2016-07-21 00:00:00,30.459166009727213,30.895960939756726,30.342686917388562,30.808603286743164,217760,6708881.451721191
2016-07-22 00:00:00,30.75036853379215,31.15804432442389,30.721249310530098,31.0706844329834,213440,6631726.885375977
2016-07-25 00:00:00,31.012447842588735,31.158046189267555,30.83773027090504,31.099807739257812,111120,3455810.635986328
2016-07-26 00:00:00,31.07068389534547,31.21628223079068,30.808608668867528,31.0124454498291,195100,6050528.107261658
2016-07-27 00:00:00,31.012456635604845,31.099816557043233,30.575661471723087,30.98333740234375,181200,5614180.7373046875
2016-07-28 00:00:00,30.98332751719145,31.245404976236376,30.808609951712963,31.187164306640625,147120,4588255.612792969
2016-07-29 00:00:00,31.2162924664089,31.79868599915276,31.012455618610556,31.653087615966797,332500,10524651.63230896
2016-08-01 00:00:00,31.594837292878065,31.682197178662904,31.274521414423965,31.332759857177734,201180,6303524.628067017
2016-08-02 00:00:00,31.30365019356219,31.391010106020122,30.459179185870006,30.488298416137695,305320,9308687.272415161
2016-08-03 00:00:00,30.43005795581072,30.57565631923565,29.993262865535925,30.197099685668945,244040,7369300.207290649
2016-08-04 00:00:00,30.313578556246345,30.371819234100982,29.935024147637336,30.167980194091797,134060,4044319.4248199463
2016-08-05 00:00:00,30.28445483479033,30.48829162290121,30.109737270458954,30.371814727783203,147240,4471946.000518799
2016-08-08 00:00:00,30.488298154578423,30.663017977995363,30.400940464524794,30.459178924560547,152820,4654771.723251343
2016-08-09 00:00:00,30.633891898282553,31.565722669661398,30.54653422142656,31.449243545532227,414680,13041372.313461304
2016-08-10 00:00:00,31.50748137317131,31.769558841861258,31.449242923086636,31.623960494995117,372040,11765378.262557983
2016-08-11 00:00:00,31.827802504542053,31.8569217323208,31.158049157357546,31.21628761291504,266640,8323510.929107666
2016-08-12 00:00:00,31.274518883724454,31.798671491057085,31.245399664703864,31.536596298217773,188200,5935187.423324585
2016-08-15 00:00:00,31.594835464268513,32.089868863987135,31.594835464268513,31.886032104492188,287640,9171698.274536133
2016-08-16 00:00:00,31.76955880098771,31.82779947265191,31.099807739257812,31.099807739257812,215300,6695788.606262207
2016-08-17 00:00:00,31.128930141876594,31.27452850341797,30.837733418793846,31.27452850341797,196700,6151699.756622314
2016-08-18 00:00:00,31.274521414423965,31.594837292878065,31.274521414423965,31.332759857177734,290620,9105926.669692993
2016-08-19 00:00:00,31.36187808904832,31.42011875161871,30.75036557281098,30.954204559326172,212560,6579625.721130371
2016-08-22 00:00:00,31.041565965132822,31.187164306640625,30.9250868475957,31.187164306640625,259960,8107415.233154297
2016-08-23 00:00:00,31.245411521309617,31.740445097470616,31.18717083951401,31.594846725463867,182060,5752157.794837952
2016-08-24 00:00:00,31.594850495804188,31.623969729349483,31.128936094114135,31.303653717041016,166660,5217066.928482056
2016-08-25 00:00:00,31.274523806929544,31.682199602355745,31.245404583325037,31.420122146606445,188280,5915780.5977630615
2016-08-26 00:00:00,31.536606063734425,31.653082975884626,30.604775214949996,30.721254348754883,355840,10931851.147460938
2016-08-29 00:00:00,30.983331044392077,31.303646987843738,30.80861345902341,31.158048629760742,209440,6525741.70501709
2016-08-30 00:00:00,31.2745282901272,31.2745282901272,30.866852436260746,31.21628761291504,154440,4821043.458938599
2016-08-31 00:00:00,31.245404583325037,31.53660126267884,31.01244635118025,31.420122146606445,368680,11583970.633010864
2016-09-01 00:00:00,31.42013043591377,31.449249667200558,31.070692995507464,31.245412826538086,163020,5093627.198982239
2016-09-02 00:00:00,31.420123698044303,32.03163631055121,31.27452535117816,31.623960494995117,238680,7548006.890945435
2016-09-06 00:00:00,31.68220116673425,31.798678066903594,31.303644576220496,31.623960494995117,221300,6998382.457542419
2016-09-07 00:00:00,31.62395356326375,32.031629289460405,31.449236029652035,32.00251007080078,231520,7409221.131591797
2016-09-08 00:00:00,31.944278823993717,31.944278823993717,31.536605199332755,31.711322784423828,217020,6881991.270675659
2016-09-09 00:00:00,31.303642046107097,31.361880491484655,29.87677791781415,29.90589714050293,298180,8917340.409355164
2016-09-12 00:00:00,29.643827423328233,30.342697784346317,29.498229061173685,30.167980194091797,290900,8775865.438461304
2016-09-13 00:00:00,30.022381643303742,30.051500871220753,29.032312342542564,29.061433792114258,330540,9605966.325645447
2016-09-14 00:00:00,29.09055026823807,29.32350629119259,29.03230959625858,29.177907943725586,199000,5806403.680801392
2016-09-15 00:00:00,29.177907943725586,29.439985413497087,29.03230959625858,29.177907943725586,184080,5371069.294281006
2016-09-16 00:00:00,29.294388298645075,29.498227326668463,28.974072365070683,29.38174819946289,595840,17506820.84716797
2016-09-19 00:00:00,29.643827063514195,29.84766387939453,29.498228703126905,29.84766387939453,247280,7380730.32409668
2016-09-20 00:00:00,30.226220505063356,30.226220505063356,29.84766387939453,29.84766387939453,240660,7183138.789215088
2016-09-21 00:00:00,30.109743979348,30.517419868060248,29.556469717642443,30.488298416137695,288060,8782459.241752625
2016-09-22 00:00:00,30.837737632798873,31.216292091543444,30.75037771527436,31.041574478149414,324160,10062436.782836914
2016-09-23 00:00:00,30.98332751719145,31.274524200207058,30.60477094060941,31.187164306640625,172500,5379785.842895508
2016-09-26 00:00:00,31.07068479838927,31.44924137021096,30.895967235107857,31.420122146606445,214620,6743386.615104675
2016-09-27 00:00:00,31.478371032747706,31.478371032747706,30.89597748090536,30.98333740234375,226840,7028260.256347656
2016-09-28 00:00:00,31.116553960545584,31.383013964838355,30.82048779106598,31.146160125732422,199220,6204938.020248413
2016-09-29 00:00:00,30.93892122834726,31.146166687119972,30.524428051995745,30.613248825073242,132980,4070949.8287582397
2016-09-30 00:00:00,30.850094330580163,30.96852125157009,30.40599507097216,30.494815826416016,170760,5207294.750518799
2016-10-03 00:00:00,30.494812161539212,30.524418323527204,29.81385914178852,30.169139862060547,225520,6803744.4216918945
2016-10-04 00:00:00,30.10993044994609,30.1987512099683,29.251340310824933,29.458585739135742,169300,4987338.565635681
2016-10-05 00:00:00,29.606625815391567,29.725052770414393,28.659214692821553,28.777639389038086,212820,6124457.214775085
2016-10-06 00:00:00,28.688820193134237,28.807247145375868,28.244720816332798,28.65921401977539,188420,5399969.105606079
2016-10-07 00:00:00,28.86645854320421,29.192130957058616,28.451965353386715,28.599998474121094,283340,8103523.567657471
2016-10-10 00:00:00,28.659213161560974,29.369770336120297,28.59999855781025,29.19213104248047,212900,6215004.698944092
2016-10-11 00:00:00,29.19212613486666,29.399373824943634,28.659208343538264,28.807241439819336,172820,4978467.465629578
2016-10-12 00:00:00,28.896070764552196,29.3993848356941,28.86646458596894,29.310564041137695,122180,3581164.7145462036
2016-10-13 00:00:00,29.162528685494934,29.725055071291155,29.132922509149125,29.636234283447266,150680,4465587.781829834
2016-10-14 00:00:00,29.606618833302257,29.932291188707428,29.340158812041384,29.458585739135742,101940,3003008.2302474976
2016-10-17 00:00:00,29.57701331799311,29.87307951285029,29.517798723738192,29.547407150268555,137460,4061586.5868759155
2016-10-18 00:00:00,29.873082504202692,30.080327957832992,29.665834791766354,29.932294845581055,99900,2990236.2550735474
2016-10-19 00:00:00,29.87308219989679,30.169148421384754,29.695442918765213,29.96190071105957,112720,3377305.4481506348
2016-10-20 00:00:00,29.84348487854004,30.021124212344283,29.51781013129113,29.84348487854004,128460,3833694.0674972534
2016-10-21 00:00:00,29.54740882622126,29.96189971548692,29.54740882622126,29.87308120727539,138600,4140409.055328369
2016-10-24 00:00:00,29.99150358896519,30.46520900390406,29.932289000344337,30.405994415283203,179340,5453011.03843689
2016-10-25 00:00:00,30.346782739880016,30.583636581859874,30.22835581889009,30.494815826416016,152900,4662657.339859009
2016-10-26 00:00:00,30.198753588329524,30.287574355346987,29.72504810145025,29.87308120727539,183800,5490672.325897217
2016-10-27 00:00:00,29.843469058051912,29.843469058051912,29.251336753398544,29.280942916870117,208720,6111518.405609131
2016-10-28 00:00:00,29.28094327932373,29.54740327147721,29.162516365166013,29.399370193481445,163580,4809148.976249695
2016-10-31 00:00:00,29.517804184410792,30.021118164062496,29.428985664806063,30.0211181640625,162440,4876630.4345703125
2016-11-01 00:00:00,29.873084303373684,29.961902820790517,29.103312525063636,29.19213104248047,223440,6522689.760131836
2016-11-02 00:00:00,29.22172626551546,29.251334685699575,28.363136291503903,28.363136291503906,172040,4879593.967590332
2016-11-03 00:00:00,28.540786630631327,28.540786630631327,27.59337328600752,27.652587890625,281800,7792499.267578125
2016-11-04 00:00:00,27.53415504334465,28.096681243303156,27.3269096185837,27.978254318237305,277000,7749976.446151733
2016-11-07 00:00:00,28.451955712953886,29.01448183290392,28.451955712953886,28.925661087036133,191500,5539264.098167419
2016-11-08 00:00:00,28.836852455200805,29.280951818703468,28.807246282728528,29.19213104248047,143400,4186151.591491699
2016-11-09 00:00:00,28.30392746622864,29.014486777855648,28.126288203023332,28.51117515563965,330600,9425794.506454468
2016-11-10 00:00:00,28.57038992403164,28.629602263875118,27.53415816512894,27.889436721801758,302080,8424841.044921875
2016-11-11 00:00:00,27.80061019008558,28.80723548860174,27.77100402870679,28.363136291503906,475300,13480998.679351807
2016-11-14 00:00:00,28.42236116416675,29.843480125897617,28.36314881526393,29.784265518188477,397860,11849967.879066467
2016-11-15 00:00:00,29.96190067955807,30.169148389665356,29.577015947311985,29.813867568969727,241660,7204819.236717224
2016-11-16 00:00:00,29.813863208571366,30.198750143332187,29.547405455527684,30.139537811279297,165800,4997135.369110107
2016-11-17 00:00:00,30.139544499017376,30.613250036969223,30.0507237224237,30.08032989501953,173700,5224953.302764893
2016-11-18 00:00:00,30.080322323192433,30.46520924647294,30.080322323192433,30.228355407714844,293140,8861140.10421753
2016-11-21 00:00:00,30.583643552424316,30.583643552424316,30.05072341591034,30.109935760498047,140600,4233456.967926025
2016-11-22 00:00:00,30.346776630138802,30.87969653789746,30.198743573406418,30.850088119506836,242200,7471891.342544556
2016-11-23 00:00:00,30.49482127222512,30.731675156502686,30.346788159253155,30.672460556030273,151400,4643810.528182983
2016-11-25 00:00:00,30.672459361731025,31.205379451202116,30.554032424203456,31.05734634399414,108840,3380281.5760803223
2016-11-28 00:00:00,31.08695569721398,31.41262811466165,30.968528747558594,30.968528747558594,192120,5949673.742980957
2016-11-29 00:00:00,31.02773546498507,31.471834719204484,31.02773546498507,31.146160125732422,226760,7062703.270111084
2016-11-30 00:00:00,30.761280330293555,30.99813194808818,30.405999515392658,30.583641052246094,416440,12736251.479797363
2016-12-01 00:00:00,30.49482169173535,30.55403403421629,29.458589886676382,29.577016830444336,267460,7910668.921470642
2016-12-02 00:00:00,29.843470743239948,30.346782327093894,29.784256154147617,30.228355407714844,198940,6013629.024810791
2016-12-05 00:00:00,30.346781138846897,30.49481421757298,30.050714981394734,30.465208053588867,195880,5967524.953536987
2016-12-06 00:00:00,30.376392814396485,31.027739834256526,30.317180475684633,30.938919067382812,257600,7969865.5517578125
2016-12-07 00:00:00,31.08695547250694,31.679087957697547,31.08695547250694,31.590267181396484,306120,9670412.589569092
2016-12-08 00:00:00,31.35341279695188,32.09357833862305,31.294198198334602,32.09357833862305,412600,13241810.42251587
2016-12-09 00:00:00,32.09357810408711,32.448856657970545,32.03436350590256,32.41925048828125,288840,9363976.311035156
2016-12-12 00:00:00,32.300829225467304,32.59689549198635,31.797517475907455,31.975156784057617,291520,9321397.705688477
2016-12-13 00:00:00,32.21199880728222,32.241604971241486,31.531045742191555,31.856718063354492,212260,6761906.9761276245
2016-12-14 00:00:00,31.827107197462645,31.91592793502415,30.761269640750516,30.850088119506836,253580,7822965.345344543
2016-12-15 00:00:00,30.672459361731025,31.294197960243327,30.524426254523053,31.05734634399414,293760,9123406.062011719
2016-12-16 00:00:00,31.353416780951047,31.915943115861126,31.29420217480952,31.619876861572266,1560340,49337758.66218567
2016-12-19 00:00:00,31.856718063354496,32.0343573059156,31.56065190615082,31.856718063354492,233220,7429623.786735535
2016-12-20 00:00:00,31.827118626002186,32.212005615234375,31.767906285569232,32.212005615234375,206760,6660154.281005859
2016-12-21 00:00:00,32.271208827779084,32.50806264012896,31.73828887939453,31.73828887939453,189540,6015675.274200439
2016-12-22 00:00:00,31.679088246353082,31.767909023463464,31.264595051181615,31.412628173828125,222500,6989309.768676758
2016-12-23 00:00:00,31.56066100889819,31.619875612700955,31.32380937010565,31.590267181396484,123900,3914034.1037750244
2016-12-27 00:00:00,31.6790828704834,31.738295205971323,31.50144360521381,31.6790828704834,124100,3931374.1842269897
2016-12-28 00:00:00,31.75433136059337,31.844628955993432,31.18245194790719,31.45334243774414,144680,4550669.583892822
2016-12-29 00:00:00,31.423247159631533,31.995126629734514,31.363047991199736,31.904829025268555,160140,5109239.320106506
2016-12-30 00:00:00,31.9048312858299,32.50680923461914,31.75433679863259,32.50680923461914,155240,5046357.065582275
2017-01-03 00:00:00,32.65729914252059,32.83789204256141,32.44660780853352,32.747596740722656,222960,7301404.169311523
2017-01-04 00:00:00,32.95829227713871,33.439874170773955,32.928193839354684,33.349578857421875,289380,9650701.129760742
2017-01-05 00:00:00,33.31948478190702,33.65057455278777,33.078694935151276,33.40978240966797,288380,9634713.051300049
2017-01-06 00:00:00,33.40977181136878,33.59036471323864,33.13888131038231,33.25927734375,319540,10627669.482421875
2017-01-09 00:00:00,33.28937266612804,33.34957182536616,32.38640594482422,32.38640594482422,389760,12622925.581054688
2017-01-10 00:00:00,32.3563084542854,32.62719893782647,32.145617131733,32.326210021972656,247580,8003323.07723999
2017-01-11 00:00:00,32.326209916003464,32.53690123786519,32.17571545856989,32.23591232299805,269100,8674684.006118774
2017-01-12 00:00:00,32.38640891399973,32.71749628289249,32.08541997930389,32.536903381347656,220740,7182196.052398682
2017-01-13 00:00:00,32.536903381347656,32.92818991499758,32.4466080787569,32.536903381347656,121620,3957138.189239502
2017-01-17 00:00:00,32.59710813432658,33.22918454627396,32.47671208053571,33.04859161376953,200300,6619632.900238037
2017-01-18 00:00:00,33.0184792117023,33.22917280548334,32.80778791428417,32.867984771728516,154300,5071530.05027771
2017-01-19 00:00:00,32.71749449917016,32.80779209320132,32.085418230041675,32.115516662597656,238640,7664046.896362305
2017-01-20 00:00:00,32.05532797225042,32.35631696729502,31.904833474728115,32.175724029541016,264420,8507904.947891235
2017-01-23 00:00:00,31.60383524563354,32.47670353549985,31.60383524563354,32.38640594482422,316660,10255479.306488037
2017-01-24 00:00:00,32.26601887053525,32.506810981536574,32.08542593546613,32.2058219909668,274680,8846295.18447876
2017-01-25 00:00:00,32.26601112174078,32.356308715771945,31.965022203454534,32.115516662597656,167660,5384487.523651123
2017-01-26 00:00:00,32.17572059889708,32.29611664335079,31.874731635944556,32.05532455444336,138220,4430686.959915161
2017-01-27 00:00:00,32.17571461037485,32.17571461037485,31.45334077446382,31.754329681396484,214140,6799872.157974243
2017-01-30 00:00:00,31.60384479109898,31.965030670166012,31.27275735256023,31.965030670166016,323420,10338130.219345093
2017-01-31 00:00:00,31.995122102086434,32.35630787611172,31.784428486935724,32.26601028442383,425040,13714345.011291504
2017-02-01 00:00:00,32.29611799624965,32.56700623716371,31.603842433913705,31.874732971191406,229320,7309513.764953613
2017-02-02 00:00:00,31.874725721297306,32.44660510406235,31.784428130621677,32.38640594482422,334320,10827423.235473633
2017-02-03 00:00:00,32.53689874258453,32.80778920446279,32.41650272659831,32.68739318847656,342460,11194124.671325684
2017-02-06 00:00:00,32.71748537144043,32.747586091961935,32.476695681806376,32.59709167480469,174920,5701883.275756836
2017-02-07 00:00:00,32.56699558141712,32.807787601625584,32.32620585757155,32.44660186767578,192900,6258949.500274658
2017-02-08 00:00:00,32.446610646597385,32.89809408437176,32.20581856123898,32.807796478271484,216440,7100919.46975708
2017-02-09 00:00:00,32.86799117931436,33.22917928348248,32.83789274472452,33.13888168334961,260340,8627376.457443237
2017-02-10 00:00:00,33.19908220036819,33.71076249831509,33.10878459655946,33.6806640625,244400,8231554.296875
2017-02-13 00:00:00,33.68066444308387,33.86125735637853,33.37967548880495,33.56026840209961,197940,6642919.527511597
2017-02-14 00:00:00,33.37967242975854,33.4097708631554,33.07868350306345,33.31947326660156,257940,8594424.934387207
2017-02-15 00:00:00,33.07869283247913,33.13888971625059,32.71750464075861,33.01849365234375,196260,6480209.564208984
2017-02-16 00:00:00,33.018486899205065,33.65056553134848,33.018486899205065,33.59036636352539,200460,6733524.8412323
2017-02-17 00:00:00,33.65056505661979,33.710761927230195,33.28937694386713,33.62046432495117,299580,10072018.702468872
2017-02-21 00:00:00,33.62046180559345,34.16224278594223,33.50006807339438,34.07194519042969,249580,8503676.080627441
2017-02-22 00:00:00,33.95155535222519,34.28264274647242,33.86125774635617,34.16224670410156,144120,4923462.994995117
2017-02-23 00:00:00,34.28264536122957,34.372940677621955,33.62046822586697,33.71076583862305,290020,9776796.308517456
2017-02-24 00:00:00,33.65056524914993,33.831158158377804,33.409773172603806,33.80105972290039,220940,7468006.135177612
2017-02-27 00:00:00,33.74084741694711,34.162232238634495,33.65055214567573,34.01173782348633,259940,8841011.129837036
2017-02-28 00:00:00,33.86125687782065,33.86125687782065,33.19908210631087,33.59036636352539,646220,21706766.551437378
2017-03-01 00:00:00,32.205815744236894,33.34957460510091,32.205815744236894,32.747596740722656,537020,17586114.40170288
2017-03-02 00:00:00,32.687398800372016,32.898092438611336,32.416508291986254,32.476707458496094,355180,11535076.955108643
2017-03-03 00:00:00,32.4466063098031,32.53690160747105,31.784429311755424,32.115516662597656,447160,14360774.430847168
2017-03-06 00:00:00,32.08542865954371,32.115527101883316,31.603846693018127,31.84463882446289,370400,11795254.220581055
2017-03-07 00:00:00,31.694135464269884,31.844629930298968,31.45334340007803,31.513540267944336,219960,6931718.317337036
2017-03-08 00:00:00,31.36305588819723,31.42325507178676,30.46008880163074,30.550386428833008,228420,6978319.268074036
2017-03-09 00:00:00,30.42997665789578,30.761063981302556,29.978493317878446,30.038692474365234,236340,7099344.5793914795
2017-03-10 00:00:00,30.309584866741556,30.39988246587861,29.767806161009243,29.91830062866211,177640,5314686.923675537
2017-03-13 00:00:00,29.858100992376475,30.038696187799303,29.64740965953424,29.94839859008789,341800,10236362.638092041
2017-03-14 00:00:00,29.828009610679292,29.948405670638042,29.61731822802436,29.767812728881836,134200,3994840.4682159424
2017-03-15 00:00:00,29.948408371122014,30.791178570463025,29.948408371122014,30.550386428833008,337180,10300979.296073914
2017-03-16 00:00:00,30.490184306916024,30.73097411084212,30.339689818325844,30.520282745361328,276840,8449235.07522583
2017-03-17 00:00:00,30.550376171134385,30.911561965942386,30.39988170723717,30.911561965942383,852740,26359525.350837708
2017-03-20 00:00:00,30.941667080416575,31.24265605086279,30.700874985514158,30.971765518188477,234180,7252968.049049377
2017-03-21 00:00:00,31.0620560594907,31.272749684252695,30.97176076004692,31.031957626342773,274400,8515169.172668457
2017-03-22 00:00:00,31.092156559541106,31.182451858318505,30.429979553357327,30.730968475341797,264700,8134487.355422974
2017-03-23 00:00:00,30.761065108275506,31.242649192361224,30.700868245946342,30.821264266967773,275980,8506052.512397766
2017-03-24 00:00:00,30.821272288316855,31.092162832024552,30.670777796964103,30.700876235961914,192400,5906848.587799072
2017-03-27 00:00:00,30.640677358117227,30.881467150747596,30.339688395056598,30.490182876586914,181160,5523601.529922485
2017-03-28 00:00:00,30.429990720569712,30.610583680761838,30.098903244156805,30.21929931640625,469160,14177686.467285156
2017-03-29 00:00:00,30.265238679787867,30.602199361350163,30.17333924977106,30.357135772705078,388840,11804068.673858643
2017-03-30 00:00:00,30.326504967335886,30.571568568578485,30.17334080083419,30.38776969909668,401500,12200689.534187317
2017-03-31 00:00:00,30.387762984485672,30.724725946012384,30.387762984485672,30.571561813354492,369440,11294357.796325684
2017-04-03 00:00:00,30.571564941645192,31.000422687291575,30.479665517807007,30.632829666137695,294480,9020755.680084229
2017-04-04 00:00:00,30.632842115580743,31.337398419079253,30.510310279698345,31.092334747314453,477500,14846589.841842651
2017-04-05 00:00:00,31.214856821523853,31.398653349319453,30.816629063717016,30.847261428833008,292960,9037013.708190918
2017-04-06 00:00:00,30.84725793567894,31.398649793725582,30.694093790343693,31.214853286743164,270960,8457976.646575928
2017-04-07 00:00:00,31.184220925095993,31.64371336110173,31.153586226349436,31.214853286743164,374360,11685592.47642517
2017-04-10 00:00:00,31.30675291072428,31.521184133844052,31.18422345419821,31.459917068481445,158100,4973812.8885269165
2017-04-11 00:00:00,31.490549492711946,31.95004193275872,31.45991479369597,31.888774871826172,351240,11200613.285980225
2017-04-12 00:00:00,31.91941494703333,32.34827512879711,31.76625076333912,32.011314392089844,346420,11089359.531707764
2017-04-13 00:00:00,32.011306656591856,32.19510316519069,31.79687778607646,31.888774871826172,132620,4229089.323501587
2017-04-17 00:00:00,31.398663969069865,31.950056076049805,31.398663969069865,31.950056076049805,451980,14440786.34525299
2017-04-18 00:00:00,31.950046281688316,32.10321044921875,31.827514480244023,32.10321044921875,248520,7978289.860839844
2017-04-19 00:00:00,32.10321044921875,32.22573991356332,31.88877921241631,32.10321044921875,310260,9960342.07397461
2017-04-20 00:00:00,32.041938888339516,32.19510303439955,31.85814238048735,32.16447067260742,186220,5989667.728652954
2017-04-21 00:00:00,32.16447518139103,32.19510754747718,31.980678647774457,32.10321044921875,197280,6333321.357421875
2017-04-24 00:00:00,32.19510470096038,32.225737064338176,31.245487413651656,31.490550994873047,214480,6754093.377380371
2017-04-25 00:00:00,31.521188305793107,31.766249588379615,31.42928886413574,31.429288864135742,204880,6439232.702484131
2017-04-26 00:00:00,31.337382368122913,31.76624006840052,31.153583539890583,31.55181121826172,255800,8070953.309631348
2017-04-27 00:00:00,31.613083928864185,31.98067934116712,31.429287391262605,31.52118682861328,275660,8689130.361175537
2017-04-28 00:00:00,31.490559982679606,31.490559982679606,31.03106738956911,31.153596878051758,261040,8132334.929046631
2017-05-01 00:00:00,31.21485505027386,31.582448085006426,31.00042383243027,31.490550994873047,183680,5784184.406738281
2017-05-02 00:00:00,31.490553413905886,31.582450511098596,31.031060916643252,31.18422508239746,140720,4388244.153594971
2017-05-03 00:00:00,31.184222483076706,31.184222483076706,30.29586992832982,30.41840171813965,260940,7937377.74433136
2017-05-04 00:00:00,30.26524329670983,30.479672216660425,29.59131949367948,29.897647857666016,292220,8736690.656967163
2017-05-05 00:00:00,29.928277628769777,30.47966957092285,29.928277628769777,30.47966957092285,266660,8127708.687782288
2017-05-08 00:00:00,30.479673592289636,30.540938333012008,29.89764920702691,30.203977584838867,265480,8018551.969223022
2017-05-09 00:00:00,29.68321556496119,30.387769319815366,29.346254870283136,29.46878433227539,282720,8331414.706420898
2017-05-10 00:00:00,29.438143113732167,29.958902518987998,29.2849789952038,29.40751075744629,342620,10075601.335716248
2017-05-11 00:00:00,29.34625730221903,29.376889670255608,28.764232961124524,29.162458419799805,219680,6406408.865661621
2017-05-12 00:00:00,29.254358914609714,29.315623652889332,28.917398179871896,29.0705623626709,203400,5912952.384567261
2017-05-15 00:00:00,29.070558894415885,29.591316118963718,28.978659460860538,29.039926528930664,201580,5853868.389701843
2017-05-16 00:00:00,29.101196718050474,29.19309616884226,28.33537575178599,28.5498046875,248140,7084348.53515625
2017-05-17 00:00:00,28.519161455385795,28.917389141027282,28.42726437669107,28.764225006103516,256520,7378598.998565674
2017-05-18 00:00:00,28.85613006523426,29.34625730221903,28.764232961124524,29.162458419799805,254020,7407847.687797546
2017-05-19 00:00:00,27.56955290382067,29.3462583591291,27.56955290382067,29.0705623626709,272280,7915332.720108032
2017-05-22 00:00:00,29.070560107601647,29.37688844943707,28.917395936683935,29.101192474365234,163560,4759791.041107178
2017-05-23 00:00:00,29.19309320630307,29.591318666088284,29.162458501081232,29.284990310668945,169420,4961463.058433533
2017-05-24 00:00:00,29.284992363402683,29.775117299008997,29.284992363402683,29.53005599975586,157140,4640352.999801636
2017-05-25 00:00:00,29.928276662138106,30.081440825889274,29.591315969305473,29.74448013305664,184240,5480123.0197143555
2017-05-26 00:00:00,29.713852558470723,29.805752006378178,29.407524181579273,29.53005599975586,136000,4016087.615966797
2017-05-30 00:00:00,29.59131613136732,29.713847930459252,29.438151966777326,29.46878433227539,141200,4160992.347717285
2017-05-31 00:00:00,29.53005557451376,29.621952683997822,29.223727202033533,29.438156127929688,298140,8776691.867980957
2017-06-01 00:00:00,29.49941640177046,30.02017358005406,29.284985188224677,29.928274154663086,227680,6814069.459533691
2017-06-02 00:00:00,30.112067960921813,30.602192694333446,30.081433266190583,30.26523208618164,219660,6648060.880050659
2017-06-05 00:00:00,30.112078520183957,30.173343256931673,29.652585983276367,29.652585983276367,197500,5856385.7316970825
2017-06-06 00:00:00,29.7138501041757,30.08144319124309,29.468786488064207,29.836381912231445,232280,6930394.79057312
2017-06-07 00:00:00,29.89764948459879,30.26524494364595,29.836384743307633,30.050813674926758,185880,5585845.245895386
2017-06-08 00:00:00,30.050810640807377,30.29587425542898,29.77511465863303,30.112077713012695,133160,4009724.2682647705
2017-06-09 00:00:00,30.020182073483493,30.724738301884894,29.989549702053026,30.663471221923828,244060,7483726.7864227295
2017-06-12 00:00:00,30.602198672670156,31.459916539426455,30.602198672670156,31.337387084960938,317120,9937712.192382812
2017-06-13 00:00:00,31.245485413886822,31.55181370225826,31.061688908283834,31.368017196655273,234640,7360191.555023193
2017-06-14 00:00:00,31.643724835197936,31.735621953461585,30.969800949096683,30.96980094909668,355880,11021532.761764526
2017-06-15 00:00:00,30.72473504746216,31.582453042164765,30.694100342176448,31.429288864135742,159240,5004799.958724976
2017-06-16 00:00:00,31.092323501830833,31.398651812193698,31.061691138214453,31.337387084960938,399120,12507377.93334961
2017-06-19 00:00:00,31.245494842529293,31.368026662272953,31.153595393446533,31.245494842529297,180500,5639811.819076538
2017-06-20 00:00:00,31.245490854300723,31.337390291653282,30.72473360823562,31.00042724609375,151380,4692844.676513672
2017-06-21 00:00:00,30.969800033794705,31.092331858291747,30.54093981660513,30.75537109375,175600,5400643.1640625
2017-06-22 00:00:00,30.663464901037408,30.90852849616464,30.571567805689433,30.847261428833008,166320,5130516.520843506
2017-06-23 00:00:00,30.75536495086573,31.337389248151673,30.75536495086573,31.18422508239746,514260,16036799.590873718
2017-06-26 00:00:00,31.337390291011705,31.64371863271426,31.214858486910725,31.52118682861328,173300,5462621.677398682
2017-06-27 00:00:00,31.398660529217434,31.52119235480027,31.092332133810434,31.153596878051758,272180,8479385.998268127
2017-06-28 00:00:00,31.325012721958476,31.730212842703732,31.106829504953314,31.449689865112305,205980,6478007.1184158325
2017-06-29 00:00:00,31.231509636430232,31.325018104367334,30.73280335614363,30.795143127441406,145720,4487468.256530762
2017-06-30 00:00:00,30.982170845914517,31.106848063451384,30.76398512071997,30.888662338256836,105740,3266167.155647278
2017-07-03 00:00:00,30.982164096512953,31.6055476703743,30.982164096512953,31.574378967285156,78940,2492481.4756774902
2017-07-05 00:00:00,31.543207921678576,31.57437900282242,31.106841321900188,31.138010025024414,136180,4240374.205207825
2017-07-06 00:00:00,30.950996448852077,30.982165153004075,30.421118966189354,30.51462745666504,182260,5561596.00025177
2017-07-07 00:00:00,30.545788798288545,30.919817913998717,30.327605543794135,30.795143127441406,144840,4460368.530578613
2017-07-10 00:00:00,30.888666626893688,31.075681290154364,30.35879135131836,30.35879135131836,113980,3460295.0382232666
2017-07-11 00:00:00,30.42112132010863,30.763981848349776,30.202937996142413,30.639307022094727,144660,4432282.153816223
2017-07-12 00:00:00,30.91981654636005,31.293848023545262,30.88864785109937,31.231508255004883,140300,4381780.608177185
2017-07-13 00:00:00,31.200344564712726,31.356190444034986,31.044498685390465,31.325021743774414,154700,4845980.863761902
2017-07-14 00:00:00,31.512036323735238,31.79255938212255,31.512036323735238,31.699050903320312,135800,4304731.112670898
2017-07-17 00:00:00,31.66787679089406,32.07307695909425,31.512030938204603,32.041908264160156,180300,5777156.060028076
2017-07-18 00:00:00,31.94840816039412,32.01074556657241,31.48087047999811,31.574378967285156,141400,4464617.185974121
2017-07-19 00:00:00,31.605544567160198,31.917236323487185,31.51203608905435,31.854896545410156,173100,5514082.592010498
2017-07-20 00:00:00,31.854891534481308,32.104245851526,31.792554144229634,31.82372283935547,105580,3359948.6573791504
2017-07-21 00:00:00,32.19776228707279,32.22893098991598,31.574378718130585,31.667884826660156,142320,4506973.368530273
2017-07-24 00:00:00,31.667883407436886,31.667883407436886,31.325022935488175,31.41853141784668,82940,2605852.9957962036
2017-07-25 00:00:00,31.449699874813593,31.636714460057327,31.106839405530167,31.51203727722168,113520,3577246.471710205
2017-07-26 00:00:00,31.48087047999811,31.699053779641734,31.356193289621917,31.574378967285156,82140,2593519.4883728027
2017-07-27 00:00:00,31.480867863929827,31.917236804974323,31.293853282916306,31.605545043945312,98140,3101768.190612793
2017-07-28 00:00:00,31.57437633974525,31.76139092073685,31.35619068023887,31.54320526123047,106880,3371337.7783203125
2017-07-31 00:00:00,31.605539820570094,31.730216979980472,31.356185501749337,31.73021697998047,106480,3378633.5040283203
2017-08-01 00:00:00,31.792564131573933,32.010747444014086,31.699055638802577,31.948410034179688,105120,3358416.8627929688
2017-08-02 00:00:00,31.85489967310707,31.917239457304976,31.48087047999811,31.574378967285156,98380,3106287.4028015137
2017-08-03 00:00:00,31.512027247679857,31.667873082117463,31.387350104526032,31.449689865112305,95040,2988978.5247802734
2017-08-04 00:00:00,31.449698923213347,31.73022198160066,31.449698923213347,31.699050903320312,93540,2965129.221496582
2017-08-07 00:00:00,31.667873082117463,31.730212842703732,31.325012721958476,31.449689865112305,116120,3651937.987136841
2017-08-08 00:00:00,31.32501931841351,31.32501931841351,30.234098247622992,30.826313018798828,232600,7170200.408172607
2017-08-09 00:00:00,30.732806443661982,30.91982102030516,30.5457918670188,30.763975143432617,190460,5859306.705818176
2017-08-10 00:00:00,30.639305842132487,30.88865786305957,30.54579734802246,30.54579734802246,130820,3996001.2090682983
2017-08-11 00:00:00,30.358782535722327,30.576965849833545,30.109428138435415,30.327613830566406,182440,5532969.867248535
2017-08-14 00:00:00,30.51462128428725,30.919819112340775,30.32760671918415,30.826313018798828,166820,5142445.5377960205
2017-08-15 00:00:00,30.670473355444717,30.73281076374871,30.358781557885358,30.51462745666504,181420,5535963.713188171
2017-08-16 00:00:00,30.51463306366637,31.075676975552067,30.51463306366637,30.888662338256836,150680,4654303.64112854
2017-08-17 00:00:00,30.763979210428296,30.982164893705605,30.670473098754883,30.670473098754883,178140,5463638.077812195
2017-08-18 00:00:00,30.327613114299858,30.452287931979015,30.1094274273219,30.29644203186035,200660,6079284.058113098
2017-08-21 00:00:00,30.26527541761654,30.67047573711684,30.234106711044184,30.576967239379883,99060,3028954.374732971
2017-08-22 00:00:00,30.576965587321233,30.701642784894297,30.45228838974817,30.48345947265625,100760,3071513.3764648438
2017-08-23 00:00:00,30.32761520041734,30.795152932933416,30.32761520041734,30.639307022094727,85760,2627626.9702148438
2017-08-24 00:00:00,30.701647832135198,30.9510022682743,30.452293395996094,30.452293395996094,113580,3458771.4839172363
2017-08-25 00:00:00,30.54579590517066,30.857487700121382,30.421118711586438,30.670473098754883,90780,2784265.5479049683
2017-08-28 00:00:00,30.639304914537185,30.79515081465585,30.234104623020773,30.29644203186035,154220,4672317.290153503
2017-08-29 00:00:00,30.202933073535196,30.45228506342469,30.015918486613202,30.109424591064453,136220,4101505.8177948
2017-08-30 00:00:00,30.07826133442434,30.296444662326184,29.953584127900463,30.265275955200195,169560,5131780.190963745
2017-08-31 00:00:00,30.42112106243247,30.795152672089095,30.32761494353321,30.732812881469727,310020,9527786.649513245
2017-09-01 00:00:00,30.670467151543043,30.950990188207303,30.57695867998188,30.826313018798828,159420,4914330.821456909
2017-09-05 00:00:00,30.950994264221986,31.106840152001514,30.545794004787403,30.608131408691406,194140,5942262.63168335
2017-09-06 00:00:00,30.732806443661982,31.106837974967704,30.670469044120708,30.763975143432617,133940,4120526.8307113647
2017-09-07 00:00:00,30.888662338256836,31.106848063451384,30.795156208619286,30.888662338256836,152660,4715463.192558289
2017-09-08 00:00:00,30.857489810187126,31.200350332474127,30.795152398142157,30.950998306274414,145120,4491608.874206543
2017-09-11 00:00:00,30.888655643991378,31.356193324913608,30.85748694086715,31.138010025024414,122640,3818765.549468994
2017-09-12 00:00:00,31.200351262834346,31.356197175613758,31.075674057006836,31.075674057006836,182780,5680011.7041397095
2017-09-13 00:00:00,31.075665242839147,31.26268218754569,31.013327846616455,31.106836318969727,262760,8173632.311172485
2017-09-14 00:00:00,31.044501537632122,31.262687215540932,30.98216413138367,31.138010025024414,242080,7537889.46685791
2017-09-15 00:00:00,31.231514694729444,31.293854476123858,30.763977035359126,31.200345993041992,391080,12201831.310958862
2017-09-18 00:00:00,31.200344564712726,31.41853022257553,31.169175864452153,31.325021743774414,205100,6424761.959648132
2017-09-19 00:00:00,31.325021743774414,31.449698922836102,31.200344564712726,31.325021743774414,255460,8002290.054664612
2017-09-20 00:00:00,31.325012721958476,31.667873082117463,31.23150427008843,31.449689865112305,283160,8905294.1822052
2017-09-21 00:00:00,31.480873838449273,31.730228245803353,31.387365341186523,31.387365341186523,212420,6667304.145774841
2017-09-22 00:00:00,31.57436700826613,31.667873082117463,31.387350104526032,31.449689865112305,183260,5763470.164680481
2017-09-25 00:00:00,31.51203563194403,32.38477348820749,31.418529533213952,32.22892761230469,278900,8988647.911071777
2017-09-26 00:00:00,32.32243728502596,32.54062296222697,32.19776247293352,32.3847770690918,224220,7261314.714431763
2017-09-27 00:00:00,32.353616568674845,32.47829141237608,32.04192470338133,32.07309341430664,345300,11074839.155960083
2017-09-28 00:00:00,32.088934173236055,32.43772888183594,31.930392003567576,32.43772888183594,225360,7310166.580810547
2017-09-29 00:00:00,32.34260140563014,32.59626983529965,32.15235129295872,32.4060173034668,313080,10145675.897369385
2017-10-02 00:00:00,32.53284986378894,32.78651828055772,32.374307708098776,32.75481033325195,200480,6566684.375610352
2017-10-03 00:00:00,32.75481386005311,33.04018783569336,32.627979638012135,33.04018783569336,202220,6681386.784133911
2017-10-04 00:00:00,33.135311967243695,33.26214618109413,32.91335390737648,33.230438232421875,140460,4667547.354125977
2017-10-05 00:00:00,33.26215362548828,33.57923802150025,33.1670273390199,33.26215362548828,142980,4755822.725372314
2017-10-06 00:00:00,33.04019987559238,33.19874210612624,32.818241720509945,32.94507598876953,148240,4883778.064575195
2017-10-09 00:00:00,33.040188933847915,33.38898366084388,33.040188933847915,33.325565338134766,111600,3719133.09173584
2017-10-10 00:00:00,33.420696451237426,33.6109466085857,33.29386220661791,33.38898849487305,165380,5521870.9172821045
2017-10-11 00:00:00,33.4206930814017,33.64265117273414,33.4206930814017,33.54752731323242,172300,5780238.956069946
2017-10-12 00:00:00,33.547530502433155,33.64265437097784,33.38898830236336,33.42069625854492,190940,6381347.743606567
2017-10-13 00:00:00,33.54752731323242,33.76948540456486,33.38898512823447,33.54752731323242,160940,5399139.045791626
2017-10-16 00:00:00,33.6109466085857,33.64265456495008,33.35727811934667,33.38898849487305,137200,4580969.221496582
2017-10-17 00:00:00,33.325565338134766,33.48410751616506,33.1987311118782,33.325565338134766,100380,3345220.248641968
2017-10-18 00:00:00,33.325561604295636,33.38897991989928,32.94506138731934,33.071895599365234,138920,4594347.736663818
2017-10-19 00:00:00,33.07190265481859,33.23044484890849,32.786526221624385,33.16702651977539,126000,4179045.341491699
2017-10-20 00:00:00,33.29385317781913,33.29385317781913,32.818226703850286,32.913352966308594,144800,4765853.509521484
2017-10-23 00:00:00,33.103612943107194,33.198736814768786,32.62798632731302,32.72311019897461,91900,3007253.8272857666
2017-10-24 00:00:00,32.72309996678487,32.881642122475036,32.659684072173334,32.75481033325195,132400,4336736.888122559
2017-10-25 00:00:00,32.69139376993958,32.72310171894315,31.930390898046646,32.15235137939453,186800,6006059.237670898
2017-10-26 00:00:00,32.27918986905459,32.27918986905459,31.771852941168955,31.930395126342773,168540,5381548.794593811
2017-10-27 00:00:00,32.02552499958113,32.5011516084858,31.74014855040592,32.34260940551758,165600,5355936.117553711
2017-10-30 00:00:00,32.310896732224876,32.374312636490316,31.962104420441587,32.02552032470703,104600,3349869.4259643555
2017-10-31 00:00:00,32.1206462229727,32.1206462229727,31.740143544364464,32.08893585205078,171980,5518655.187835693
2017-11-01 00:00:00,32.18406480466556,32.37431495022037,31.962106704711918,31.962106704711914,139020,4443372.07408905
2017-11-02 00:00:00,32.08893315957415,32.4377278571559,32.08893315957415,32.37430953979492,199720,6465797.101287842
2017-11-03 00:00:00,32.02552140996001,32.34260578035565,31.93039513117661,32.31089782714844,117700,3802992.674255371
2017-11-06 00:00:00,32.3743103765883,32.69139471410466,32.3743103765883,32.46943664550781,113020,3669695.729675293
2017-11-07 00:00:00,33.16701896759517,33.73777170402232,32.72310044139198,32.913352966308594,191100,6289741.751861572
2017-11-08 00:00:00,32.75482100149904,33.04019503935862,32.69140266707083,32.88165283203125,144800,4761263.330078125
2017-11-09 00:00:00,32.786533157691274,33.10361761295103,32.691406853448385,32.818241119384766,118480,3888305.207824707
2017-11-10 00:00:00,32.59627687769553,33.48411173503188,32.56456650276477,33.26215362548828,113220,3765941.033477783
2017-11-13 00:00:00,33.1987311118782,33.45239956439133,33.10360725655702,33.325565338134766,133960,4464292.732696533
2017-11-14 00:00:00,33.19873447476099,33.4524029529696,33.10361060980419,33.16702651977539,127260,4220835.794906616
2017-11-15 00:00:00,33.00847625732422,33.35726851523328,32.94506036285395,33.00847625732422,149800,4944669.743347168
2017-11-16 00:00:00,33.0401929061494,33.420695630665534,32.91336108380596,33.293861389160156,200020,6659438.155059814
2017-11-17 00:00:00,33.13531943357813,33.579238072501525,33.13531943357813,33.48411178588867,112100,3753568.93119812
2017-11-20 00:00:00,33.45240377926307,33.48411173503188,33.23044566971947,33.26215362548828,145980,4855609.186248779
2017-11-21 00:00:00,33.4206930814017,33.64265117273414,33.32556680273823,33.54752731323242,176840,5932544.7300720215
2017-11-22 00:00:00,33.579238072501525,33.67436193995242,33.45240383007171,33.48411178588867,77260,2586982.476577759
2017-11-24 00:00:00,33.61095066649136,33.61095066649136,33.38899252598134,33.57924270629883,46800,1571508.5586547852
2017-11-27 00:00:00,33.5792371920739,33.6109451470595,33.13531856478979,33.16702651977539,113580,3767110.872116089
2017-11-28 00:00:00,33.16701870653665,33.2938529157623,33.040184497311,33.198726654052734,170280,5653079.1746521
2017-11-29 00:00:00,33.16701870653665,33.4841030200201,32.88164234056928,33.198726654052734,245320,8144311.622772217
2017-11-30 00:00:00,33.23044484890849,33.325568713865295,33.04019228067109,33.16702651977539,344340,11420733.911819458
2017-12-01 00:00:00,33.26214618109413,33.325562078438644,32.84993559087056,33.230438232421875,246700,8197949.111938477
2017-12-04 00:00:00,33.35727218121503,33.642648576016846,33.04018783569336,33.04018783569336,188620,6232040.229568481
2017-12-05 00:00:00,33.13531053924382,33.13531053924382,32.75481033325195,32.75481033325195,146180,4788098.1745147705
2017-12-06 00:00:00,32.881643982875495,32.881643982875495,32.27918569249563,32.37430953979492,92520,2995271.118621826
2017-12-07 00:00:00,32.279186526830294,32.564560495265816,32.215768207830116,32.46943664550781,150840,4897689.823608398
2017-12-08 00:00:00,32.564571775076345,32.75482437881562,32.37432159049942,32.501155853271484,146000,4745168.754577637
2017-12-11 00:00:00,31.898689461825068,32.12064998849082,31.835273550870244,31.866981506347656,270680,8625754.554138184
2017-12-12 00:00:00,31.835266297862788,31.993808458291227,31.771847982194583,31.803558349609375,218740,6956710.353393555
2017-12-13 00:00:00,31.86696726230565,32.34259363935499,31.86696726230565,32.184051513671875,170620,5491242.869262695
2017-12-14 00:00:00,32.025522429884944,32.08893833831899,31.61331176757813,31.613311767578125,337600,10672654.052734375
2017-12-15 00:00:00,31.708438049391034,31.898688193855016,31.61331176757813,31.613311767578125,605080,19128582.684326172
2017-12-18 00:00:00,31.708438231197594,32.215772759064386,31.708438231197594,31.962106704711914,193760,6192977.7951049805
2017-12-19 00:00:00,31.993805770855943,32.18405586355705,31.264510926480327,31.296218872070312,198060,6198529.109802246
2017-12-20 00:00:00,31.29622367084497,31.51818416233133,30.979139328002926,30.97913932800293,210540,6522347.994117737
2017-12-21 00:00:00,31.010852434563724,31.137684247565186,30.884018202400494,31.074268341064453,173200,5382063.276672363
2017-12-22 00:00:00,31.074264056865985,31.201098271542623,30.884013944431747,30.915721893310547,152940,4728250.506362915
2017-12-26 00:00:00,30.979139328002926,31.169391869037394,30.915723427099138,30.97913932800293,129760,4019853.11920166
2017-12-27 00:00:00,31.07427636599312,31.13769228887101,30.94744210107496,31.010860443115234,206000,6388237.251281738
2017-12-28 00:00:00,31.00439494095495,31.327357388256562,30.939803437097797,31.262765884399414,179380,5607914.944343567
2017-12-29 00:00:00,31.262760369204845,31.424241564368074,31.10127917404161,31.165870666503906,189080,5892842.825622559
2018-01-02 00:00:00,31.101284473823046,31.32735719997226,30.907505035400394,30.90750503540039,149240,4612636.051483154
2018-01-03 00:00:00,30.875205993652344,31.101281159719253,30.842910245359256,30.875205993652344,189080,5837883.949279785
2018-01-04 00:00:00,31.004384822495425,31.004384822495425,30.81060791015625,30.81060791015625,237620,7321216.651611328
2018-01-05 00:00:00,30.842910245359256,31.036687199125428,30.746020536472344,30.875205993652344,160280,4948678.016662598
2018-01-08 00:00:00,30.875208018874822,31.133578950182354,30.746022553221056,31.068984985351562,249880,7763517.968139648
2018-01-09 00:00:00,30.972101929439468,31.068989193797783,30.13239998495999,30.164695739746094,287720,8678986.258239746
2018-01-10 00:00:00,30.035502937647987,30.067798684564377,29.51876359496308,29.777132034301758,249900,7441305.295372009
2018-01-11 00:00:00,29.777124732913624,30.196976731901124,29.777124732913624,30.13238525390625,128660,3876832.686767578
2018-01-12 00:00:00,30.132392642404707,30.1646883893211,29.712540540468975,29.777132034301758,184140,5483161.092796326
2018-01-16 00:00:00,29.8740229985901,30.293875118227398,29.58335633607256,29.615652084350586,204820,6065877.859916687
2018-01-17 00:00:00,29.777138905115148,29.9709183593415,29.55106616052856,29.90632438659668,167440,5007514.955291748
2018-01-18 00:00:00,29.7448430987093,29.84173282565297,29.228103637695312,29.228103637695312,158440,4630900.740356445
2018-01-19 00:00:00,29.131210642756198,29.712544011186903,29.098914892067345,29.680248260498047,157760,4682355.965576172
2018-01-22 00:00:00,29.647955040465334,29.874027778592,29.58336106956625,29.841732025146484,138900,4145016.5782928467
2018-01-23 00:00:00,29.970914437098774,30.19698715209961,29.680247757806416,30.19698715209961,142680,4308506.126861572
2018-01-24 00:00:00,30.1969786784688,30.1969786784688,29.4864625186959,29.551054000854492,164980,4875332.889060974
2018-01-25 00:00:00,29.680242791276523,29.680242791276523,29.131205274706616,29.292686462402344,181240,5309006.494445801
2018-01-26 00:00:00,29.38957845899794,29.454169953524573,28.937430605288764,29.06661605834961,166340,4834940.915145874
2018-01-29 00:00:00,28.937436203066408,29.098917434628174,28.549882232921398,28.872844696044922,216900,6262520.014572144
2018-01-30 00:00:00,28.77594638003261,28.96972330725023,28.614465196683373,28.646760940551758,193220,5535127.148933411
2018-01-31 00:00:00,28.74365451309152,29.16350663203187,28.711358764867104,29.131208419799805,291340,8487086.261024475
2018-02-01 00:00:00,29.0666078454643,29.228089000161326,28.0331294410061,28.194610595703125,242800,6845651.452636719
2018-02-02 00:00:00,27.936243572742967,28.065429006921256,27.677872704386388,27.903947830200195,294480,8217154.5570373535
2018-02-05 00:00:00,27.807070222340943,28.00084722581206,26.83818274097709,26.90277671813965,432800,11643521.76361084
2018-02-06 00:00:00,26.482920546917313,27.1934369418412,26.224549604758856,27.03195571899414,338140,9140585.506820679
2018-02-07 00:00:00,26.99965985683035,27.516399275026508,26.773587131372,26.838178634643555,189820,5094423.06842804
2018-02-08 00:00:00,26.838178523311704,27.096549463341944,26.159957885742188,26.159957885742188,250900,6563533.433532715
2018-02-09 00:00:00,26.289138568610923,27.03195057392097,25.9984719300081,26.708988189697266,250080,6679383.766479492
2018-02-12 00:00:00,26.741295471245675,26.96736823129393,25.77240798988182,26.90277671813965,367500,9886770.44391632
2018-02-13 00:00:00,26.773587655324977,26.96736463293972,26.418329452363288,26.805883407592773,175400,4701751.949691772
2018-02-14 00:00:00,26.57981015957627,26.741291381775376,26.127662244617188,26.353734970092773,226960,5981243.688812256
2018-02-15 00:00:00,26.482920328776043,26.87047427481351,26.482920328776043,26.64440155029297,176160,4693677.777099609
2018-02-16 00:00:00,26.708986559183355,27.290319800900125,26.708986559183355,27.064247131347656,350960,9498468.173217773
2018-02-20 00:00:00,26.999658664924524,27.19343563019277,26.192252589633675,26.22454833984375,199980,5244385.177001953
2018-02-21 00:00:00,26.289132368628028,26.741280092708976,26.03076153657981,26.12765121459961,234220,6119618.4674835205
2018-02-22 00:00:00,26.289136370726645,26.644394470870132,26.256840627805826,26.32143211364746,152640,4017703.3978271484
2018-02-23 00:00:00,26.515210185825776,26.773581068418995,26.32143325588454,26.74128532409668,141240,3776939.139175415
2018-02-26 00:00:00,26.773591227822813,26.96736823129393,26.45062873403486,26.90277671813965,263960,7101256.942520142
2018-02-27 00:00:00,27.12884828817355,27.7424774922553,26.063071119820606,26.095369338989258,329620,8601555.64151764
2018-02-28 00:00:00,25.966178456483505,26.256845120520286,25.675511792446727,25.707807540893555,265740,6831592.775917053
2018-03-01 00:00:00,25.64321678075032,26.03077070126232,25.32025435898774,25.578622817993164,456640,11680222.323608398
2018-03-02 00:00:00,25.481733978645863,25.772400632882867,25.28795703049039,25.64321517944336,358600,9195656.963348389
2018-03-05 00:00:00,25.514025393737008,26.224541570997705,25.514025393737008,25.96617317199707,216980,5634140.254859924
2018-03-06 00:00:00,25.99847562436543,26.353733804691846,25.74010469466924,26.22454833984375,202480,5309946.5478515625
2018-03-07 00:00:00,26.159957885742188,26.547511831779655,26.063068167228874,26.159957885742188,388740,10169422.028503418
2018-03-08 00:00:00,26.256836630623717,26.289132368628028,26.03076153657981,26.12765121459961,219100,5724568.381118774
2018-03-09 00:00:00,26.192247232027793,26.224542975631795,25.869284867973178,25.998470306396484,286700,7453761.436843872
2018-03-12 00:00:00,26.06306712478558,26.450623519329866,25.99847562436543,26.22454833984375,288240,7558963.8134765625
2018-03-13 00:00:00,26.38601958264096,26.51520499866507,26.12765121459961,26.12765121459961,217300,5677538.608932495
2018-03-14 00:00:00,26.256841183243093,26.4183223652704,25.998470306396484,25.998470306396484,242540,6305668.988113403
2018-03-15 00:00:00,26.030768689244514,26.1922498876443,25.772400250209376,25.869287490844727,216960,5612600.614013672
2018-03-16 00:00:00,25.901584540899012,26.224546953947666,25.804697295389015,26.192251205444336,662680,17357081.028823853
2018-03-19 00:00:00,25.966181326357088,26.095366798430096,25.740106134227343,25.93388557434082,259320,6725175.2071380615
2018-03-20 00:00:00,25.86928927246646,26.289141402824207,25.61092081563745,25.675512313842773,248000,6367527.053833008
2018-03-21 00:00:00,25.546327068618453,25.740104028874452,25.38484585773716,25.578622817993164,212920,5446200.3704071045
2018-03-22 00:00:00,25.352549642704652,26.095364184718182,25.2879581451416,25.2879581451416,297540,7524179.066505432
2018-03-23 00:00:00,25.352547479147145,25.4817329272564,24.932695388793945,24.932695388793945,298600,7444902.843093872
2018-03-26 00:00:00,25.287952616415286,25.287952616415286,24.803509098583632,25.191062927246094,244800,6166772.204589844
2018-03-27 00:00:00,25.22336418357086,25.578622348183018,24.964995729310967,25.2879581451416,271180,6857588.4897994995
2018-03-28 00:00:00,25.413543136030928,26.471062757171023,25.413543136030928,26.206684112548828,242720,6360886.367797852
2018-03-29 00:00:00,26.338867471754572,26.404964012103736,25.94229831496042,26.008392333984375,307960,8009544.503173828
2018-04-02 00:00:00,26.041438858989896,26.272770420197517,25.446582671134703,25.611820220947266,217980,5582864.571762085
2018-04-03 00:00:00,25.61182518799803,26.338869539643294,25.5787781758915,26.14058494567871,246840,6452541.987991333
2018-04-04 00:00:00,25.90924914959272,26.438008821762978,25.90924914959272,26.338865280151367,152320,4011935.9594726562
2018-04-05 00:00:00,26.4049635873168,26.570201153543657,26.107535463843426,26.504104614257812,151480,4014841.7669677734
2018-04-06 00:00:00,26.537155155062713,26.768486748059043,26.140583468222236,26.239727020263672,154640,4057711.386413574
2018-04-09 00:00:00,26.338867328730018,26.53715442737557,26.107535742077133,26.173629760742188,306440,8020647.103881836
2018-04-10 00:00:00,26.272778143372964,26.40496872634689,26.0744935295749,26.206684112548828,235620,6174818.910598755
2018-04-11 00:00:00,26.074489305859075,26.471058469216334,26.00839276441603,26.10753631591797,152360,3977744.2330932617
2018-04-12 00:00:00,26.14058584897155,26.17363286222003,25.710969634090393,25.744016647338867,163580,4211206.243171692
2018-04-13 00:00:00,25.777055180427382,26.00838671838853,25.578770644842873,25.843149185180664,149080,3852696.6805267334
2018-04-16 00:00:00,25.843153153096083,26.10753425535118,25.67791559451791,25.975343704223633,264640,6874114.957885742
2018-04-17 00:00:00,26.041443909359124,26.338869539643294,25.94230035171413,26.14058494567871,214800,5614997.646331787
2018-04-18 00:00:00,26.0744935295749,26.338872174197096,26.0744935295749,26.206684112548828,179080,4693092.990875244
2018-04-19 00:00:00,26.00838887983382,26.239722958344814,25.38048821852153,25.512676239013672,222100,5666365.3926849365
2018-04-20 00:00:00,25.512678855692652,25.611822402555177,25.215253257755343,25.281347274780273,159420,4030352.382545471
2018-04-23 00:00:00,25.34744291516996,25.446586468382087,25.083064308813118,25.314395904541016,149740,3790577.6427459717
2018-04-24 00:00:00,25.34744492438069,25.810110673835815,25.182207336812823,25.744016647338867,307060,7904957.751731873
2018-04-25 00:00:00,25.74400817805074,26.00838671838853,25.512674118764927,25.843149185180664,150440,3887843.363418579
2018-04-26 00:00:00,26.04144172341208,26.338867328730018,25.90925116475678,26.173629760742188,139520,3651744.82421875
2018-04-27 00:00:00,26.27276725571519,26.966764377072934,26.239720253998083,26.669336318969727,170640,4550855.549468994
2018-04-30 00:00:00,27.13200665797131,27.16505366547516,26.537152958926814,26.570199966430664,226640,6021870.120391846
2018-05-01 00:00:00,26.53715401482478,27.13200773753816,26.438010467043306,26.96677017211914,179440,4838917.239685059
2018-05-02 00:00:00,26.834574199888348,27.13200226188205,26.37191112714775,26.933717727661133,185040,4983815.128326416
2018-05-03 00:00:00,26.86762914566282,27.13200773753816,26.702391580243802,26.96677017211914,186640,5033077.984924316
2018-05-04 00:00:00,26.933723739541566,27.29724588697586,26.90067673001576,27.198104858398438,117500,3195777.3208618164
2018-05-07 00:00:00,27.429435604702274,27.958195304865242,27.36334158767883,27.892101287841797,212440,5925397.997589111
2018-05-08 00:00:00,27.693815103813254,28.057337218937416,27.29724346077554,27.859052658081055,349360,9732838.636627197
2018-05-09 00:00:00,27.098960600703595,27.594673294618904,26.76848547142672,27.42943572998047,610720,16751704.989013672
2018-05-10 00:00:00,27.594674776062206,27.69381832869793,27.264199629043496,27.627721786499023,244480,6754425.422363281
2018-05-11 00:00:00,27.660768654813676,27.759912206939998,27.396390051352267,27.49553108215332,198000,5444115.154266357
2018-05-14 00:00:00,27.495533470264476,27.561630017864562,26.83458312221653,26.999820709228516,330780,8931000.694198608
2018-05-15 00:00:00,26.8345822644038,26.8345822644038,26.40496606470133,26.438013076782227,297960,7877470.376358032
2018-05-16 00:00:00,26.603248162523997,26.735438719770517,26.43801059629714,26.504104614257812,201680,5345347.818603516
2018-05-17 00:00:00,26.50409878905957,26.834573848879884,26.438004785625353,26.669336318969727,249280,6648132.157592773
2018-05-18 00:00:00,26.801532606700118,26.96677017211914,26.636295041281098,26.96677017211914,166600,4492663.910675049
2018-05-21 00:00:00,27.09895550091304,27.561621099096,26.867623962483894,27.36333656311035,234920,6428195.025405884
2018-05-22 00:00:00,27.42943337951562,27.561623924163815,27.198101817374976,27.330289840698242,268540,7339276.033821106
2018-05-23 00:00:00,27.49553283307703,28.090389141065046,27.429438808334105,27.660770416259766,520900,14408495.309829712
2018-05-24 00:00:00,27.726869461510553,27.859060044236923,27.462488296057806,27.59467887878418,224120,6184519.43031311
2018-05-25 00:00:00,27.660763798185105,27.89209787208753,27.561622784791055,27.69381332397461,176460,4886850.29914856
2018-05-29 00:00:00,27.693808232348783,28.222567770543463,27.594664715857874,28.156471252441406,238800,6723765.335083008
2018-05-30 00:00:00,28.12342973226574,28.619142368632325,28.024288717787336,28.48695182800293,236860,6747419.409980774
2018-05-31 00:00:00,28.486960458343244,28.553057009344815,28.222581818313802,28.520009994506836,299060,8529194.188957214
2018-06-01 00:00:00,28.42085985148942,28.685240951661196,28.222575287023105,28.32171630859375,252940,7163694.923095703
2018-06-04 00:00:00,28.387814901118862,28.55305247036714,28.18953032228597,28.453908920288086,241340,6867066.378822327
2018-06-05 00:00:00,28.553057179282632,28.61915120935196,28.321723031388732,28.354772567749023,440820,12499350.843315125
2018-06-06 00:00:00,28.32171322490914,28.48695076419408,28.12342868203216,28.38780975341797,186100,5282971.395111084
2018-06-07 00:00:00,28.453904823176796,28.553048358980053,28.189526263242865,28.48695182800293,184480,5255272.8732299805
2018-06-08 00:00:00,28.453900917002475,28.75132896225623,28.453900917002475,28.652185440063477,171740,4920726.327476501
2018-06-11 00:00:00,28.619145161790765,28.817429731424518,28.586098153739325,28.68524169921875,168040,4820268.015136719
2018-06-12 00:00:00,28.685235698446746,28.81742370299961,28.586092173707527,28.71828269958496,255440,7335798.132781982
2018-06-13 00:00:00,28.751337340543632,28.817431360382603,27.892102476010827,28.12343406677246,199280,5604437.940826416
2018-06-14 00:00:00,28.189526263242865,28.586095363806187,28.15647673709188,28.48695182800293,157160,4477009.34928894
2018-06-15 00:00:00,28.486963198396708,28.85048796055739,28.420869162363417,28.784391403198242,499680,14382984.696350098
2018-06-18 00:00:00,28.75133544812959,29.048763560478708,28.685241432640932,29.015716552734375,396720,11511115.070800781
2018-06-19 00:00:00,29.015725498435955,29.247057145292107,28.850487887445606,29.081819534301758,248800,7235556.700134277
2018-06-20 00:00:00,29.147903442382812,29.28009398950909,28.850477863004908,29.147903442382812,335280,9772709.06616211
2018-06-21 00:00:00,29.147905497629985,29.31314306285765,28.94962092362182,29.28009605407715,238680,6988573.326187134
2018-06-22 00:00:00,29.379243529585604,29.70971870422363,29.180958929067888,29.709718704223633,436880,12979581.90750122
2018-06-25 00:00:00,29.709708819063515,29.709708819063515,29.147899696311466,29.445327758789062,239180,7042733.493347168
2018-06-26 00:00:00,29.478375604146212,29.511425128619305,29.2470440607829,29.346187591552734,216460,6352275.766067505
2018-06-27 00:00:00,29.41228301622718,29.577520561262165,28.949617385864258,28.949617385864258,189120,5474951.640014648
2018-06-28 00:00:00,28.94287712210834,29.313939121392746,28.70674488720351,29.28020668029785,349700,10239288.276100159
2018-06-29 00:00:00,29.178997485795605,29.684991661849864,28.942867899751406,29.448862075805664,241020,7097764.737510681
2018-07-02 00:00:00,29.347663645238594,29.583793242821415,28.807937012463874,29.246463775634766,202060,5909540.470504761
2018-07-03 00:00:00,29.212737645333707,29.819931846699827,29.17900520606229,29.617534637451172,120260,3561804.715499878
2018-07-05 00:00:00,29.78619607479127,30.19099044799805,29.617531323685135,30.190990447998047,144380,4358975.200881958
2018-07-06 00:00:00,30.32592696440612,30.494591738875986,30.190994630106182,30.460859298706055,183760,5597487.504730225
2018-07-09 00:00:00,30.494591316344632,30.528323756047165,30.022329439648594,30.258459091186523,186720,5649859.481506348
2018-07-10 00:00:00,30.32593407210397,30.56206378225704,30.022336892178004,30.089801788330078,159160,4789092.852630615
2018-07-11 00:00:00,29.92112643149562,30.157258632067347,29.78619668673453,29.819929122924805,149940,4471200.172691345
2018-07-12 00:00:00,29.954865220625916,30.056062541964508,29.685000549815857,29.88739776611328,140780,4207547.857513428
2018-07-13 00:00:00,29.988596678987737,30.12352900997392,29.819931908660045,29.92112922668457,102700,3072899.9715805054
2018-07-16 00:00:00,29.78619650824627,29.921126252198814,29.516331873101382,29.651264190673828,115500,3424721.014022827
2018-07-17 00:00:00,29.516335141864015,29.819932246618652,29.17900559738557,29.212738037109375,165340,4830034.107055664
2018-07-18 00:00:00,29.178994686282866,29.212727113392877,28.605535704555052,28.841665267944336,151580,4371819.621315002
2018-07-19 00:00:00,28.87541157263831,29.685003080466018,28.807946685994523,29.583803176879883,149720,4429287.011642456
2018-07-20 00:00:00,29.48259907767618,29.583796384406842,29.246466881398234,29.313934326171875,114820,3365825.9393310547
2018-07-23 00:00:00,29.17899891164527,29.347663645238594,29.010334178051945,29.246463775634766,108460,3172071.4611053467
2018-07-24 00:00:00,29.246466516538263,29.347666395626288,28.841672147425836,28.976604461669922,277080,8028837.564239502
2018-07-25 00:00:00,28.97660746366476,29.246469546490985,28.97660746366476,29.179004669189453,168580,4918996.607131958
2018-07-26 00:00:00,29.246475543950886,29.71873750276681,29.246475543950886,29.516340255737305,133340,3935708.809700012
2018-07-27 00:00:00,29.685000538597883,29.685000538597883,28.841676659660443,28.909141540527344,107240,3100216.3388061523
2018-07-30 00:00:00,28.942880762435358,29.24647534409468,28.807948407464213,29.11154556274414,97880,2849438.0796813965
2018-07-31 00:00:00,29.347667119540805,29.988593697794986,29.14526992999209,29.651264190673828,183280,5434483.700866699
2018-08-01 00:00:00,29.415134854582366,29.61753463745117,29.04407287535647,29.617534637451172,128080,3793413.836364746
2018-08-02 00:00:00,29.550072701305453,29.685005057198662,29.34767545427595,29.516340255737305,161800,4775743.853378296
2018-08-03 00:00:00,29.583796922353077,29.853661559115075,29.550064486162803,29.819929122924805,100720,3003463.2612609863
2018-08-06 00:00:00,29.853658906707803,29.95485877990723,29.651261733928635,29.954858779907227,166720,4994074.055786133
2018-08-07 00:00:00,29.954869372470927,30.224731507064543,29.7862045732422,30.15726661682129,229360,6916870.671234131
2018-08-08 00:00:00,29.651267953324954,29.887397608825903,29.17900606870283,29.718732833862305,174560,5187702.003479004
2018-08-09 00:00:00,29.819932885220886,30.08979498241071,29.685000549815857,29.88739776611328,101460,3032375.3773498535
2018-08-10 00:00:00,29.88740065659917,30.08979789247094,29.78620332547353,29.853668212890625,232060,6927842.245483398
2018-08-13 00:00:00,29.921130206559482,29.954865220625916,29.685000549815857,29.88739776611328,169420,5063522.929534912
2018-08-14 00:00:00,29.988596678987737,30.258458767339953,29.88739678734306,29.92112922668457,119920,3588141.8168640137
2018-08-15 00:00:00,29.954860825897406,30.224722883495303,29.819928510288527,30.190990447998047,139640,4215869.906158447
2018-08-16 00:00:00,30.190994578830445,30.696988901380674,30.123529698605164,30.528324127197266,186560,5695364.149169922
2018-08-17 00:00:00,30.528329187249962,30.93312368293651,30.49459674154619,30.831926345825195,124260,3831175.167732239
2018-08-20 00:00:00,30.96685399015804,31.405380864819474,30.865654094825267,31.101783752441406,233660,7267242.791595459
2018-08-21 00:00:00,31.13551783726958,31.20298271639751,30.93311805264546,31.068050384521484,184620,5735783.461990356
2018-08-22 00:00:00,31.10179122012642,31.13552624241744,30.62953179150245,30.696996688842773,150540,4621125.881538391
2018-08-23 00:00:00,30.73072643509324,30.899391237232738,30.562061632953736,30.831926345825195,145660,4490978.391532898
2018-08-24 00:00:00,30.764454044565355,31.000586274612598,30.66325672336245,30.93311882019043,98500,3046912.2037887573
2018-08-27 00:00:00,31.034313201904297,31.101778070721394,30.6632512761707,31.034313201904297,230380,7149685.075454712
2018-08-28 00:00:00,31.101778581845398,31.64150783573116,30.966848841993777,31.607772827148438,215740,6819060.909729004
2018-08-29 00:00:00,31.641507088979072,31.978836577886653,31.439107336738715,31.742704391479492,365200,11592435.64376831
2018-08-30 00:00:00,31.776443589852423,32.113773150566864,31.6077788094952,31.64151382446289,388180,12282602.836380005
2018-08-31 00:00:00,31.60778150013714,31.74271385063322,31.202987022269422,31.50658416748047,225040,7090241.701049805
2018-09-04 00:00:00,29.752464456356876,30.663255760298508,29.651267138332354,29.92112922668457,1010460,30234104.23839569
2018-09-05 00:00:00,29.75245992128085,30.224721720937005,29.55006274246243,30.05605697631836,392980,11811429.270553589
2018-09-06 00:00:00,30.089794098419027,30.19099399040476,29.7187321171716,29.78619956970215,412000,12271914.222717285
2018-09-07 00:00:00,29.58380669180059,29.58380669180059,28.84168255606363,29.010347366333008,507820,14732034.599571228
2018-09-10 00:00:00,28.875405915124222,29.179002992778862,28.50434396404409,28.538076400756836,370840,10583060.252456665
2018-09-11 00:00:00,28.470606200170604,28.571803491373732,27.930879592895508,27.930879592895508,387760,10830477.870941162
2018-09-12 00:00:00,27.829692647553703,27.93089255935671,27.39116312790156,27.424898147583008,373080,10231681.000900269
2018-09-13 00:00:00,27.45862882332097,27.661026060257292,27.188764124992215,27.59356117248535,332180,9166029.150276184
2018-09-14 00:00:00,27.694761342439985,27.762228810746823,27.053834548439195,27.627296447753906,288740,7977105.576324463
2018-09-17 00:00:00,27.59355725836628,27.762222027491696,27.424892489240865,27.728487014770508,284120,7878217.730636597
2018-09-18 00:00:00,27.72848112918965,27.863413430573605,27.45861910004133,27.492351531982422,264660,7276125.756454468
2018-09-19 00:00:00,27.52609030176602,27.593557754802074,27.087563438322476,27.18876075744629,399080,10850490.643081665
2018-09-20 00:00:00,27.18876158520555,27.998353030944877,27.0875642630008,27.96462059020996,290500,8123722.281455994
2018-09-21 00:00:00,27.930889997150675,28.167019671535737,27.795957651664743,28.032087326049805,651780,18270753.87737274
2018-09-24 00:00:00,27.930890698726973,27.998355586354325,27.59356111334921,27.661026000976562,256000,7081222.65625
2018-09-25 00:00:00,27.627292282343813,27.829689509507062,27.357427597045895,27.3574275970459,278740,7625609.368400574
2018-09-26 00:00:00,27.155031061172487,27.42489575334039,26.95263382885678,26.986366271972656,561940,15164718.662872314
2018-09-27 00:00:00,27.738477424874056,28.290486388952935,27.49697169346142,28.014480590820312,610520,17103400.690307617
2018-09-28 00:00:00,28.048983293942086,28.704492458279443,27.979980528305376,28.6354923248291,501100,14349245.203971863
2018-10-01 00:00:00,28.635492320525533,28.635492320525533,27.979980524100327,28.014480590820312,358020,10029744.341125488
2018-10-02 00:00:00,28.014483324032696,28.255989079007666,27.60047721862793,27.60047721862793,387440,10693528.893585205
2018-10-03 00:00:00,27.600471070094137,27.876476833669496,27.531470945293318,27.772974014282227,492000,13664303.215026855
2018-10-04 00:00:00,27.634977288713888,27.77298020124435,27.462474306097462,27.60047721862793,412500,11385196.852684021
2018-10-05 00:00:00,27.56597328186035,27.772976305526402,27.393470323440933,27.56597328186035,423860,11684113.435249329
2018-10-08 00:00:00,27.565977701364115,28.255989645667665,27.565977701364115,28.15248680114746,278640,7844408.9222717285
2018-10-09 00:00:00,28.083485684721825,28.462991714477543,28.083485684721825,28.46299171447754,249120,7090700.4959106445
2018-10-10 00:00:00,28.29048535508174,28.704491404964525,27.66947364807129,27.66947364807129,365900,10124260.407829285
2018-10-11 00:00:00,27.634979147445694,27.669479219852132,26.59996118213172,26.875967025756836,442760,11899603.160324097
2018-10-12 00:00:00,27.945475275632642,28.01447539627837,26.599951865553894,26.944957733154297,626360,16877243.725738525
2018-10-15 00:00:00,26.979459157741644,27.60047080369928,26.94495909567422,27.0484619140625,244600,6616053.7841796875
2018-10-16 00:00:00,27.18647147189485,27.462474668410472,26.73796265830031,27.35897445678711,383000,10478487.216949463
2018-10-17 00:00:00,27.25546825697581,27.42797122062756,27.0139651607379,27.18646812438965,222160,6039745.758514404
2018-10-18 00:00:00,27.18646857318891,27.427971673413598,26.910462773915228,27.013965606689453,189700,5124549.275588989
2018-10-19 00:00:00,27.013961971542827,27.32446516370974,26.979459277136705,27.117462158203125,197220,5348105.88684082
2018-10-22 00:00:00,27.25546722586792,27.53147301014361,26.806958484466488,26.841461181640625,160540,4309128.178100586
2018-10-23 00:00:00,26.703456147189893,27.531470801402378,26.703456147189893,27.117462158203125,234220,6351451.986694336
2018-10-24 00:00:00,27.255474042121797,27.565979969039045,27.048470968239265,27.22097396850586,244180,6646817.423629761
2018-10-25 00:00:00,27.22096693252466,27.91097875523917,26.979461215262855,27.738475799560547,224880,6237828.437805176
2018-10-26 00:00:00,27.66946946518893,27.66946946518893,26.772454737923304,26.910457611083984,239920,6456356.9900512695
2018-10-29 00:00:00,27.186470138181672,27.70397906747051,26.875964254171063,27.255470275878906,191720,5225418.761291504
2018-10-30 00:00:00,27.28997045103652,27.703979175392295,26.80696158871472,27.32447052001953,187640,5127163.648376465
2018-10-31 00:00:00,27.39347080037083,27.42797086621812,26.80695915222168,26.80695915222168,244780,6561807.461280823
2018-11-01 00:00:00,26.737958354490683,27.082964268742177,26.737958354490683,26.841461181640625,220300,5913173.89831543
2018-11-02 00:00:00,26.94496583048836,27.013968604056252,26.427456873569174,26.772462844848633,230860,6180690.772361755
2018-11-05 00:00:00,26.91046564319257,27.565977512220492,26.772462728841433,27.35897445678711,266480,7290619.513244629
2018-11-06 00:00:00,27.4624725008618,28.324987357246822,27.35897229740747,28.29048728942871,236860,6700884.8193740845
2018-11-07 00:00:00,28.53199471587219,28.946003488926696,28.22149142631487,28.808000564575195,308580,8889572.814216614
2018-11-08 00:00:00,28.8080034761036,29.325512520584503,28.77350339957563,29.222009658813477,316940,9261623.741264343
2018-11-09 00:00:00,29.222004350750716,29.291007123459686,28.842498313504596,29.01500129699707,192140,5574942.349205017
2018-11-12 00:00:00,29.01500129699707,29.429010036690993,29.01500129699707,29.01500129699707,142780,4142761.8851852417
2018-11-13 00:00:00,29.083993208511696,29.39449635709382,28.359478842658323,28.566484451293945,295460,8440253.49597931
2018-11-14 00:00:00,28.70448956488253,29.256501105588274,28.60098937513978,28.911495208740234,211540,6115937.696456909
2018-11-15 00:00:00,28.773496788216146,28.876996994018555,28.290487931245387,28.876996994018555,238620,6890629.0227127075
2018-11-16 00:00:00,28.669993897077514,28.876996940485085,28.4284907851331,28.842496871948242,324320,9354198.585510254
2018-11-19 00:00:00,28.807996403129973,29.08400221196269,28.63549343065614,29.04949951171875,223340,6487915.220947266
2018-11-20 00:00:00,28.980491638183594,29.187494623447755,28.669985844194475,28.980491638183594,238500,6911847.255706787
2018-11-21 00:00:00,29.01500352706964,29.705015514073377,28.773500384493072,29.429012298583984,237340,6984681.778945923
2018-11-23 00:00:00,29.291011412763613,29.774020363710516,29.187508554636768,29.532514572143555,80180,2367917.01839447
2018-11-26 00:00:00,29.670509896402255,29.739510029333303,29.291003900908798,29.567007064819336,247940,7330843.731651306
2018-11-27 00:00:00,29.49801449683028,29.73951765621022,29.42901434620373,29.532514572143555,164140,4847466.941871643
2018-11-28 00:00:00,29.53250932337411,30.08451832683982,29.42900911582923,30.015518188476562,301240,9041874.69909668
2018-11-29 00:00:00,29.98101666564966,30.15351963538045,29.70501086120581,29.843013763427734,199440,5951890.664978027
2018-11-30 00:00:00,29.843012319907626,30.326021138227784,29.739509490201055,30.291521072387695,287780,8717293.934211731
2018-12-03 00:00:00,30.39502902056037,30.39502902056037,29.80851985516165,30.36052894592285,186360,5657988.174362183
2018-12-04 00:00:00,30.326018028393754,30.49852097209089,29.1184974225138,29.291000366210938,333900,9780265.022277832
2018-12-06 00:00:00,28.980497673814018,30.39502143859863,28.704491881188883,30.395021438598633,277100,8422460.440635681
2018-12-07 00:00:00,30.39502143859863,30.498524268879635,30.084515579941932,30.395021438598633,288580,8771395.286750793
2018-12-10 00:00:00,30.395024213847577,30.395024213847577,29.739512370650434,30.015518188476562,275680,8274678.054199219
2018-12-11 00:00:00,30.257018875994017,30.429521840240703,29.87751288108858,30.153518676757812,248840,7503401.587524414
2018-12-12 00:00:00,30.3605212409525,30.636527032381135,29.636009328685216,29.70500946044922,242560,7205247.0947265625
2018-12-13 00:00:00,29.77401659996318,30.60202883156044,29.77401659996318,30.257022857666016,249740,7556388.888473511
2018-12-14 00:00:00,30.153522644809705,30.53302868965623,30.0500197997667,30.257022857666016,287480,8698288.931121826
2018-12-17 00:00:00,30.188020602377215,30.360523577247942,28.773496734874556,28.842496871948242,323920,9342661.586761475
2018-12-18 00:00:00,29.08400630508212,29.843018437911493,28.946003381244005,29.429012298583984,348740,10263073.749008179
2018-12-19 00:00:00,29.39450135857861,29.532504243755046,28.70448956488253,28.911495208740234,421880,12197181.59866333
2018-12-20 00:00:00,28.946001589971214,29.015001731526898,28.014483885849415,28.15248680114746,298300,8397886.812782288
2018-12-21 00:00:00,28.221491339145,28.704497624603086,27.945485491294516,28.048988342285156,1753840,49193437.7142334
2018-12-24 00:00:00,27.945482181597356,28.083485089178353,27.255470275878906,27.255470275878906,325780,8879287.10647583
2018-12-26 00:00:00,27.32447060236341,28.807997262782518,27.186470326015485,28.669994354248047,437440,12541402.330322266
2018-12-27 00:00:00,28.32498839900514,28.704494423335028,27.807479466140784,28.669994354248047,437460,12541975.73020935
2018-12-28 00:00:00,28.909742578429153,29.368068841569283,28.627695233450176,28.803974151611328,311320,8967253.232879639
2018-12-31 00:00:00,28.90972349159387,29.015491848581096,28.380887086259833,28.944978713989258,334600,9684989.877700806
2019-01-02 00:00:00,28.557173176739063,28.8744756388854,28.204615483199078,28.627683639526367,321800,9212388.595199585
2019-01-03 00:00:00,28.592422068246552,29.33279252255555,28.380888036987002,28.52191162109375,381860,10891377.17163086
2019-01-04 00:00:00,28.76870792671072,29.43856809803965,28.69819746227686,29.297544479370117,289560,8483396.979446411
2019-01-07 00:00:00,29.473821913541112,30.355216125607544,29.473821913541112,29.932147979736328,229400,6866434.746551514
2019-01-08 00:00:00,30.178949323787723,30.60202032825463,30.03792565563209,30.31997299194336,263760,7997196.0763549805
2019-01-09 00:00:00,30.31996897143919,30.672526750176857,29.89690071287495,30.425737380981445,353380,10751847.075691223
2019-01-10 00:00:00,30.42573227350088,31.060334554818375,30.355219115708756,30.81354522705078,378940,11676484.828338623
2019-01-11 00:00:00,30.848802762032477,31.06033687158313,30.56675548943018,30.884057998657227,253580,7831579.4272994995
2019-01-14 00:00:00,30.848799151092816,31.201356855676732,30.77828868609676,30.919309616088867,252080,7794139.568023682
2019-01-15 00:00:00,31.025079735370486,31.236613831969436,30.778290404305373,31.16610336303711,228160,7110858.143310547
2019-01-16 00:00:00,31.201351492396178,31.659677505493164,31.09558312328107,31.659677505493164,352860,11171433.804588318
2019-01-17 00:00:00,31.518665494929923,31.800710099902826,31.448152326334935,31.694944381713867,345140,10939193.103904724
2019-01-18 00:00:00,31.800712395261336,31.976991294768997,31.589178253812648,31.765457153320312,376620,11963506.473083496
2019-01-22 00:00:00,31.976985931396488,32.2590331992231,31.73019658939977,31.976985931396484,361260,11552005.937576294
2019-01-23 00:00:00,32.118009958822164,32.36480199364469,31.800707451080136,32.32954406738281,275220,8897737.118225098
2019-01-24 00:00:00,32.329547498224414,32.43531590863004,32.08275812701449,32.259037017822266,191560,6179541.131134033
2019-01-25 00:00:00,32.36480199408755,32.717359738294164,32.29428883136496,32.61159133911133,357260,11650817.121810913
2019-01-28 00:00:00,32.364796783244756,33.2461910018538,32.32953886265904,33.105167388916016,260200,8613964.554595947
2019-01-29 00:00:00,33.06992925605584,33.316718688941585,32.964160819217334,33.24620819091797,329180,10943986.812286377
2019-01-30 00:00:00,33.24619352812675,33.598751242360116,33.10516990447303,33.351959228515625,376480,12556345.610351562
2019-01-31 00:00:00,33.31670274155668,33.880794525146484,33.03465550486088,33.880794525146484,394900,13379525.757980347
2019-02-01 00:00:00,34.12758629073065,34.162841522620305,33.14042365900965,33.56349182128906,314400,10552361.828613281
2019-02-04 00:00:00,33.56348927600356,33.56348927600356,33.210931604239654,33.31669998168945,499240,16633029.298858643
2019-02-05 00:00:00,33.387206409743875,33.49297477442572,32.75260429105656,33.28144073486328,266320,8863513.296508789
2019-02-06 00:00:00,33.281448135198836,33.281448135198836,32.71735634100262,32.96414566040039,269700,8890430.084609985
2019-02-07 00:00:00,32.89363395266823,33.73977026710973,32.682097184256115,33.49298095703125,352920,11820342.839355469
2019-02-08 00:00:00,33.28144895962632,33.59875144228479,33.14042533513345,33.38721466064453,150520,5025443.550720215
2019-02-11 00:00:00,33.38721257282519,33.73977026710973,33.31670210988898,33.49298095703125,415600,13919682.885742188
2019-02-12 00:00:00,33.5282380856323,33.598751242360116,32.99940151428226,33.351959228515625,228940,7635597.545776367
2019-02-13 00:00:00,33.316704019243346,33.70451696722125,33.17568039548723,33.63400650024414,158400,5327626.629638672
2019-02-14 00:00:00,33.66926384299518,33.9513111081767,33.21093770952573,33.81028747558594,451940,15280221.321716309
2019-02-15 00:00:00,33.9513053894043,34.12758422799975,33.810281780567614,33.9513053894043,395520,13428420.307617188
2019-02-19 00:00:00,33.95131725813042,34.198106642516215,33.56350152580624,33.73978042602539,332940,11233322.495040894
2019-02-20 00:00:00,33.63400497487015,33.8102838241202,33.281447276370045,33.56349182128906,326460,10957137.539978027
2019-02-21 00:00:00,33.4577261256201,33.56349182128906,33.175678890899306,33.56349182128906,170840,5733986.942749023
2019-02-22 00:00:00,33.598753371600836,33.91605318267746,33.38721657781366,33.81028747558594,224660,7595819.184265137
2019-02-25 00:00:00,33.84554076779587,33.84554076779587,33.38721466064453,33.38721466064453,282480,9431220.397338867
2019-02-26 00:00:00,33.45772973247684,33.66926383642064,33.28145086422333,33.52824020385742,496740,16654818.038864136
2019-02-27 00:00:00,32.787876079116,33.28145754729977,31.906481560860197,33.069923400878906,748600,24756144.65789795
2019-02-28 00:00:00,32.99939086795815,33.45771682451632,32.40004402304457,32.752601623535156,677460,22188577.495880127
2019-03-01 00:00:00,32.15326787347072,32.505825647038606,31.518665494929923,31.694944381713867,1783020,56512719.73148346
2019-03-04 00:00:00,31.659681700604622,32.1532603157405,31.483402855255605,31.589168548583984,943720,29811330.142669678
2019-03-05 00:00:00,31.553913071002572,31.906470758946735,31.236610613892484,31.271865844726562,652360,20400514.40246582
2019-03-06 00:00:00,31.30712509155273,31.518659175319613,31.025077853329016,31.307125091552734,501340,15695514.093399048
2019-03-07 00:00:00,31.448152178033244,31.553920585525773,30.989828688437736,31.09559440612793,283140,8804406.600151062
2019-03-08 00:00:00,31.02509135572265,31.27188077922198,30.884067675236043,31.060346603393555,273000,8479474.62272644
2019-03-11 00:00:00,31.201358809643622,31.518661301600396,31.095590415724033,31.48340606689453,230740,7264481.115875244
2019-03-12 00:00:00,31.589175962288518,31.87122325696168,31.412897075568377,31.835968017578125,296080,9425993.410644531
2019-03-13 00:00:00,31.90647317185148,32.22377565295734,31.83596270485102,32.0474967956543,312640,10019329.39819336
2019-03-14 00:00:00,32.04749678353954,32.11800725051335,31.694939069066727,31.90647315979004,246500,7864945.633888245
2019-03-15 00:00:00,31.906476393638176,31.94173163069834,31.48340816931191,31.51866340637207,728980,22976475.24997711
2019-03-18 00:00:00,31.095592880161515,31.90647679167185,31.060337642661548,31.448150634765625,258480,8128717.976074219
2019-03-19 00:00:00,31.51865979078777,31.694938645669353,31.377636168922127,31.55391502380371,265580,8380088.75202179
2019-03-20 00:00:00,31.483404978343415,32.18852040728905,31.307126121107004,31.90647315979004,351740,11222782.869224548
2019-03-21 00:00:00,31.976980688335022,32.57633036174451,31.730191386802773,32.47056198120117,634080,20588933.94104004
2019-03-22 00:00:00,32.4353116778868,32.611590545701404,32.18852233886719,32.18852233886719,385320,12402881.427612305
2019-03-25 00:00:00,32.22377757446969,32.36480120668179,31.730196206628396,32.18852233886719,231220,7442630.135192871
2019-03-26 00:00:00,32.188520838086234,32.54107855727753,32.15326291432555,32.400054931640625,241240,7816189.251708984
2019-03-27 00:00:00,32.40006086098539,32.6115949932514,32.04750307727456,32.29429244995117,258380,8344199.283218384
2019-03-28 00:00:00,32.37629692702306,32.73286406181234,32.26932569842974,32.59023666381836,169700,5530563.161849976
2019-03-29 00:00:00,32.69720452815584,32.76851958594418,32.26932506299092,32.30498123168945,323660,10455830.225448608
2019-04-01 00:00:00,32.44760594071093,32.94680042233854,32.37629360921744,32.9111442565918,592540,19501169.417800903
2019-04-02 00:00:00,32.98245597339862,33.26771073483848,32.62588888179431,33.232051849365234,425400,14136914.85671997
2019-04-03 00:00:00,33.33902752653081,33.76690700555968,33.08943161716254,33.517311096191406,309280,10366233.975830078
2019-04-04 00:00:00,33.44599856259179,33.58862324118034,33.12508759498483,33.5529670715332,376560,12634705.280456543
2019-04-05 00:00:00,33.48166677206852,33.58863531947525,32.875500788527646,33.44601058959961,390240,13051971.172485352
2019-04-08 00:00:00,33.37469125191985,33.37469125191985,32.76852806600403,32.94681167602539,215420,7097402.17124939
2019-04-09 00:00:00,32.98245912133261,33.018115289817956,32.26932487006055,32.34063720703125,212920,6885968.474121094
2019-04-10 00:00:00,32.51892134310042,33.05377204098294,32.304981608025685,32.8398323059082,444860,14609127.799606323
2019-04-11 00:00:00,32.911147489566346,33.196399563952646,32.87548859992564,33.01811599731445,314080,10370329.872436523
2019-04-12 00:00:00,33.018124031877136,33.018124031877136,32.51892937973893,32.94681167602539,196140,6462187.64213562
2019-04-15 00:00:00,32.98246312082736,33.01811929363642,32.44761236751665,32.518924713134766,186580,6067380.972976685
2019-04-16 00:00:00,32.625890569453546,32.625890569453546,31.55618923930753,31.84144401550293,242220,7712634.56943512
2019-04-17 00:00:00,31.984073836245514,32.19801631305646,31.698821734483573,31.94841766357422,493280,15759515.46508789
2019-04-18 00:00:00,31.948409995854586,32.30497707777348,31.80578261900884,32.162349700927734,160800,5171705.83190918
2019-04-22 00:00:00,32.01973038054267,32.05538655059845,31.306596097861462,31.627504348754883,292320,9245352.071228027
2019-04-23 00:00:00,31.805790375387147,32.69720829757167,31.698821856959967,32.518924713134766,438780,14268653.785629272
2019-04-24 00:00:00,32.51892521339303,32.91115128150136,32.3049854528559,32.62589645385742,217700,7102657.658004761
2019-04-25 00:00:00,32.48326922927543,32.5545842967977,32.09104587927375,32.19801712036133,187260,6029400.685958862
2019-04-26 00:00:00,32.37630061364862,32.48326913403089,32.126701958640005,32.411956787109375,191340,6201703.811645508
2019-04-29 00:00:00,32.41196043451045,32.66155639721507,32.05539321899414,32.05539321899414,305980,9808309.217147827
2019-04-30 00:00:00,32.12669747572789,32.554579658725885,32.055385138757195,32.34063720703125,334260,10810181.392822266
2019-05-01 00:00:00,32.376292126391824,32.66154415969237,32.05538120858663,32.162349700927734,544560,17514329.153137207
2019-05-02 00:00:00,32.162357419993576,32.483268414818404,31.841449145560343,31.94841766357422,323620,10339146.924285889
2019-05-03 00:00:00,32.091042131035096,32.66154900261967,32.091042131035096,32.59023666381836,276460,9009896.828079224
2019-05-06 00:00:00,32.41196008216138,33.08943832835591,32.41196008216138,32.69721221923828,268580,8781817.257843018
2019-05-07 00:00:00,32.55458794927624,32.62590030440777,32.05539330217958,32.23367691040039,323580,10430173.174667358
2019-05-08 00:00:00,32.1623613467023,32.62589980919739,31.948421564162995,32.126705169677734,212900,6839775.53062439
2019-05-09 00:00:00,31.98407395982405,32.69720829757167,31.98407395982405,32.518924713134766,281700,9160581.091690063
2019-05-10 00:00:00,32.37628951147594,32.91114009115633,32.23366214614969,32.76851272583008,232720,7625888.281555176
2019-05-13 00:00:00,32.41195649681772,32.91115108197235,32.41195649681772,32.66155242919922,288140,9411099.716949463
2019-05-14 00:00:00,32.62589645385742,32.80418004103697,32.44761286667787,32.62589645385742,223780,7301023.108444214
2019-05-15 00:00:00,32.4476018339437,33.01810857485797,32.41194567270982,32.76851272583008,242960,7961437.851867676
2019-05-16 00:00:00,32.66155283364021,32.98246383666992,32.66155283364021,32.98246383666992,232700,7675019.334793091
2019-05-17 00:00:00,32.87548905887135,32.911147949009866,32.5902369805029,32.73286437988281,270320,8848347.899169922
2019-05-20 00:00:00,32.376292126391824,32.69720032380607,32.162349700927734,32.162349700927734,171120,5503621.280822754
2019-05-21 00:00:00,32.37630061364862,32.554584201344056,32.304985546335445,32.411956787109375,178260,5777755.416870117
2019-05-22 00:00:00,32.304981038545904,32.554579658725885,32.19801253308986,32.34063720703125,246860,7983609.700927734
2019-05-23 00:00:00,32.162357544260956,32.518924713134766,31.94841778701499,32.518924713134766,375660,12216059.257736206
2019-05-24 00:00:00,32.661552627215,32.76852386767939,32.55458410714226,32.62589645385742,429420,14010212.455215454
2019-05-28 00:00:00,33.053772627998406,33.16074385763118,32.73286437988281,32.73286437988281,363820,11908870.718688965
2019-05-29 00:00:00,32.625891995696584,32.87548789548529,32.233668701575205,32.34063720703125,297240,9612931.003417969
2019-05-30 00:00:00,32.411956787109375,32.80418013596101,32.37630061364862,32.411956787109375,362140,11737666.030883789
2019-05-31 00:00:00,32.198020299255724,32.732871116715835,31.805794190138087,32.69721221923828,580440,18978769.860534668
2019-06-03 00:00:00,32.732867789039496,32.83983630942177,32.126701958640005,32.411956787109375,436440,14145874.420166016
2019-06-04 00:00:00,32.51892521339303,32.73286769432181,32.16235803903393,32.62589645385742,365700,11931290.33317566
2019-06-05 00:00:00,32.69720172693513,33.3746797557317,32.48326201268122,33.33902359008789,201140,6705811.204910278
2019-06-06 00:00:00,33.3390239217671,33.659934856536125,33.053769152996615,33.481651306152344,251960,8436036.863098145
2019-06-07 00:00:00,33.65993830086598,33.94519037843445,33.51731090188607,33.5529670715332,236460,7933934.593734741
2019-06-10 00:00:00,33.55297077517182,33.73125436347815,32.91115148950406,32.98246383666992,197220,6504801.517868042
2019-06-11 00:00:00,33.05377184616001,33.160743073262545,32.69720471633998,32.87548828125,408960,13444759.6875
2019-06-12 00:00:00,32.98246065219627,33.44599902519452,32.94680448205597,33.26771545410156,225080,7487897.39440918
2019-06-13 00:00:00,33.48165854539809,33.945194244384766,33.41034347759052,33.945194244384766,279580,9490397.406845093
2019-06-14 00:00:00,33.83822206565875,34.01650563531934,33.517311096191406,33.517311096191406,175800,5892343.290710449
2019-06-17 00:00:00,33.517304592430904,34.80094550082881,33.517304592430904,34.55134963989258,765560,26451131.230316162
2019-06-18 00:00:00,34.7653039978502,35.228842472645006,34.15914081117269,34.48004913330078,827280,28524655.04699707
2019-06-19 00:00:00,34.37307022499078,34.83660583949037,34.01650311211824,34.6939811706543,251460,8724148.50517273
2019-06-20 00:00:00,34.907920645788955,35.2288315891679,34.693980923666714,34.94357681274414,409680,14315684.54864502
2019-06-21 00:00:00,34.69398790453112,34.76530025279042,34.19479330554092,34.658329010009766,473460,16409332.453079224
2019-06-24 00:00:00,34.80094496379982,34.907916171345114,34.33740941201544,34.44437789916992,301920,10399446.575317383
2019-06-25 00:00:00,34.48004185157865,34.87226788759922,33.980850024627784,34.01650619506836,282480,9608982.66998291
2019-06-26 00:00:00,33.98084856000513,33.98084856000513,32.87548828125,32.87548828125,327000,10750284.66796875
2019-06-27 00:00:00,33.06660606924467,33.53538131713867,33.06660606924467,33.53538131713867,297660,9982141.602859497
2019-06-28 00:00:00,33.60749706213065,34.25657001550608,33.60749706213065,33.93203353881836,910880,30908010.709838867
2019-07-01 00:00:00,34.22050826107092,34.22050826107092,33.0305421928044,33.60749435424805,236320,7942123.065795898
2019-07-02 00:00:00,33.715674344548326,34.18444952679416,33.53537662078069,33.96809005737305,180860,6143468.767776489
2019-07-03 00:00:00,34.076271296795746,34.47292575637471,34.076271296795746,34.436866760253906,89960,3097940.5337524414
2019-07-05 00:00:00,34.14840306177409,34.40082163867532,33.64357141022398,34.220523834228516,348800,11936118.713378906
2019-07-08 00:00:00,34.22051257878336,34.47292832153652,34.148391830050116,34.32868957519531,164880,5660114.337158203
2019-07-09 00:00:00,34.32868702076644,34.436866760253906,34.18445103628322,34.436866760253906,180960,6231695.408935547
2019-07-10 00:00:00,34.61716842651367,35.085943682739526,34.50898867473067,34.61716842651367,313040,10836558.40423584
2019-07-11 00:00:00,34.68928757442344,34.79746732978487,34.292633056640625,34.292633056640625,483240,16571571.998291016
2019-07-12 00:00:00,34.328693303054365,34.617170827063454,34.11233653561033,34.14839553833008,207420,7083060.202560425
2019-07-15 00:00:00,34.40080126836466,34.72533767442108,34.29262154930434,34.364742279052734,196420,6749922.678451538
2019-07-16 00:00:00,34.25657292207082,34.86958417917352,33.932036417847186,34.61716842651367,301260,10428768.160171509
2019-07-17 00:00:00,34.689286426952094,34.83352517895431,34.292631922290035,34.61716842651367,274000,9485104.148864746
2019-07-18 00:00:00,34.581108199001605,34.90564469170736,34.400810453179,34.76140594482422,222160,7722593.944702148
2019-07-19 00:00:00,34.65323746445038,34.9056560413516,34.18446482356439,34.220523834228516,292360,10004712.348175049
2019-07-22 00:00:00,34.32868421488146,34.72534139316436,33.9320297877234,34.1844482421875,157600,5387469.04296875
2019-07-23 00:00:00,34.184456236632506,34.797467517316385,34.14839448390071,34.653228759765625,149280,5173033.9892578125
2019-07-24 00:00:00,34.65322894267316,35.08594521760941,34.61716994087651,35.013824462890625,271600,9509754.724121094
2019-07-25 00:00:00,34.86958171433929,35.085941202611444,34.653224977192316,34.905643463134766,213520,7453052.992248535
2019-07-26 00:00:00,34.97776412963867,35.122002882460194,34.79746637639311,34.97776412963867,150640,5269050.3884887695
2019-07-29 00:00:00,35.15806446571954,35.48260099562822,35.08594645957343,35.122005462646484,156020,5479735.2922821045
2019-07-30 00:00:00,34.977756906886995,35.554709047909654,34.977756906886995,35.51865005493164,198260,7041927.559890747
2019-07-31 00:00:00,35.518656537015396,35.91531103441182,35.37441778765525,35.59077453613281,380380,13538018.8180542
2019-08-01 00:00:00,35.6268283639242,35.69894634700361,35.23017120361328,35.23017120361328,226980,7996544.259796143
2019-08-02 00:00:00,35.01382427807979,35.12200403402422,34.508990002214865,34.653228759765625,243220,8428358.298950195
2019-08-05 00:00:00,34.36474827945078,34.40080727505894,33.24690015772283,33.715675354003906,263960,8899589.666442871
2019-08-06 00:00:00,33.82385545450532,34.436866639789784,33.71567571539628,34.256568908691406,315020,10791504.337615967
2019-08-07 00:00:00,34.32868900599699,35.87925068898618,34.040214269222986,35.55471420288086,332480,11821231.378173828
2019-08-08 00:00:00,36.275907155858164,37.105277915592524,35.95137065200014,36.92498016357422,652620,24097980.554351807
2019-08-09 00:00:00,36.7446674547127,37.03314208984375,36.60042876158505,37.03314208984375,303380,11235114.647216797
2019-08-12 00:00:00,36.96103420534241,37.14133193317334,36.816795472852654,36.997093200683594,183440,6786746.776733398
2019-08-13 00:00:00,36.88892505481358,37.28557960087193,36.81680429572301,37.105281829833984,167940,6231461.030502319
2019-08-14 00:00:00,36.528316925758126,37.14132803560463,36.42013719996182,37.069210052490234,506200,18764434.128570557
2019-08-15 00:00:00,37.213452749929274,37.9346437160219,36.92497801416735,37.501930236816406,312120,11705102.465515137
2019-08-16 00:00:00,37.537988242238,38.151002197881255,36.92497703771988,38.00676345825195,493220,18745695.87287903
2019-08-19 00:00:00,38.223122976565534,38.47553872596065,38.00676622692325,38.25918197631836,259660,9934379.191970825
2019-08-20 00:00:00,38.25918177103749,38.25918177103749,37.82646827407466,37.89858627319336,238860,9052456.317214966
2019-08-21 00:00:00,38.006772342682375,38.042831348237534,37.68223579043434,37.86253356933594,376500,14255243.88885498
2019-08-22 00:00:00,37.970704654073444,38.259179383672794,37.826465913711196,38.11494064331055,184600,7036018.042755127
2019-08-23 00:00:00,38.07888245946547,38.40341894443219,37.46587123873682,37.501930236816406,379760,14241733.026733398
2019-08-26 00:00:00,37.61010883672955,37.68222683069231,37.03315388052699,37.57404708862305,287960,10819822.599639893
2019-08-27 00:00:00,37.790410211958346,37.89858721331987,37.17739619974147,37.21345520019531,400660,14909942.960510254
2019-08-28 00:00:00,37.177397442190035,37.429815956053396,37.06922043721329,37.32163619995117,201060,7503888.174362183
2019-08-29 00:00:00,37.50191632657474,37.64615501651717,37.32161865192774,37.5379753112793,150220,5638954.651260376
2019-08-30 00:00:00,37.57405071965974,37.826469225172566,37.429814717795715,37.46587371826172,140940,5280440.241851807
2019-09-03 00:00:00,37.32164023263114,37.97071333712721,37.28558122707597,37.86253356933594,185900,7038644.990539551
2019-09-04 00:00:00,38.07888391849372,38.25918166692516,37.682229422169634,37.71828842163086,287660,10850042.847366333
2019-09-05 00:00:00,36.52832611125587,36.63650311312991,35.23018007976423,35.33835983276367,2515040,88877388.51379395
2019-09-06 00:00:00,35.48259510257663,36.16772705167836,35.3383563631144,35.879249572753906,530540,19035377.068328857
2019-09-09 00:00:00,35.77106983037596,36.23984504584691,35.69895183620741,35.879249572753906,666320,23907061.575317383
2019-09-10 00:00:00,35.807127904801746,36.167723340897936,35.59076844224415,36.05954360961914,618160,22290567.477722168
2019-09-11 00:00:00,36.16772861320754,36.31196460777197,35.73501237613848,36.27590560913086,444480,16123914.525146484
2019-09-12 00:00:00,36.564372858623315,36.74467055245171,36.20377747096653,36.38407516479492,482660,17561137.719039917
2019-09-13 00:00:00,36.384091751856296,36.78074630888382,36.31197099077128,36.42015075683594,571780,20824313.799743652
2019-09-16 00:00:00,36.52831678450078,36.997089175181,36.49225504195832,36.888912200927734,290920,10731722.337493896
2019-09-17 00:00:00,36.99710206676095,37.321638604854385,36.92498405879604,37.105281829833984,302280,11216184.591522217
2019-09-18 00:00:00,37.28557960087193,37.28557960087193,36.60044752070261,37.105281829833984,426000,15806850.059509277
2019-09-19 00:00:00,37.285586037147425,37.68224065167669,37.2134652656073,37.42982482910156,462320,17304556.614990234
2019-09-20 00:00:00,37.61011121559138,37.9707067104633,37.35769271850586,37.35769271850586,1713120,63998210.54992676
2019-09-23 00:00:00,37.64617147171714,37.75434847311516,37.10527821135088,37.46587371826172,337320,12637988.522644043
2019-09-24 00:00:00,37.64615584785519,37.71827381885689,36.9970831043429,37.03314208984375,452360,16752312.155761719
2019-09-25 00:00:00,37.06921394249097,37.177390928514534,36.70861848682909,36.997093200683594,376960,13946424.252929688
2019-09-26 00:00:00,37.2134652656073,37.46588383930856,36.78075164087103,37.42982482910156,315700,11816595.698547363
2019-09-27 00:00:00,37.58642242583115,37.58642242583115,37.00368773293032,37.14937210083008,150500,5590980.501174927
2019-09-30 00:00:00,37.076536339185225,37.586427528002275,37.076536339185225,37.33148193359375,285440,10655898.203125
2019-10-01 00:00:00,37.44073271717331,37.65925783228415,36.894418540047425,37.04010009765625,171000,6333857.116699219
2019-10-02 00:00:00,36.89441620686705,37.04009775526306,36.530206778482174,37.00367736816406,268720,9943628.182373047
2019-10-03 00:00:00,37.003687677861656,37.84137070801498,36.96726728061547,37.69568634033203,232000,8745399.230957031
2019-10-04 00:00:00,37.7685245806536,38.02347290153193,37.62284300152084,37.87778854370117,175680,6654369.891357422
2019-10-07 00:00:00,37.62284428905244,37.95063063201667,37.513580322265625,37.513580322265625,245440,9207333.154296875
2019-10-08 00:00:00,37.295056013011695,37.95063149250266,37.22221244060282,37.586421966552734,246240,9255280.545043945
2019-10-09 00:00:00,37.76852798461914,37.95063275364565,37.55000281752698,37.76852798461914,264960,10007149.174804688
2019-10-10 00:00:00,37.80494941432486,38.31484052107718,37.73210584286158,38.169158935546875,381260,14552373.535766602
2019-10-11 00:00:00,38.38768409254046,38.56978885315147,38.096315364083594,38.169158935546875,486320,18562425.373535156
2019-10-14 00:00:00,38.16915556322006,38.16915556322006,37.87778686050625,38.13273239135742,142340,5427813.128585815
2019-10-15 00:00:00,38.13273660955518,38.314841374221054,37.987055020781035,38.242000579833984,278660,10656515.881576538
2019-10-16 00:00:00,38.20557595638482,38.387680700906486,37.87778686050625,38.13273239135742,216360,8250397.980194092
2019-10-17 00:00:00,38.0598899160608,38.569783733833695,38.0598899160608,38.533363342285156,345720,13321754.374694824
2019-10-18 00:00:00,38.4241090693944,38.89758261490423,38.38768866867021,38.7883186340332,202140,7840670.728683472
2019-10-21 00:00:00,38.86115072938526,39.18893981986501,38.78830994425546,38.93399429321289,268420,10450662.748184204
2019-10-22 00:00:00,39.07967629430236,39.18893746543275,38.71546683313905,38.8975715637207,234460,9119924.628829956
2019-10-23 00:00:00,39.006839752197266,39.07968332475312,38.64263022551252,39.006839752197266,208660,8139167.182693481
2019-10-24 00:00:00,39.07967864217032,39.07967864217032,38.71546915912567,38.93399429321289,227300,8849696.90284729
2019-10-25 00:00:00,38.824732467580965,38.89757603540636,38.460522964547934,38.64262771606445,239640,9260319.305877686
2019-10-28 00:00:00,38.533366728322164,39.043257812202896,38.533366728322164,38.97041702270508,302900,11804139.316177368
2019-10-29 00:00:00,38.97041575113932,39.55315038420182,38.97041575113932,39.334625244140625,370640,14578985.500488281
2019-10-30 00:00:00,39.334631149295674,39.62599989891794,39.116105976428145,39.589576721191406,256880,10169770.468139648
2019-10-31 00:00:00,39.58958770694176,39.80811571914715,39.44390607040363,39.62601089477539,400860,15884482.727279663
2019-11-01 00:00:00,39.626008946025,39.69884976071186,39.00685090639085,39.22537612915039,381040,14946437.320251465
2019-11-04 00:00:00,39.1889434366977,39.22536383262391,38.9339978865161,39.152523040771484,296020,11589929.870529175
2019-11-05 00:00:00,39.00683244390524,39.07967600281317,37.91420406856505,38.023468017578125,408040,15515095.889892578
2019-11-06 00:00:00,37.98706297739026,38.82474340309137,37.58643018825193,38.35127258300781,378040,14498315.087280273
2019-11-07 00:00:00,38.46050910356805,39.043243542666644,38.3876683406921,38.8247184753418,308880,11992179.042663574
2019-11-08 00:00:00,38.71546854570654,39.15251880695624,38.679045375020905,39.04325485229492,348540,13608136.046218872
2019-11-11 00:00:00,39.00683594036188,39.66241413580913,39.00683594036188,39.55315017700195,604100,23894058.02192688
2019-11-12 00:00:00,39.625996523906565,39.66241691983278,39.043259074294745,39.152523040771484,379040,14840372.333374023
2019-11-13 00:00:00,39.11609673203927,39.625990534024794,39.11609673203927,39.443885803222656,464560,18324051.588745117
2019-11-14 00:00:00,39.480326479538164,39.698851713044455,39.44390607040363,39.62601089477539,305500,12105746.328353882
2019-11-15 00:00:00,39.69882670807965,39.84451103155519,39.407458061128565,39.77166748046875,285520,11355606.499023438
2019-11-18 00:00:00,39.73525427510496,40.02662297471128,39.62599309677598,39.80809783935547,542540,21597485.401763916
2019-11-19 00:00:00,39.88093653150328,40.281566388408976,39.62599101675358,39.95377731323242,603260,24102515.70198059
2019-11-20 00:00:00,39.95378260882661,40.28157172744932,39.88094181744293,39.917362213134766,295520,11796378.881225586
2019-11-21 00:00:00,39.8445078015974,39.91734856808173,39.407454866600055,39.66240310668945,408480,16201298.421020508
2019-11-22 00:00:00,39.88092818483956,39.95376895132389,39.44387802853935,39.66240310668945,252280,10006031.055755615
2019-11-25 00:00:00,39.80809849082715,40.2815691620636,39.77167531875689,40.099464416503906,282560,11330504.665527344
2019-11-26 00:00:00,40.17230672140528,40.645777377784995,40.17230672140528,40.46367263793945,293580,11879325.013046265
2019-11-27 00:00:00,40.46368066405394,40.682205839474264,40.31799628754093,40.57294464111328,197060,7995304.470977783
2019-11-29 00:00:00,40.5365244853132,40.75504966204702,40.28157613020843,40.35441970825195,107880,4353434.798126221
2019-12-02 00:00:00,40.317988895619756,40.317988895619756,39.80809783935547,39.80809783935547,243380,9688494.852142334
2019-12-03 00:00:00,39.5895678471913,40.13588204625299,39.516727065462156,39.95377731323242,233340,9322814.398269653
2019-12-04 00:00:00,39.99020237962472,40.35441186294116,39.91735881574273,40.0266227722168,204760,8195851.278839111
2019-12-05 00:00:00,39.7716805735349,40.17231328965757,39.69883977716619,40.06304931640625,257720,10325049.069824219
2019-12-06 00:00:00,40.135889031875244,40.42725776689974,40.063048237468216,40.20873260498047,287340,11553577.226715088
2019-12-09 00:00:00,40.2815592797886,40.60934829711914,40.17229812647657,40.60934829711914,381080,15475410.449066162
2019-12-10 00:00:00,40.609355504134896,40.718619455535425,40.39083038003156,40.500091552734375,509660,20641276.6607666
2019-12-11 00:00:00,40.390835953149455,40.46367674500189,39.079682248919056,39.152523040771484,470520,18422045.1411438
2019-12-12 00:00:00,39.11610765278899,39.334632835021644,38.42410892680355,38.46052932739258,358540,13789638.185043335
2019-12-13 00:00:00,38.53337206096039,38.642633260327784,37.80495295038419,38.38768768310547,586560,22516682.087402344
2019-12-16 00:00:00,38.56979492993613,38.86116092560044,38.35126973851325,38.75189971923828,486380,18848148.985443115
2019-12-17 00:00:00,38.82473527102515,38.93399924130395,38.13273660955518,38.242000579833984,486520,18605498.12210083
2019-12-18 00:00:00,38.351261780856824,38.824732467580965,38.31483860759513,38.64262771606445,425840,16455576.586608887
2019-12-19 00:00:00,38.64261774234128,38.86114283201981,38.533356586850644,38.606197357177734,559400,21596306.801605225
2019-12-20 00:00:00,38.71547148076471,38.97041702270508,38.533366728322164,38.97041702270508,1622220,63218589.90257263
2019-12-23 00:00:00,39.04325482836921,39.22535956689462,38.46052022082745,38.49694061279297,298660,11497496.283416748
2019-12-24 00:00:00,38.569786071777344,38.71547042550008,38.46052211181082,38.569786071777344,99780,3848493.2542419434
2019-12-26 00:00:00,38.751895740731136,38.89758011295572,38.35126580113724,38.42410659790039,221480,8510171.129302979
2019-12-27 00:00:00,38.606216815185064,38.8975856007414,38.606216815185064,38.71548080444336,244540,9467483.67591858
2019-12-30 00:00:00,38.66029736402807,38.954572876131934,38.58672988921174,38.73386764526367,237960,9217111.144866943
2019-12-31 00:00:00,38.73386590454872,39.101708874937906,38.69707936237449,39.06492233276367,279760,10928802.671813965
2020-01-02 00:00:00,39.101709586263624,39.17527705911212,38.25566961640995,38.80743408203125,420520,16319302.180175781
2020-01-03 00:00:00,38.58672506568983,39.46954868522504,38.43958732803081,39.432762145996094,296160,11678406.837158203
2020-01-06 00:00:00,39.17528075496623,39.76382901253629,39.02814298896885,39.50634002685547,297040,11734963.241577148
2020-01-07 00:00:00,39.28562896098466,39.54311790851903,38.84421572838698,39.02813720703125,202480,7902417.2216796875
2020-01-08 00:00:00,37.59354104130752,38.69706967625492,37.336052149053835,38.66028594970703,559960,21648213.72039795
2020-01-09 00:00:00,38.73386764526367,38.99135661354009,38.51315960797614,38.73386764526367,315780,12231380.725021362
2020-01-10 00:00:00,38.80742990966697,39.39597804843501,38.77064617719751,39.322410583496094,240820,9469622.91671753
2020-01-13 00:00:00,39.39597597992491,39.83738916563845,39.13848705973942,39.543113708496094,326320,12903708.865356445
2020-01-14 00:00:00,39.50633066858554,39.69025213091004,38.99135001279319,39.21205520629883,337920,13250537.6953125
2020-01-15 00:00:00,39.359194323280775,40.05809646600599,39.359194323280775,39.9477424621582,430760,17207889.542999268
2020-01-16 00:00:00,40.13165942983692,40.53628605453151,40.058091973135575,40.2787971496582,612440,24668346.52633667
2020-01-17 00:00:00,40.42593975130222,40.42593975130222,40.09488054333038,40.13166427612305,256040,10275311.321258545
2020-01-21 00:00:00,40.16844594021288,40.425937669338374,39.947740748404435,40.35236740112305,276500,11157429.586410522
2020-01-22 00:00:00,40.46273612695987,40.64665765480969,39.94775528769642,39.98453903198242,283700,11343613.723373413
2020-01-23 00:00:00,40.02130896511553,40.904129687095654,39.874171242645964,40.64664077758789,364260,14805945.369644165
2020-01-24 00:00:00,40.64664495447713,40.940920429656295,40.05809681053772,40.13166427612305,413760,16604877.410888672
2020-01-27 00:00:00,39.87417328660788,40.3891539384401,39.54311409568582,40.35236740112305,431940,17429801.57524109
2020-01-28 00:00:00,40.46272176373636,41.271975076443574,40.131662569840216,41.235191345214844,325300,13413807.744598389
2020-01-29 00:00:00,41.34554497452669,41.45589616722322,40.977702052700685,41.124839782714844,413360,16999363.772583008
2020-01-30 00:00:00,40.94091351232262,41.3455401175145,40.90412697932645,41.198402404785156,274140,11294130.035247803
2020-01-31 00:00:00,41.124840495206605,41.345545690842194,40.425938370344895,40.720211029052734,364600,14846588.941192627
2020-02-03 00:00:00,40.79378059178768,41.271974706310225,40.60985913087468,41.124839782714844,343200,14114045.013427734
2020-02-04 00:00:00,41.27197645108546,41.60303565600816,41.051271249943284,41.34554672241211,193220,7988786.537704468
2020-02-05 00:00:00,41.492690078947454,41.492690078947454,40.90413905428892,40.94092559814453,427860,17516984.42642212
2020-02-06 00:00:00,40.97770067585466,41.49268131039153,40.83056295078432,41.01448440551758,185840,7622131.781921387
2020-02-07 00:00:00,41.05126740956522,41.27197259006025,40.573073319562425,40.64664077758789,268160,10899803.190917969
2020-02-10 00:00:00,40.756992073015546,41.23518613136288,40.64663808686392,41.198402404785156,272460,11224916.719207764
2020-02-11 00:00:00,41.308762643447444,41.603035307028925,41.01448717344709,41.161624908447266,328080,13504305.899963379
2020-02-12 00:00:00,41.27198791503906,41.71340124635191,40.573088385028164,41.27198791503906,490140,20229052.156677246
2020-02-13 00:00:00,41.198403877124456,42.118011106524555,41.16162014923216,41.93408966064453,243800,10223531.059265137
2020-02-14 00:00:00,42.007658208254725,42.55942256023575,41.934090750558035,42.48585510253906,373200,15855721.124267578
2020-02-18 00:00:00,42.48585648318654,42.7065616698674,42.22836756646198,42.59621047973633,252880,10771729.706115723
2020-02-19 00:00:00,42.59621116610419,42.59621116610419,42.154797979211104,42.26515197753906,303380,12822401.8069458
2020-02-20 00:00:00,42.154797347418054,43.295109818568655,41.89730843040359,43.22154235839844,377960,16336014.149780273
2020-02-21 00:00:00,43.1111945848517,43.479037551638555,43.00084337866712,43.18476486206055,440400,19018570.445251465
2020-02-24 00:00:00,42.48585517052283,43.25832470324861,42.41228771270843,43.11118698120117,550240,23721499.524536133
2020-02-25 00:00:00,43.221547988824966,43.479036939382254,42.118019104003906,42.118019104003906,560420,23603780.26626587
2020-02-26 00:00:00,42.228374591120684,42.52264728684098,41.455902099609375,41.455902099609375,374960,15544305.051269531
2020-02-27 00:00:00,40.86735310338804,41.16162859977871,38.80743304791073,38.88100051879883,528360,20543165.43411255
2020-02-28 00:00:00,38.182099803528395,38.770647969504104,37.15213840825664,38.14531326293945,1087240,41473110.39199829
2020-03-02 00:00:00,38.32923332318182,39.506332418035065,36.71072662818934,39.432762145996094,573740,22624152.9536438
2020-03-03 00:00:00,39.54311374812741,40.94091796132639,38.95456563967159,40.1684455871582,829980,33339006.468429565
2020-03-04 00:00:00,40.79378197415626,41.38233010773809,40.49950650415591,41.161624908447266,342100,14081391.88117981
2020-03-05 00:00:00,40.389147446065564,41.08804664004427,40.09487203334525,40.97769546508789,522360,21405109.00314331
2020-03-06 00:00:00,39.874173960426646,40.94091901301589,39.469547300870396,40.79378128051758,564300,23019930.77659607
2020-03-09 00:00:00,38.880993429351115,38.954563693243756,37.15213292094394,37.22570037841797,533360,19854699.553833008
2020-03-10 00:00:00,37.99817727950005,38.292449951171875,36.12217601790453,38.292449951171875,523880,20060648.680419922
2020-03-11 00:00:00,37.37283584102937,37.44640610047554,35.75432661665339,36.122169494628906,447980,16182009.490203857
2020-03-12 00:00:00,33.76797012542707,34.57722316196987,31.78161844632821,32.18624496459961,486140,15647021.127090454
2020-03-13 00:00:00,33.694416136709464,35.90147399902344,31.19308557660515,35.90147399902344,605100,21723981.916809082
2020-03-16 00:00:00,32.25982703259713,32.99551296544011,31.303435881185074,31.818416595458984,494500,15734207.006454468
2020-03-17 00:00:00,32.112695730853424,35.827909551513244,30.494185933871293,34.65081024169922,757320,26241751.612243652
2020-03-18 00:00:00,32.37017822265625,33.84154996004971,30.86202275311172,32.37017822265625,594540,19245365.760498047
2020-03-19 00:00:00,32.112688317965564,35.055431703569056,30.714884087236396,34.54045104980469,721280,24913336.533203125
2020-03-20 00:00:00,34.761153506401044,36.158957627109466,31.56092144901409,31.92876434326172,1062160,33913456.33483887
2020-03-23 00:00:00,31.744842131898753,32.22303619905728,28.912450230529096,29.86884117126465,1008620,30126310.58216095
2020-03-24 00:00:00,31.26665214582675,32.62766999901862,29.46422104907762,31.818416595458984,866860,27582112.609939575
2020-03-25 00:00:00,31.81841317254144,36.490017220971325,31.81841317254144,34.02547073364258,866880,29496000.069580078
2020-03-26 00:00:00,34.50367139203025,36.30609968335941,33.951906942092144,35.42327880859375,668680,23686838.07373047
2020-03-27 00:00:00,34.13583239945883,36.894654970328254,33.62085162494598,35.60720443725586,354880,12636284.71069336
2020-03-30 00:00:00,36.07204011696667,37.2620444292467,34.73328455635311,37.001731872558594,588720,21783659.588012695
2020-03-31 00:00:00,36.44391964933982,38.22892909357296,34.24984636831826,36.92736053466797,938780,34666667.522735596
2020-04-01 00:00:00,34.919229542945615,35.514231812150044,32.46484340923072,34.621726989746094,473760,16402389.37866211
2020-04-02 00:00:00,33.84077536627419,35.8860969543457,33.431711616098625,35.8860969543457,339140,12170410.921096802
2020-04-03 00:00:00,35.700172061011905,35.99767462973158,34.10110071923451,35.142356872558594,471360,16564701.335449219
2020-04-06 00:00:00,36.66704553444915,38.30330373726639,36.146417537571715,37.931427001953125,393400,14922223.38256836
2020-04-07 00:00:00,39.41893494101299,39.93956295106902,37.113300258586214,37.782676696777344,448500,16945530.49850464
2020-04-08 00:00:00,38.45205546586227,39.60487279189644,37.7826761992905,38.266117095947266,337920,12930886.2890625
2020-04-09 00:00:00,39.34454848810168,40.46017837524414,38.63798232547274,40.46017837524414,453880,18364065.76095581
2020-04-13 00:00:00,39.8651735515094,40.16267599001656,38.303292842330606,38.71235656738281,244520,9465945.427856445
2020-04-14 00:00:00,39.71643687420481,40.23706203923451,39.418934348021246,39.53049850463867,286620,11330231.481399536
2020-04-15 00:00:00,38.37767699611555,38.898304980060125,37.038921349682546,37.857051849365234,325840,12335341.774597168
2020-04-16 00:00:00,38.005802176174384,38.71236855859369,37.07611031435804,37.782676696777344,360340,13614609.720916748
2020-04-17 00:00:00,38.82392007301228,39.084232574666515,37.78266439200839,38.154541015625,292260,11151046.157226562
2020-04-20 00:00:00,37.15048551949851,37.44798519817943,36.592670430128244,36.8157958984375,270200,9947628.051757812
2020-04-21 00:00:00,35.737345453414484,37.262039149092274,35.32828170635854,37.03891372680664,219160,8117448.332366943
2020-04-22 00:00:00,38.080176822147344,38.37767649682072,37.559548844976156,37.96861267089844,349900,13285217.573547363
2020-04-23 00:00:00,37.74549386552515,38.377683268296444,37.410804189918984,37.89424514770508,270240,10240540.80871582
2020-04-24 00:00:00,38.22892567392187,38.22892567392187,37.224856887408755,37.70829772949219,174120,6565768.80065918
2020-04-27 00:00:00,38.04298317608586,39.38173857490665,38.04298317608586,38.86111068725586,238780,9279256.009902954
2020-04-28 00:00:00,39.381750610815715,40.683319309133175,39.0842480591796,39.1958122253418,210380,8246014.975967407
2020-04-29 00:00:00,40.460188383616476,41.38988018620698,39.97674751139172,40.49737548828125,313260,12686207.845458984
2020-04-30 00:00:00,39.38173857490665,39.4932998697787,38.00579324060144,38.86111068725586,376420,14628099.28489685
2020-05-01 00:00:00,37.559556032936236,38.04299699794104,36.592676940121386,37.410804748535156,280620,10498220.028533936
2020-05-04 00:00:00,36.7414188203251,37.07610557806889,36.25797797906002,36.66704177856445,217600,7978748.291015625
2020-05-05 00:00:00,37.41079278401431,38.0429848312359,36.964541910723426,37.07610321044922,172120,6381538.8845825195
2020-05-06 00:00:00,37.22486021724396,37.633924054032384,36.92736053466797,36.92736053466797,182320,6732596.372680664
2020-05-07 00:00:00,37.33642526472047,38.45205548475876,36.70423310438215,38.042991638183594,286300,10891708.506011963
2020-05-08 00:00:00,38.82393073815245,39.08424331131593,37.819861876248474,38.52642822265625,250060,9633918.641357422
2020-05-11 00:00:00,37.52235648643922,37.9314202550847,36.704226111954426,37.33641815185547,322380,12036514.483795166
2020-05-12 00:00:00,35.700165284508685,36.07204200622232,34.398596758510976,34.77047348022461,1952960,67905343.88793945
2020-05-13 00:00:00,34.73329256683808,34.80766678956061,32.092967939461886,32.31609344482422,1408500,45517217.61703491
2020-05-14 00:00:00,31.60952044217904,32.50202511622057,31.237643731094582,32.39046096801758,859760,27848022.721862793
2020-05-15 00:00:00,32.353273862911344,32.76233767764726,31.721084588973497,32.61358642578125,624720,20374359.711914062
2020-05-18 00:00:00,33.84078169137141,35.142350217962615,33.617656225680335,34.324222564697266,449980,15445213.669662476
2020-05-19 00:00:00,34.06391924154928,34.435796095359194,33.61766815185547,33.61766815185547,339280,11405802.450561523
2020-05-20 00:00:00,34.24984502794932,34.73328589435799,33.84078120716962,34.43578338623047,391360,13476788.186035156
2020-05-21 00:00:00,34.17547081951453,34.84484720701017,34.13828371529714,34.43578338623047,343240,11819738.289489746
2020-05-22 00:00:00,34.472970490447864,34.65890884872901,34.13828371529714,34.43578338623047,259840,8947793.955078125
2020-05-26 00:00:00,35.58860450559456,35.848919937778874,35.17954064038435,35.2539176940918,403540,14226365.946273804
2020-05-27 00:00:00,35.96048117554932,36.332357931603376,35.328291825135224,35.92329406738281,456520,16399702.207641602
2020-05-28 00:00:00,35.923294095990364,35.9976711495771,35.40266606966119,35.70016860961914,480520,17154645.02029419
2020-05-29 00:00:00,35.2911009647796,36.25797986028161,34.95641135247663,36.14641571044922,1046120,37813488.40301514
2020-06-01 00:00:00,36.146419553576344,36.44392209329739,35.51423020316225,35.92329406738281,591980,21265871.622009277
2020-06-02 00:00:00,36.36954261363371,37.410795677580225,36.034853014181806,37.001731872558594,337740,12496964.92263794
2020-06-03 00:00:00,37.67111438071472,39.12143137708724,37.4107989639649,38.97268295288086,409180,15946842.41065979
2020-06-04 00:00:00,38.67517469579265,38.89830013621421,38.080172575603854,38.452049255371094,373340,14355688.069000244
2020-06-05 00:00:00,39.79080725059392,40.38580940839763,39.53049469317795,39.75362014770508,425380,16910394.938430786
2020-06-08 00:00:00,39.53049563291586,40.23705911618285,39.158618920798844,39.82799530029297,383860,15288374.275970459
2020-06-09 00:00:00,39.084246653159624,39.38174919409336,38.749557003907796,39.00987243652344,507040,19779565.720214844
2020-06-10 00:00:00,38.82393711483624,39.084249730755076,37.37361707867268,37.89424514770508,278200,10542179.000091553
2020-06-11 00:00:00,35.997667776504294,36.89016963835949,35.88610362517528,36.25798034667969,474680,17210938.110961914
2020-06-12 00:00:00,37.48517135791742,38.11736059386491,36.555479636115834,38.08017349243164,548740,20896114.40223694
2020-06-15 00:00:00,36.92736445499457,39.4933119023467,36.70423612288169,39.41893768310547,948580,37392015.907440186
2020-06-16 00:00:00,40.75769090693152,41.427070186461364,40.05112452013768,40.86925506591797,605160,24732438.395690918
2020-06-17 00:00:00,41.203944705682886,41.31550602747492,40.423001267166605,40.86925506591797,485020,19822406.092071533
2020-06-18 00:00:00,40.423001267166605,41.389883079197354,40.27425283811057,40.86925506591797,601060,24564874.449920654
2020-06-19 00:00:00,41.16675583679448,41.315507106931385,39.45612332320635,39.67924880981445,3358000,133242917.50335693
2020-06-22 00:00:00,39.381752431389984,39.97675472497391,38.452060461041754,39.7164421081543,565480,22458853.68331909
2020-06-23 00:00:00,40.199876866084516,40.31144102806737,39.41893624378799,39.45612335205078,506540,19986104.722747803
2020-06-24 00:00:00,38.898294882151404,39.34454853991215,37.70829080250981,38.71235656738281,413420,16004462.452087402
2020-06-25 00:00:00,38.563614368574626,39.232993593194,38.48924016014767,39.121429443359375,390440,15274570.911865234
2020-06-26 00:00:00,38.89830158582295,39.19580407560122,38.22892523961286,38.41486358642578,708260,27207711.283721924
2020-06-29 00:00:00,38.95961746703867,39.26017497703073,38.3209363412166,38.88447952270508,330860,12865318.894882202
2020-06-30 00:00:00,38.84691945493985,39.97400607626501,38.84691945493985,39.63587951660156,341640,13541201.878051758
2020-07-01 00:00:00,39.823718637524216,40.91323604143924,39.74858069228685,40.61267852783203,216940,8810514.47982788
2020-07-02 00:00:00,41.32649860844634,41.51434632939383,40.49996978280892,40.650245666503906,210380,8551998.683319092
2020-07-06 00:00:00,41.55192295957332,41.55192295957332,40.499977248159766,40.57511520385742,170720,6926983.667602539
2020-07-07 00:00:00,39.86129044187723,40.2369859274111,39.4480259810558,39.598304748535156,259440,10273384.183959961
2020-07-08 00:00:00,39.52317085278642,39.7861594585112,39.072337337729074,39.1850471496582,266420,10439680.261611938
2020-07-09 00:00:00,39.109897468212125,39.29774520136043,38.358506535618886,39.034759521484375,270940,10576077.744750977
2020-07-10 00:00:00,39.22261690099185,39.67345042489362,38.99720013904096,39.07233810424805,276100,10787872.550582886
2020-07-13 00:00:00,39.297749801042116,39.44802857841622,38.80934735748786,38.922054290771484,421120,16390855.502929688
2020-07-14 00:00:00,38.95961702715538,39.26017453375392,38.80934114018493,39.147464752197266,249980,9786083.238754272
2020-07-15 00:00:00,40.01156079598021,40.274546434023335,39.07232227964264,39.260169982910156,439220,17243851.8598938
2020-07-16 00:00:00,38.99719035237799,39.29774500410932,38.24579942355629,38.43364715576172,362860,13946033.206939697
2020-07-17 00:00:00,38.54635489856055,39.52316255362564,38.283369214387676,39.372886657714844,211760,8337602.478637695
2020-07-20 00:00:00,39.26017453375392,39.297743505496534,38.99718886522681,39.147464752197266,144380,5652110.960922241
2020-07-21 00:00:00,39.74858622586611,40.875672759306596,39.598307448141526,40.57511520385742,634720,25753837.122192383
2020-07-22 00:00:00,40.2745528701688,41.77733473646359,40.16184594999405,41.551918029785156,652800,27125092.08984375
2020-07-23 00:00:00,41.1762255923663,41.589490062733645,40.76296112199896,41.13865661621094,297240,12228054.292602539
2020-07-24 00:00:00,41.06352955959891,41.326515328795644,40.612693127123194,40.800540924072266,205080,8367374.93270874
2020-07-27 00:00:00,40.800533230944005,41.9651887791611,40.42483770788498,41.852481842041016,343020,14356238.32145691
2020-07-28 00:00:00,41.55191440137191,43.05469613644018,41.36406668448837,42.60386276245117,422160,17985646.703796387
2020-07-29 00:00:00,42.71657819171393,43.655816963443165,42.71657819171393,43.618247985839844,301800,13163987.242126465
2020-07-30 00:00:00,42.97956676759567,43.95637451692822,42.904425946059774,43.618247985839844,301180,13136943.928375244
2020-07-31 00:00:00,43.50553908067051,43.84366273010051,43.09227174678205,43.5806770324707,648320,28254224.533691406
2020-08-03 00:00:00,43.80609484759561,43.80609484759561,42.566301413972525,43.129844665527344,223820,9653321.83303833
2020-08-04 00:00:00,42.86685563066207,44.10665191718464,42.75414870136949,43.91880416870117,305280,13407532.536621094
2020-08-05 00:00:00,44.332066216470366,44.93317840546179,43.88123279130905,44.67019271850586,279260,12474598.018569946
2020-08-06 00:00:00,44.06908261797052,45.3840168477236,43.91880384701863,44.782901763916016,226760,10154970.803985596
2020-08-07 00:00:00,44.74533006801164,44.97074677757344,44.51991335844984,44.85803985595703,238860,10714791.399993896
2020-08-10 00:00:00,44.933180534867915,45.008321353508435,44.67019483544896,44.782901763916016,225220,10086005.135269165
2020-08-11 00:00:00,45.08346040812027,45.08346040812027,43.65581634866477,43.806095123291016,258240,11312486.004638672
2020-08-12 00:00:00,44.18179109991041,44.369638853622895,43.80609559248544,44.06908416748047,257800,11361009.898376465
2020-08-13 00:00:00,43.80609560252487,44.40720784127674,43.50554091631357,43.54310989379883,200900,8747810.777664185
2020-08-14 00:00:00,43.39283187025171,44.06908494203411,43.317693913977806,43.43040084838867,184660,8019857.820663452
2020-08-17 00:00:00,42.41602336154476,44.14422212243377,42.19060663035563,44.06908416748047,195500,8615505.954742432
2020-08-18 00:00:00,43.88123321533203,44.18178787956749,43.768523424788086,43.88123321533203,205300,9008817.179107666
2020-08-19 00:00:00,43.88123254280275,43.95637049112778,42.94199385709489,43.01713180541992,250220,10763746.720352173
2020-08-20 00:00:00,42.82928165637008,43.9187990437014,42.82928165637008,43.24254608154297,270500,11697108.715057373
2020-08-21 00:00:00,43.28012314802928,44.03151419480986,43.28012314802928,43.50554275512695,463240,20153507.62588501
2020-08-24 00:00:00,43.76852614621676,43.843664100365274,43.092273093563264,43.806095123291016,296980,13009534.129714966
2020-08-25 00:00:00,44.03151185206577,44.18179062669202,43.505540440367746,43.806095123291016,287340,12587243.37272644
2020-08-26 00:00:00,43.76852662503962,44.06908417758017,43.392831117528544,43.54310989379883,301440,13125635.046386719
2020-08-27 00:00:00,43.73095778497906,44.256932070413285,43.392831253890684,43.618247985839844,309320,13491996.46697998
2020-08-28 00:00:00,44.069087584130294,44.069087584130294,43.1674177231386,43.28012466430664,209540,9068917.322158813
2020-08-31 00:00:00,43.24255373802659,43.65581823637168,42.679010458557094,42.71657943725586,545900,23318980.714797974
2020-09-01 00:00:00,42.34088391760953,43.09227495690219,42.265745960212,42.71657943725586,467680,19977689.87121582
2020-09-02 00:00:00,42.71658381260262,43.20498918470066,42.265750289381074,43.054710388183594,657240,28297277.855529785
2020-09-03 00:00:00,43.16741501763713,43.80609624321535,42.56630277009364,42.829288482666016,280580,12017041.76246643
2020-09-04 00:00:00,43.054695606905504,43.35525309675404,41.589482859969024,42.34087371826172,243920,10327785.917358398
2020-09-08 00:00:00,42.115468192481785,42.115468192481785,41.36407713510894,41.664634704589844,269780,11240285.150604248
2020-09-09 00:00:00,41.965181192611,42.754143941468165,41.92761222036277,42.378448486328125,279520,11845623.920898438
2020-09-10 00:00:00,42.22817935536546,42.37845814493777,41.70220502502715,41.890052795410156,290480,12168222.536010742
2020-09-11 00:00:00,41.96518894724611,41.96518894724611,40.913243198265064,41.40164566040039,329480,13641014.21218872
2020-09-14 00:00:00,41.702197468325004,42.679005124047,41.66462849432204,42.416019439697266,359080,15230744.260406494
2020-09-15 00:00:00,42.56630065793791,42.90442430980191,42.15303332107453,42.19060516357422,336260,14187012.892303467
2020-09-16 00:00:00,42.37845742288006,42.37845742288006,41.21379897328565,41.47678756713867,536700,22260591.887283325
2020-09-17 00:00:00,41.10109643748612,41.551929980506905,40.49998409134849,40.68783187866211,448760,18259071.43386841
2020-09-18 00:00:00,40.95081528458972,41.326510837659356,39.82372862538083,39.861297607421875,992480,39561540.64941406
2020-09-21 00:00:00,39.22260705775872,39.56073354899427,38.24579942355629,38.43364715576172,774840,29779927.16217041
2020-09-22 00:00:00,38.54635876685691,39.63587631952195,38.433651833613176,39.448028564453125,395680,15608795.942382812
2020-09-23 00:00:00,39.260180208978554,39.823723465566765,38.546358177367644,38.583927154541016,390720,15075512.017822266
2020-09-24 00:00:00,38.65906267623999,39.52316049810295,38.58392186586354,38.80934143066406,238720,9264565.986328125
2020-09-25 00:00:00,38.54634813722791,39.29773895029796,38.54634813722791,39.260169982910156,266640,10468331.724243164
2020-09-28 00:00:00,39.86129000446743,40.575111992414605,39.63587328888649,40.387264251708984,810000,32713684.043884277
2020-09-29 00:00:00,40.48211534257768,40.48211534257768,39.68537323498563,39.988895416259766,292720,11705549.466247559
2020-09-30 00:00:00,40.10271847673077,40.292419137253816,39.305976281454456,39.647438049316406,405780,16088137.411651611
2020-10-01 00:00:00,39.72331839963686,40.29242039902766,39.230098403592976,40.2165412902832,411960,16567606.349945068
2020-10-02 00:00:00,39.571557170078954,41.12710193775655,39.3059745204838,41.05121994018555,379280,15569906.698913574
2020-10-05 00:00:00,41.354730594047595,41.54443119310286,40.671807279608075,41.12709045410156,267000,10980933.151245117
2020-10-06 00:00:00,41.35473590563612,41.81001624400424,40.55799386619101,40.709754943847656,530880,21611994.704589844
2020-10-07 00:00:00,41.01328337163705,41.202984037458315,40.63388203999452,40.67182159423828,418080,17004075.17211914
2020-10-08 00:00:00,41.0132774603978,41.84796200646984,41.0132774603978,41.43061828613281,190660,7899161.682434082
2020-10-09 00:00:00,41.81001328993334,42.03765633763516,41.43061206989909,41.54443359375,214760,8922082.55859375
2020-10-12 00:00:00,41.65826082293601,42.075601643210554,41.39267819577803,41.77207946777344,295360,12337801.391601562
2020-10-13 00:00:00,41.46855938429056,41.92383974403204,40.78563595007641,40.861515045166016,288200,11776288.636016846
2020-10-14 00:00:00,40.74769608963432,40.78563563688779,39.68537139892578,39.68537139892578,158120,6275050.9255981445
2020-10-15 00:00:00,39.38185526808254,40.747699340384365,39.30597327292001,40.48211669921875,269720,10918836.516113281
2020-10-16 00:00:00,40.40623383725424,40.55799491884975,39.95095348706959,40.026832580566406,240200,9614445.18585205
2020-10-19 00:00:00,40.330359256085195,40.330359256085195,39.23009490966797,39.23009490966797,325900,12785087.931060791
2020-10-20 00:00:00,39.571553171544416,40.178594617762336,39.26803100113448,39.95095443725586,224980,8988165.729293823
2020-10-21 00:00:00,39.837139957356,40.25448084465543,39.68537884526463,40.2165412902832,428480,17231983.612060547
2020-10-22 00:00:00,40.21653695265528,40.67181734522184,40.10271540721257,40.48211669921875,324160,13122682.94921875
2020-10-23 00:00:00,40.78563211795454,41.05121182041684,40.33035180099013,40.93739318847656,265780,10880340.3616333
2020-10-26 00:00:00,40.44418012008222,40.59594122695392,39.7612594810631,40.102718353271484,378840,15192513.82095337
2020-10-27 00:00:00,40.06477174440483,40.368293904695,39.30596923828125,39.30596923828125,194280,7636363.703613281
2020-10-28 00:00:00,38.585105470577254,38.88862762451172,37.78836343475152,37.94012451171875,356700,13533242.413330078
2020-10-29 00:00:00,37.75042673595761,38.12982800968583,37.44690455913423,38.01600646972656,275060,10456682.739562988
2020-10-30 00:00:00,37.9780683967969,38.12982949110481,37.257205369785936,37.6745491027832,237480,8946951.920928955
2020-11-02 00:00:00,38.167766089708785,38.47128825485475,37.59866420101153,38.05394744873047,328880,12515182.236938477
2020-11-03 00:00:00,38.66098875676964,39.19215109672033,38.28158749889084,39.04039001464844,292220,11408382.770080566
2020-11-04 00:00:00,38.8127531988715,39.04039339438527,38.35746991324183,38.85069274902344,297620,11562743.175964355
2020-11-05 00:00:00,38.926571975261865,39.19215461638892,37.978068745384135,38.31953048706055,242780,9303215.61164856
2020-11-06 00:00:00,38.43335078092701,38.43335078092701,37.25720449849742,37.29514694213867,347680,12966776.688842773
2020-11-09 00:00:00,39.30597091851783,40.86151554364663,37.750426293389026,37.8263053894043,710100,26860459.45701599
2020-11-10 00:00:00,38.12982824574346,39.305971622661914,37.33308614490206,39.26803207397461,436840,17153847.13119507
2020-11-11 00:00:00,39.457730318426336,39.64743094495723,38.73686735868856,39.30596923828125,317680,12486720.307617188
2020-11-12 00:00:00,39.002449063240974,39.53360848946189,38.660987364526264,38.92656707763672,297200,11568975.735473633
2020-11-13 00:00:00,39.230101177734625,40.48212392816922,39.230101177734625,40.292423248291016,422080,17006626.004638672
2020-11-16 00:00:00,41.43061774405718,41.84796145893371,40.67181520006637,41.77207946777344,451860,18875131.828308105
2020-11-17 00:00:00,41.316801587798984,41.582381336351276,40.33035880011626,41.202980041503906,360240,14842961.530151367
2020-11-18 00:00:00,41.16503880314345,41.24091790116096,39.95095586725101,39.988895416259766,378580,15138996.026687622
2020-11-19 00:00:00,39.68537139892578,39.761253388034625,39.078329959064575,39.68537139892578,324240,12867584.822387695
2020-11-20 00:00:00,39.34391413578286,39.495675236568786,38.73687262724142,38.888633728027344,286440,11139260.245056152
2020-11-23 00:00:00,39.19215578694108,39.87507639608855,39.040394686707565,39.419795989990234,370620,14609764.78981018
2020-11-24 00:00:00,39.83713870983945,40.5580017987475,39.57155894294814,39.647438049316406,418500,16592452.823638916
2020-11-25 00:00:00,40.52005296258626,40.52005296258626,39.4956678936828,40.06476974487305,354600,14206967.351531982
2020-11-27 00:00:00,40.17858694992252,40.25446603074297,39.07832291041766,39.343902587890625,124360,4892807.725830078
2020-11-30 00:00:00,39.078327691990054,39.30596785690654,38.66098690720954,38.73686599731445,530660,20556105.310134888
2020-12-01 00:00:00,39.07833423811538,39.79919729327291,38.39541073436568,39.419795989990234,308400,12157065.083312988
2020-12-02 00:00:00,39.38185862214222,39.38185862214222,38.54717397187922,38.585113525390625,361280,13940029.814453125
2020-12-03 00:00:00,38.58511096437405,39.495674661222864,38.58511096437405,39.23009490966797,314660,12344141.664276123
2020-12-04 00:00:00,39.495669278667876,40.178592681884766,39.495669278667876,40.178592681884766,295540,11874381.281204224
2020-12-07 00:00:00,39.95095972021928,40.292418588831254,39.83713816761374,39.91301727294922,476240,19008175.346069336
2020-12-08 00:00:00,39.799193383885836,40.140655102219654,39.609492750878374,39.87507247924805,336860,13432316.915359497
2020-12-09 00:00:00,39.988892958568464,40.63387393588333,39.79919233058152,40.5579948425293,512940,20803817.874526978
2020-12-10 00:00:00,40.861511243901326,40.97533277054907,40.292409399865925,40.40623092651367,306860,12399056.022109985
2020-12-11 00:00:00,40.17859313634572,40.63387348057213,40.14065359009383,40.36829376220703,297660,12016026.321258545
2020-12-14 00:00:00,40.74770116457407,41.46856423057778,40.67181916601447,40.785640716552734,584300,23831049.870681763
2020-12-15 00:00:00,41.20297191459607,41.99971389770508,40.67180962765621,41.99971389770508,388040,16297568.980865479
2020-12-16 00:00:00,42.075599670410156,42.41706137811629,41.772077509204294,42.075599670410156,509760,21448457.68798828
2020-12-17 00:00:00,42.22736263335338,42.53088191348716,41.96178000680909,42.30324172973633,353520,14955042.016296387
2020-12-18 00:00:00,42.45499663765729,42.45499663765729,40.52005101550916,40.823570251464844,1076520,43947389.84710693
2020-12-21 00:00:00,40.026829697156735,40.44417047052903,39.87506862649363,40.40623092651367,978640,39543153.83392334
2020-12-22 00:00:00,40.29241869062312,41.27886443009036,40.17860003233236,41.165042877197266,319300,13143998.190689087
2020-12-23 00:00:00,41.392678916723646,41.69620109744728,40.36829662233495,40.444175720214844,336380,13604611.82876587
2020-12-24 00:00:00,40.59593010084769,40.899452231404936,40.17858934228265,40.823570251464844,114320,4666950.551147461
2020-12-28 00:00:00,41.013277426658256,41.54443979288495,40.633876150010906,41.506500244140625,276240,11465755.627441406
2020-12-29 00:00:00,41.69620008159796,41.81001872564481,40.48211428288438,40.5959358215332,427760,17365317.507019043
2020-12-30 00:00:00,40.741579967147146,41.20150254686087,40.39663657030362,40.51161575317383,280680,11370800.30960083
2020-12-31 00:00:00,40.39664059075445,40.779910420032735,40.05169715958064,40.70325469970703,348740,14194853.04397583
2021-01-04 00:00:00,40.9715360641298,41.086515232427146,38.97853164836554,39.01686096191406,465440,18160007.76611328
2021-01-05 00:00:00,39.01686453359636,39.43846070417923,38.78690032771812,38.82522964477539,441820,17153762.961654663
2021-01-06 00:00:00,39.09351728767365,39.70674834657859,38.4802862287687,39.3618049621582,579680,22817251.100463867
2021-01-07 00:00:00,39.20849130946686,39.20849130946686,38.250317063625694,38.671913146972656,399700,15457163.68484497
2021-01-08 00:00:00,38.63359850994996,39.13184751482913,38.365307885061206,39.09352111816406,311580,12180759.309997559
2021-01-11 00:00:00,39.093509230319626,39.24681769447736,38.28864344863619,38.671913146972656,227340,8791672.734832764
2021-01-12 00:00:00,38.67191671143916,38.82522518972763,38.25032058923285,38.74856948852539,279980,10848824.485397339
2021-01-13 00:00:00,38.94020488277013,39.47678310198931,38.748570013343,39.131839752197266,249040,9745393.371887207
2021-01-14 00:00:00,39.40013083954921,39.5534363978046,38.978531781998626,39.246822357177734,327900,12869033.05091858
2021-01-15 00:00:00,39.01686881330339,39.40013863298567,38.786904582200684,39.20850372314453,314440,12328721.910705566
2021-01-19 00:00:00,39.55343998106248,39.55343998106248,38.97853531317427,39.32347869873047,317920,12501720.34790039
2021-01-20 00:00:00,39.2085039833982,40.05169642264941,39.055195469684335,39.89838790893555,205540,8200714.650802612
2021-01-21 00:00:00,39.82173071192526,39.82173071192526,38.90188265544612,39.285152435302734,308280,12110826.792755127
2021-01-22 00:00:00,38.94020233230178,40.12833786010742,38.90187594574983,40.12833786010742,321800,12913299.123382568
2021-01-25 00:00:00,39.860061730992946,40.703254174886496,39.591774023604096,40.090023040771484,213060,8541580.309066772
2021-01-26 00:00:00,40.166672375229204,40.89488258641911,40.166672375229204,40.779903411865234,200480,8175555.036010742
2021-01-27 00:00:00,40.43496655322656,41.201506203524694,39.97504393269436,40.319984436035156,398800,16079609.79309082
2021-01-28 00:00:00,40.43495517401925,40.58826364575814,39.86005059808533,40.01335906982422,376020,15045823.277435303
2021-01-29 00:00:00,39.86005710508765,40.43496177487257,39.01686475904965,39.285152435302734,351560,13811088.19015503
2021-02-01 00:00:00,39.32348034050363,40.66492462158203,39.1701718378428,40.66492462158203,300720,12228756.132202148
2021-02-02 00:00:00,41.048195247894945,41.43146505025459,40.16667645693767,41.20150375366211,229220,9444208.690414429
2021-02-03 00:00:00,40.85656378265531,41.16318081997541,40.09002411347184,41.04819869995117,254380,10441840.78529358
2021-02-04 00:00:00,40.933216192904545,41.73808219561721,40.81823408218136,41.163177490234375,370560,15253427.05078125
2021-02-05 00:00:00,41.54644833743271,41.96804454714693,41.35481343082473,41.89139175415039,182840,7659422.068328857
2021-02-08 00:00:00,42.08303015566972,42.312991477873794,41.6231045871447,42.23633575439453,274320,11586271.624145508
2021-02-09 00:00:00,42.42796782843346,42.84956696897239,42.083027330344024,42.4662971496582,337460,14330676.636123657
2021-02-10 00:00:00,42.84955914672204,43.079520411507445,42.42796008314663,42.77290344238281,221800,9487029.983520508
2021-02-11 00:00:00,42.88788579353685,43.232829154837674,42.3896339467561,42.96453857421875,209420,8997633.66821289
2021-02-12 00:00:00,42.772907127094605,43.156176909459454,42.61959862932538,42.81123352050781,292560,12524854.478759766
2021-02-16 00:00:00,42.88789680088004,43.11785812606233,41.58477872602456,42.083030700683594,312720,13160205.360717773
2021-02-17 00:00:00,41.69975662231445,42.159679226042826,41.661427301906585,41.69975662231445,191660,7992175.354232788
2021-02-18 00:00:00,41.699755765686405,42.696256669371394,41.43146514892578,41.43146514892578,214300,8878762.981414795
2021-02-19 00:00:00,41.35480891304821,41.89138717775575,41.16317402737525,41.853057861328125,277740,11624268.290405273
2021-02-22 00:00:00,41.50812941213953,42.3513219833374,41.278165143524525,42.15968704223633,292800,12344356.365966797
2021-02-23 00:00:00,42.42796351640629,42.619598406587194,42.04469373604447,42.35131072998047,339760,14389281.333618164
2021-02-24 00:00:00,42.581272235912174,42.92621562486382,42.27465816449012,42.81123352050781,757420,32426084.493103027
2021-02-25 00:00:00,42.887889138858846,43.23283252706578,42.00636747167626,42.312984466552734,388140,16423361.790847778
2021-02-26 00:00:00,42.38964298152583,42.42796938003553,41.086524963378906,41.086524963378906,423000,17379600.059509277
2021-03-01 00:00:00,41.8147349521982,42.083025568958824,41.35481235791791,41.43146514892578,323480,13402250.346374512
2021-03-02 00:00:00,41.35481516395016,41.43146796015912,40.31998487042875,40.70325469970703,362000,14734578.201293945
2021-03-03 00:00:00,40.89488258641911,41.35480805698331,40.58826853015921,40.779903411865234,864060,35236283.342056274
2021-03-04 00:00:00,40.97154609484227,41.776412166436494,40.35831494144271,40.74158477783203,384040,15646398.218078613
2021-03-05 00:00:00,41.201496900549756,41.546440250121755,40.51161020140576,41.508113861083984,347680,14431541.02722168
2021-03-08 00:00:00,41.661435025726675,42.58128332783526,41.35482087443524,42.15968704223633,343740,14491970.823898315
2021-03-09 00:00:00,42.427963646544136,42.92621553218931,42.23632875577543,42.312984466552734,329520,13942974.641418457
2021-03-10 00:00:00,42.5046194879308,42.811233559633074,42.23632888556038,42.274658203125,341600,14441023.2421875
2021-03-11 00:00:00,42.50461959838867,42.69625449024424,42.23632899532104,42.50461959838867,227140,9654499.295578003
2021-03-12 00:00:00,42.427961697390685,43.96104075311018,42.427961697390685,43.8843879699707,442600,19423230.115509033
2021-03-15 00:00:00,43.8460593240187,45.03419494628906,43.577768748592426,45.03419494628906,491220,22121697.241516113
2021-03-16 00:00:00,44.880893011982856,45.07252791205462,44.07602701650477,44.30598831176758,394620,17484029.10758972
2021-03-17 00:00:00,44.152683228429254,44.459300261951476,43.271164374257154,43.65443420410156,313320,13677807.324829102
2021-03-18 00:00:00,43.53944358815914,43.92271334320299,43.07952105175298,43.38613510131836,407900,17697204.50782776
2021-03-19 00:00:00,43.42446766411869,43.65442894952209,42.50461959838867,42.50461959838867,731420,31088728.866653442
2021-03-22 00:00:00,42.542945731930544,42.657927835987714,42.236328737189,42.58127212524414,215100,9159231.634140015
2021-03-23 00:00:00,42.35130742847117,43.19449970988931,42.23632533367955,42.73457717895508,398220,17017763.32420349
2021-03-24 00:00:00,42.92621553218931,43.577772991156344,42.312984466552734,42.312984466552734,224540,9500957.532119751
2021-03-25 00:00:00,42.044694103465474,42.73458088379208,41.31648385370742,42.50461959838867,241860,10280167.296066284
2021-03-26 00:00:00,42.77290210923305,44.191001892089844,42.77290210923305,44.191001892089844,379440,16767833.75793457
2021-03-29 00:00:00,44.152670452132796,44.6125958693292,43.15616976771443,43.194496154785156,374240,16165108.240966797
2021-03-30 00:00:00,43.302869744263546,43.92203439637361,43.18677508031356,43.573753356933594,248680,10835920.984802246
2021-03-31 00:00:00,43.496335919612456,43.92201120868633,42.993263244628906,42.993263244628906,577980,24849246.290130615
2021-04-01 00:00:00,43.41894528341696,44.46378801256127,43.03196715093585,44.42509078979492,308980,13726464.552230835
2021-04-05 00:00:00,44.73467638620877,44.88946824650614,43.88332558318697,44.34769821166992,325500,14435175.76789856
2021-04-06 00:00:00,44.115509033203125,44.85076810757164,44.115509033203125,44.50248718261719,332100,14779275.993347168
2021-04-07 00:00:00,44.46379284499524,44.73467638620877,43.960720037131075,44.34769821166992,328700,14577088.402175903
2021-04-08 00:00:00,44.30900668018839,44.69598490446951,44.19291203194024,44.27030944824219,311620,13795513.83026123
2021-04-09 00:00:00,44.270302830758055,44.50248914013782,44.076813747540065,44.19290542602539,176040,7779719.07119751
2021-04-12 00:00:00,44.15421093398503,44.96686454333999,44.07681647686905,44.850772857666016,201580,9041018.792648315
2021-04-13 00:00:00,45.08295823787821,45.31514455677599,44.65728282783073,44.889469146728516,290480,13039492.9977417
2021-04-14 00:00:00,44.81206892227603,45.08295243404927,44.386390614619735,44.42509078979492,181580,8066707.985610962
2021-04-15 00:00:00,44.657277112261795,45.23774431141838,44.386390647876745,45.19904708862305,133120,6016897.1484375
2021-04-16 00:00:00,45.3925390498627,45.3925390498627,44.77337163601528,45.04425811767578,213920,9635867.696533203
2021-04-19 00:00:00,45.005563733557814,45.586031006377176,44.92816632573637,45.46993637084961,470540,21395423.859939575
2021-04-20 00:00:00,45.46992972267023,46.359980591822186,45.16034604146726,46.2051887512207,562820,26005204.332962036
2021-04-21 00:00:00,46.35998820719115,46.94045549049116,46.089101703538915,46.5921745300293,474400,22103327.5970459
2021-04-22 00:00:00,46.66956517762528,46.82435703101955,45.74081700966871,46.01170349121094,559360,25737106.46484375
2021-04-23 00:00:00,46.127796164975805,46.47607710454609,45.779518177814616,46.321285247802734,461580,21380978.844680786
2021-04-26 00:00:00,46.70826527434237,46.94045454491253,46.43738172855615,46.6308708190918,455900,21259014.00642395
2021-04-27 00:00:00,46.78566268200216,46.90175436487802,46.32128709327107,46.6308708190918,484360,22586128.589935303
2021-04-28 00:00:00,46.82436276757141,47.21134097226208,46.66957089521326,46.863059997558594,463920,21740710.794067383
2021-04-29 00:00:00,47.056544304744264,47.75310618317013,47.017847078700406,47.48221969604492,474660,22537910.400924683
2021-04-30 00:00:00,47.3274374120978,47.637018216162375,47.13394830240388,47.36613464355469,572840,27133216.569213867
2021-05-03 00:00:00,47.63701148542086,47.75310611579774,47.21133609472077,47.327430725097656,399340,18899736.185760498
2021-05-04 00:00:00,47.327430748327714,47.67570873481113,46.66956609655095,46.74696350097656,233580,10919155.734558105
2021-05-05 00:00:00,46.70826621524373,46.90175530967707,45.70212351467224,46.5921745300293,510880,23803010.123901367
2021-05-06 00:00:00,46.74696540735808,47.48222158872665,46.70826522736251,47.21133804321289,479520,22638780.818481445
2021-05-07 00:00:00,47.48222327557633,48.99143882433453,46.82436152600935,48.87534713745117,294800,14408452.336120605
2021-05-10 00:00:00,49.10752963827883,49.33971594636815,48.52706239185096,48.681854248046875,483660,23545465.62561035
2021-05-11 00:00:00,46.55347542761314,47.32743177419085,46.24389170801839,46.6695671081543,1343340,62693096.27906799
2021-05-12 00:00:00,46.708267229734524,47.366131936542075,45.77952191820984,45.9730110168457,1685680,77495785.21087646
2021-05-13 00:00:00,46.398686425660394,46.94045649211599,46.01170822853631,46.70826721191406,982680,45899280.02380371
2021-05-14 00:00:00,46.90174865722656,47.211332345372874,46.669562367321255,46.90174865722656,532940,24995817.929382324
2021-05-17 00:00:00,46.86305619479873,47.05654528144316,46.398683567815766,46.6695671081543,335680,15666040.286865234
2021-05-18 00:00:00,46.59217359146651,46.86305713725273,46.43738172855615,46.6308708190918,568420,26505919.59098816
2021-05-19 00:00:00,46.20519823054821,46.90175722754578,45.89561448583191,46.863059997558594,373880,17521160.871887207
2021-05-20 00:00:00,46.86305330356117,47.056542378268205,46.66956422885414,46.82435607910156,668500,31302082.038879395
2021-05-21 00:00:00,46.86305713725273,46.94045454491253,46.12779800273542,46.6308708190918,484520,22593589.529266357
2021-05-24 00:00:00,46.82435701141663,47.28872961899599,46.66956515808716,46.979148864746094,591780,27801320.715179443
2021-05-25 00:00:00,47.13394358804016,47.63701345148132,46.63087077218978,47.21133804321289,892680,42144617.24441528
2021-05-26 00:00:00,47.40482522826816,48.140084332494546,47.40482522826816,47.869197845458984,867320,41517912.67532349
2021-05-27 00:00:00,48.02399158503352,48.29487808269066,47.791805267333984,47.791805267333984,475920,22745075.96282959
2021-05-28 00:00:00,48.140080424266976,48.29487226823359,47.907894134521484,47.907894134521484,275160,13182336.150054932
2021-06-01 00:00:00,47.98529242982191,49.18492415008564,47.94659520382807,49.03013229370117,507640,24889656.357574463
2021-06-02 00:00:00,49.22361942450516,49.30101682583336,48.52706052700523,48.565757751464844,455280,22111018.189086914
2021-06-03 00:00:00,48.44966788718059,48.5270652961152,47.830503377750055,48.33357620239258,791340,38248292.19200134
2021-06-04 00:00:00,48.52706239185096,48.797945925887,48.37227053565505,48.681854248046875,355480,17305425.548095703
2021-06-07 00:00:00,48.95273404766454,49.68799014178933,48.9140368246699,49.41710662841797,493840,24404143.93737793
2021-06-08 00:00:00,49.57190337452368,50.229765048528186,49.53320319759837,49.8814811706543,241740,12058349.25819397
2021-06-09 00:00:00,50.19107050112006,50.384559597812746,49.958887127980006,50.03628158569336,231560,11586401.363983154
2021-06-10 00:00:00,49.99758322734592,50.42326161751758,49.72669966306343,50.34586715698242,371760,18716579.574279785
2021-06-11 00:00:00,50.38455582414423,50.38455582414423,49.726694125624896,50.19106674194336,302440,15179786.22543335
2021-06-14 00:00:00,50.074973969343304,50.38455769331329,49.920185059767505,50.30716323852539,265400,13351521.123504639
2021-06-15 00:00:00,50.345873187110534,50.42326765691554,49.57191667942133,49.61061096191406,410160,20348288.192138672
2021-06-16 00:00:00,49.68799297303608,49.920182229051925,48.87534238661677,48.914039611816406,253400,12394817.637634277
2021-06-17 00:00:00,48.72055539250943,48.87534726115501,48.17878532845458,48.449668884277344,317780,15396335.778045654
2021-06-18 00:00:00,49.72669219970703,49.72669219970703,47.520917929010466,47.59831237792969,751640,35776795.51574707
2021-06-21 00:00:00,47.7918070789042,48.60446069786119,47.52092352338831,48.29487991333008,321900,15546121.844100952
2021-06-22 00:00:00,48.333570510871105,48.37226773457699,47.946592368994494,48.02398681640625,447260,21479208.34350586
2021-06-23 00:00:00,47.907897972163894,48.14008428050857,47.2887305466993,47.327430725097656,317720,15036871.289978027
2021-06-24 00:00:00,47.44351577758789,47.52091317116698,46.979143225748075,47.44351577758789,283460,13448338.982315063
2021-06-25 00:00:00,47.25002672225319,47.791796667672095,47.25002672225319,47.44351577758789,611080,28991783.62136841
2021-06-28 00:00:00,47.44352436114029,47.52092176872223,46.63087077218978,47.21133804321289,396900,18738180.069351196
2021-06-29 00:00:00,46.93022537231445,47.32065986951766,46.81309681042078,46.93022537231445,294540,13822828.581161499
2021-06-30 00:00:00,46.9302243372215,47.24257311960643,46.65692138671875,46.65692138671875,378420,17655912.19116211
2021-07-01 00:00:00,46.81309612583515,47.35970500968191,46.656921733481965,47.08639907836914,421800,19861043.131256104
2021-07-02 00:00:00,47.320669953084035,47.476844381000305,47.008324076030945,47.242584228515625,438500,20715873.1842041
2021-07-06 00:00:00,47.08639874300505,47.78918201419955,46.7350071074078,47.67205047607422,545260,25993662.24258423
2021-07-07 00:00:00,47.593972244527144,48.10153537229983,47.437797828758924,47.86727523803711,379440,18162758.9163208
2021-07-08 00:00:00,47.47683556514814,47.750141507947006,47.0083153471771,47.16448974609375,380100,17927222.552490234
2021-07-09 00:00:00,47.47684068800617,48.02344965380533,47.08640613797523,47.86727523803711,435060,20825136.765060425
2021-07-12 00:00:00,47.984399163013926,48.88239669799805,47.71109323419191,48.88239669799805,335080,16379513.485565186
2021-07-13 00:00:00,48.88239507862234,48.92144090914536,48.25770051437635,48.57004928588867,373980,18164227.031936646
2021-07-14 00:00:00,48.687180856675795,49.116661188800755,48.29674635749225,48.921443939208984,323500,15826087.114334106
2021-07-15 00:00:00,48.999525524475736,49.54613437309413,48.68717675989991,49.5070915222168,314520,15570970.425567627
2021-07-16 00:00:00,49.78039254959666,50.05369547404385,49.116655173780096,49.23378372192383,300000,14770135.116577148
2021-07-19 00:00:00,48.57005391873703,49.03857414191659,47.71109620453592,48.21866226196289,307320,14818559.286346436
2021-07-20 00:00:00,48.531009656772575,50.01466195180778,48.21866086451921,49.546138763427734,470040,23288667.064361572
2021-07-21 00:00:00,49.66327158537255,50.327009102357,49.624228727687424,49.78040313720703,306860,15275614.50668335
2021-07-22 00:00:00,49.54613437309413,49.70230875538204,49.038568375353066,49.5070915222168,371120,18373071.805725098
2021-07-23 00:00:00,49.624224688212074,50.28796512994631,49.50709612469111,50.170833587646484,287360,14417090.739746094
2021-07-26 00:00:00,50.28796851503594,50.52222565784668,49.62422802862261,49.93657684326172,368900,18421603.197479248
2021-07-27 00:00:00,49.58517682720737,50.36604575362008,49.546133976642444,50.287960052490234,295600,14865120.991516113
2021-07-28 00:00:00,50.44413375854492,50.67839683019043,49.93657072046327,50.44413375854492,470040,23710760.631866455
2021-07-29 00:00:00,50.75648221276963,51.30308809973037,50.36604773420987,51.02978515625,363280,18538100.3515625
2021-07-30 00:00:00,51.02979138526736,51.77162055961766,51.02979138526736,51.342140197753906,656300,33695846.61178589
2021-08-02 00:00:00,51.38117332897634,51.96682497349708,50.717430032474205,50.91264724731445,596880,30388740.88897705
2021-08-03 00:00:00,50.834565426930666,51.38117724467396,50.483176796461954,51.26404571533203,676320,34670899.39819336
2021-08-04 00:00:00,51.22500507569991,51.49830803347991,50.67839916013993,50.95170211791992,967900,49316152.47993469
2021-08-05 00:00:00,51.420219315885994,52.00587103009325,50.561264659893475,51.61543655395508,364940,18836537.416000366
2021-08-06 00:00:00,51.61544051243711,52.27917798126378,51.45926909302769,51.7716178894043,416860,21581516.633377075
2021-08-09 00:00:00,51.732575600100965,52.35727323565376,51.53735833368549,52.16205596923828,483740,25232872.954559326
2021-08-10 00:00:00,52.083954144812395,52.12299997350824,51.45926258857797,51.4983024597168,317340,16342471.302566528
2021-08-11 00:00:00,51.73256417401827,51.92778139731646,51.34212972742191,51.81064987182617,983600,50960955.21392822
2021-08-12 00:00:00,51.96683883666992,52.04492455192559,51.57640430283335,51.96683883666992,189860,9866424.021530151
2021-08-13 00:00:00,52.04492161017433,52.20109303185835,51.81065852009044,52.083961486816406,115080,5993822.287902832
2021-08-16 00:00:00,52.12300365606507,52.5915238457317,52.04491795071355,52.240135192871094,215500,11257749.13406372
2021-08-17 00:00:00,52.005864269038625,52.59151590710788,51.771607188344845,52.27916717529297,331660,17338908.585357666
2021-08-18 00:00:00,52.240132831675794,52.357264363187596,51.65448113167395,51.732566833496094,294060,15212478.603057861
2021-08-19 00:00:00,51.26404898208336,52.31822089822262,51.10787161382286,52.240135192871094,321180,16778486.621246338
2021-08-20 00:00:00,52.35726396132392,52.86482399805072,51.88873783887284,52.51343536376953,301120,15812845.656738281
2021-08-23 00:00:00,52.82577404177351,52.82577404177351,52.16203677175148,52.55247116088867,283400,14893370.32699585
2021-08-24 00:00:00,52.55248016154585,52.55248016154585,51.42021666459176,51.693519592285156,183120,9466117.307739258
2021-08-25 00:00:00,51.61543299783113,51.966827576680004,51.38117590282211,51.576393127441406,253600,13079773.29711914
2021-08-26 00:00:00,51.615433988247325,51.84969704530837,51.42021675988212,51.4983024597168,213360,10987677.812805176
2021-08-27 00:00:00,51.84969165525681,52.43534327947081,51.615428622548656,52.396297454833984,285240,14945519.886016846
2021-08-30 00:00:00,52.396299942386236,52.74769450813118,52.04491133419797,52.708648681640625,206420,10880119.260864258
2021-08-31 00:00:00,52.47440335031131,52.9819694782318,52.201100345295266,52.82579803466797,356680,18841905.64300537
2021-09-01 00:00:00,53.17717960457262,53.95804863241527,52.90387663633928,53.87996292114258,423920,22840793.88153076
2021-09-02 00:00:00,54.07517715814933,54.58274318941242,53.684742666032726,54.543697357177734,490900,26775501.03263855
2021-09-03 00:00:00,54.153255546019786,54.582735812325,53.64568958335637,54.5046501159668,310480,16922603.76800537
2021-09-07 00:00:00,54.231347650182784,54.231347650182784,53.52857034236431,54.07517623901367,462980,25035725.09513855
2021-09-08 00:00:00,54.38752609187195,55.05126353877115,53.958045766347865,54.69987487792969,297320,16263366.798706055
2021-09-09 00:00:00,54.387525242137386,54.6608281915838,53.68474197387695,53.68474197387695,239120,12837095.500793457
2021-09-10 00:00:00,54.03612968979786,54.23134692994533,52.98195778451297,53.21622085571289,275500,14661068.845748901
2021-09-13 00:00:00,53.606649892028585,54.426558642848384,53.333346975088645,53.567604064941406,584500,31310264.575958252
2021-09-14 00:00:00,53.80188015295476,53.997097420594244,52.981965245845615,53.41144561767578,264120,14107031.016540527
2021-09-15 00:00:00,53.450481535398296,53.60665891247035,52.942921443198,53.25526428222656,408280,21743059.30114746
2021-09-16 00:00:00,53.29431177681223,53.48952903606795,52.39631119272431,52.90387725830078,369100,19526821.09603882
2021-09-17 00:00:00,53.13813814641849,53.255263731063124,52.16205189066178,52.20109176635742,1126020,58779473.350753784
2021-09-20 00:00:00,51.6935297637946,52.35727323565376,51.264055352215465,52.16205596923828,500400,26101892.807006836
2021-09-21 00:00:00,52.47439626559533,52.47439626559533,51.966836163760654,52.044921875,374900,19511641.2109375
2021-09-22 00:00:00,52.35726293354242,52.59152003261234,51.693519592285156,51.693519592285156,345800,17875619.075012207
2021-09-23 00:00:00,51.8496962368862,52.12299916082484,51.10786720613057,51.18595886230469,281020,14384278.159484863
2021-09-24 00:00:00,50.912657918740464,51.185966842848366,50.24892044067383,50.24892044067383,292080,14676704.682312012
2021-09-27 00:00:00,50.28795882823678,51.068827735639346,49.85847854614258,49.85847854614258,580780,28956807.170028687
2021-09-28 00:00:00,49.62421322312218,50.834559305875764,49.23377881069986,50.561256408691406,549580,27787455.297088623
2021-09-29 00:00:00,50.8289970149221,51.57705882380644,50.75024860753638,51.025856018066406,524700,26773266.652679443
2021-09-30 00:00:00,51.143960151867944,51.6164265058469,50.199039459228516,50.199039459228516,393920,19774405.623779297
2021-10-01 00:00:00,50.474642919851824,51.498312052366465,50.31715813376935,51.06521987915039,345520,17644054.772644043
2021-10-04 00:00:00,51.02584939874151,51.38019315537002,50.828990421134726,50.86835861206055,600060,30524067.26875305
2021-10-05 00:00:00,50.947113796222474,51.813298321349755,50.63214415907881,51.65580749511719,382900,19779008.68988037
2021-10-06 00:00:00,51.77391940004685,53.545650482177734,51.380201381795544,53.545650482177734,502160,26888483.84613037
2021-10-07 00:00:00,53.50626905633824,54.84491374233171,53.30941007377974,54.293704986572266,397660,21590434.724960327
2021-10-08 00:00:00,55.35674879427323,55.51423357866666,54.411822064934306,55.23863220214844,455680,25171139.921875
2021-10-11 00:00:00,55.27800729664597,56.22293414397216,55.081148287743865,56.14419174194336,394760,22163481.13204956
2021-10-12 00:00:00,56.41979178522938,57.24659599797993,55.94733137684906,56.77413558959961,489980,27818190.956192017
2021-10-13 00:00:00,56.45916279581718,57.128488249351996,56.34105219357959,57.049739837646484,323820,18473846.754226685
2021-10-14 00:00:00,57.482815181635225,57.758416518645596,57.08909726943224,57.24658203125,433180,24798074.404296875
2021-10-15 00:00:00,57.71906682437704,57.71906682437704,56.616655115480164,56.734771728515625,389800,22115214.01977539
2021-10-18 00:00:00,56.459154400047716,57.95528388506513,56.26229541537857,57.52219772338867,288320,16584800.047607422
2021-10-19 00:00:00,57.64032473287437,57.99467461084774,57.049747610579914,57.6796989440918,282380,16287593.387832642
2021-10-20 00:00:00,57.87653902184016,58.42774175231782,57.44344687099401,57.99465560913086,181760,10541108.603515625
2021-10-21 00:00:00,58.07341702562143,58.30965027760368,57.482839903326976,57.6796989440918,253220,14605653.366622925
2021-10-22 00:00:00,57.79779687640228,58.11277244128491,57.36470472373125,57.44344711303711,167700,9633266.080856323
2021-10-25 00:00:00,57.364705408188094,57.91591415522435,56.892245059056506,57.71905517578125,315800,18227677.62451172
2021-10-26 00:00:00,57.87655190245746,58.152153329032295,57.48283386230469,57.48283386230469,249400,14336218.765258789
2021-10-27 00:00:00,57.48282352339106,57.87654149272936,57.40408113105529,57.52219772338867,399540,22982418.87840271
2021-10-28 00:00:00,57.64032270923062,58.27027402062609,57.60095450705649,58.230899810791016,294680,17159481.556243896
2021-10-29 00:00:00,57.99467068170175,58.19152970912934,57.246602772880436,57.36471939086914,424560,24354765.264587402
2021-11-01 00:00:00,57.4040981191534,58.15216007921292,57.01038003329866,58.07341766357422,231460,13441673.252410889
2021-11-02 00:00:00,58.30964541114385,58.545872635749674,57.95529556274414,57.95529556274414,164740,9547555.39100647
2021-11-03 00:00:00,57.79780116817455,58.86083852188741,57.79780116817455,58.38837814331055,601320,35110099.5451355
2021-11-04 00:00:00,58.38838295834416,58.38838295834416,56.341050477236784,56.81351089477539,324540,18438256.825790405
2021-11-05 00:00:00,57.40408949091822,59.09707820715783,57.40408949091822,58.034034729003906,433480,25156593.374328613
2021-11-08 00:00:00,58.46711138823496,58.86082931004126,58.112767661672784,58.585227966308594,338740,19845160.121307373
2021-11-09 00:00:00,58.74272192532828,58.74272192532828,58.15214495019229,58.38837814331055,292400,17072761.769104004
2021-11-10 00:00:00,58.3489958055245,58.860830314135704,58.30962761726753,58.427738189697266,472280,27594252.192230225
2021-11-11 00:00:00,58.38838253788547,58.58524154441397,57.95529032045872,58.467124938964844,399720,23370479.180603027
2021-11-12 00:00:00,58.50650726431462,58.66399208833302,57.95529836492835,58.230899810791016,307960,17932787.9057312
2021-11-15 00:00:00,58.38837879674483,59.76639175415039,58.309636400710744,59.76639175415039,292840,17501990.1612854
2021-11-16 00:00:00,59.80575212586628,59.96324290499471,58.82145728503465,59.45140838623047,260100,15463311.321258545
2021-11-17 00:00:00,59.17581720857929,60.514456019247575,58.66398260179672,60.396339416503906,309020,18663676.806488037
2021-11-18 00:00:00,59.64828011788769,60.27823135387996,59.5301635101816,59.92388153076172,596300,35732610.55679321
2021-11-19 00:00:00,59.9238711935159,60.63256470983806,59.64826982818484,59.9632453918457,309300,18546631.799697876
2021-11-22 00:00:00,60.12074054105178,60.82943417962804,59.68765432300979,59.92388153076172,237980,14260685.326690674
2021-11-23 00:00:00,59.766393502010786,60.55382950069957,59.451417901003296,60.002620697021484,243980,14639439.397659302
2021-11-24 00:00:00,59.963264015254964,60.47509871421226,59.68766256432752,60.31760787963867,247840,14949115.936889648
2021-11-26 00:00:00,58.97896418968011,59.68765787037555,58.30964471644686,59.17582321166992,179440,10618509.71710205
2021-11-29 00:00:00,59.451421389152046,59.96325601986223,59.13644576966422,59.25456237792969,458060,27142144.842834473
2021-11-30 00:00:00,58.78210195252808,59.727022803331295,58.388383930083364,59.25456237792969,713000,42248502.97546387
2021-12-01 00:00:00,59.8845121890341,60.908175418386236,58.4277507345951,58.467124938964844,398060,23273423.753204346
2021-12-02 00:00:00,58.82145838104219,59.76638505044254,58.585231219436395,59.49078369140625,411240,24464989.885253906
2021-12-03 00:00:00,59.64827941759865,59.845138425577524,58.93958578734267,59.5301628112793,452720,26950495.307922363
2021-12-06 00:00:00,60.00261358251632,60.67193890816786,59.4514108518542,59.9632453918457,567900,34053127.058029175
2021-12-07 00:00:00,60.23885767352533,60.475090890995425,59.648280637510375,59.88451385498047,371960,22274643.773498535
2021-12-08 00:00:00,60.081372582767585,60.98691922757856,59.80576516113616,60.5538330078125,734100,44452568.811035156
2021-12-09 00:00:00,60.23885714875786,60.5144585616319,59.37267870501365,59.92388153076172,278260,16674419.274749756
2021-12-10 00:00:00,60.12073729835678,60.19947969669368,59.56953450233859,60.002620697021484,285220,17113947.475204468
2021-12-13 00:00:00,59.64826875373764,61.26251473363509,59.412035583332475,60.908164978027344,468360,28526948.149108887
2021-12-14 00:00:00,60.79005669571027,60.908173297045565,59.80576169734928,60.002620697021484,320300,19218839.40925598
2021-12-15 00:00:00,60.238853454589844,60.59319724831761,59.80576125544715,60.238853454589844,777680,46846551.55456543
2021-12-16 00:00:00,60.23884311972159,60.593186852656416,59.72700861063663,60.27821731567383,445240,26838273.477630615
2021-12-17 00:00:00,60.199477194326725,60.55382698360304,59.136439841817094,59.37267303466797,1075460,63852934.94186401
2021-12-20 00:00:00,58.9002082852557,59.41203681901369,58.50649033149773,59.29392623901367,309020,18323009.086380005
2021-12-21 00:00:00,59.6876426632406,60.27821957874367,59.25455052214139,59.49078369140625,312440,18587300.45654297
2021-12-22 00:00:00,59.21518238629943,60.12073495096657,59.136439991037,59.68764877319336,524840,31326465.582122803
2021-12-23 00:00:00,59.96325573588383,60.553832766754,59.608905912765586,59.92388153076172,639880,38344093.31390381
2021-12-27 00:00:00,60.08137275565937,60.98691940307617,59.92388194175104,60.98691940307617,246760,15049132.231903076
2021-12-28 00:00:00,60.98691695180298,61.65624237060546,60.47508834823877,61.65624237060547,176740,10897124.27658081
2021-12-29 00:00:00,61.81373272114398,62.0105917425489,61.18378144958402,61.89247512817383,169660,10500677.330245972
2021-12-30 00:00:00,61.93213597400757,62.24952835603497,61.77343372912224,62.05115509033203,174360,10819239.401550293
2021-12-31 00:00:00,62.17017883365984,62.44790018849565,61.892457478824035,61.971805572509766,244660,15162021.95137024
2022-01-03 00:00:00,62.20987757510879,62.249548608833315,60.66256196688602,61.3370361328125,549620,33712061.799316406
2022-01-04 00:00:00,61.33702836858585,61.77344600755413,60.2658076777709,60.58320617675781,316200,19156409.79309082
2022-01-05 00:00:00,60.46416758853195,60.583192756019,58.24239069555005,58.36141586303711,306140,17866763.85231018
2022-01-06 00:00:00,58.24239627965298,58.71849094137621,57.647276439030925,57.84564971923828,223340,12919247.408294678
2022-01-07 00:00:00,57.60760214501536,57.805975434808026,57.09183038077996,57.17118453979492,370300,21170489.63508606
2022-01-10 00:00:00,57.01248551552686,57.25053589835487,56.06029609196027,56.4570426940918,420960,23766156.692504883
2022-01-11 00:00:00,56.73476452264937,56.73476452264937,55.980948394596844,56.41736602783203,306000,17263714.0045166
2022-01-12 00:00:00,56.33801469252258,56.893457486252004,56.29833761273944,56.57606506347656,278240,15741724.343261719
2022-01-13 00:00:00,56.73476595095371,56.81411406318745,56.060297916157516,56.218994140625,273640,15383765.556640625
2022-01-14 00:00:00,56.09995991674042,56.33801026900329,55.50484008995517,56.1396369934082,268680,15083597.667388916
2022-01-18 00:00:00,55.94127033274369,56.13964363179598,55.34615043558684,55.742897033691406,378140,21078619.08432007
2022-01-19 00:00:00,56.06029061176147,56.218986815551574,54.79070281982422,54.79070281982422,327240,17929709.590759277
2022-01-20 00:00:00,54.870060920507136,56.099971858683354,54.751035719038924,55.266807556152344,517520,28601678.24645996
2022-01-21 00:00:00,55.42549674171773,56.45704028478769,55.385825715521165,56.2586669921875,887900,49952070.42236328
2022-01-24 00:00:00,56.13963776298508,56.13963776298508,54.512974459257904,55.50484085083008,636140,35308849.458847046
2022-01-25 00:00:00,54.87005765223222,56.81411362954889,54.63200726347502,56.53639221191406,639880,36176506.64855957
2022-01-26 00:00:00,56.73476127486428,57.84565291619555,55.86192000448701,56.57606506347656,715560,40483569.11682129
2022-01-27 00:00:00,56.53639022990054,57.567933806521474,55.50484665327961,55.742897033691406,407140,22695163.09829712
2022-01-28 00:00:00,55.822242536881376,57.17118453979492,55.147774562360794,57.17118453979492,443360,25347416.377563477
2022-01-31 00:00:00,60.54352866738448,60.70222487295444,58.83751721508256,59.0755615234375,968320,57204047.734375
2022-02-01 00:00:00,58.83752577345607,59.82939233722346,58.83752577345607,59.47231674194336,800460,47605210.65925598
2022-02-02 00:00:00,59.710355554164266,61.05929139762653,59.631007455232115,60.82124710083008,660580,40177299.40986633
2022-02-03 00:00:00,60.384832466424925,60.821256156337505,59.94841483038513,60.34516143798828,590680,35644679.95819092
2022-02-04 00:00:00,60.107109487129506,60.58320419308472,59.035894885262124,59.789710998535156,738900,44178617.45681763
2022-02-07 00:00:00,59.472311102148424,59.82938666356684,59.19458970140465,59.432640075683594,531420,31583693.589019775
2022-02-08 00:00:00,59.90874145564695,63.16206262855645,59.90874145564695,61.17832946777344,1440640,88135948.56445312
2022-02-09 00:00:00,61.45604705810547,62.170192162123264,61.218002726014724,61.45604705810547,648840,39875141.57318115
2022-02-10 00:00:00,60.74189555199176,61.81310996141468,60.22612385741878,60.50384521484375,776700,46993336.57836914
2022-02-11 00:00:00,60.8609247628529,61.773443134801624,60.46417817103803,60.979949951171875,490500,29910665.451049805
2022-02-14 00:00:00,61.21799400154955,61.376690200326834,60.14677952512308,60.22612762451172,546920,32938873.72039795
2022-02-15 00:00:00,60.62288713483953,61.098981886819324,59.94841906504539,60.027767181396484,864960,51921617.5012207
2022-02-16 00:00:00,60.30548953386693,60.9006094963722,59.869065806480414,60.70223617553711,329360,19992888.506774902
2022-02-17 00:00:00,60.50384521484375,60.821243646417244,60.10709868884478,60.50384521484375,357980,21659166.510009766
2022-02-18 00:00:00,60.146785736083984,60.662551462305835,59.908735359464245,60.146785736083984,295940,17799839.770736694
2022-02-22 00:00:00,60.1467756674696,60.30547185606853,59.39295363694581,59.948402404785156,439920,26372501.185913086
2022-02-23 00:00:00,60.26580613603195,60.583204626899075,58.9168701171875,58.9168701171875,419640,24723875.375976562
2022-02-24 00:00:00,58.59947505331003,60.662556283789584,57.96468408832487,60.54353713989258,661880,40072556.3621521
2022-02-25 00:00:00,60.54354131400895,62.17019894943772,60.54354131400895,62.090850830078125,485660,30155042.614135742
2022-02-28 00:00:00,61.53540946305591,62.090852366188024,60.503865724240725,61.3370361328125,626620,38435013.58154297
2022-03-01 00:00:00,61.25768093987323,61.614756560703036,60.62288992596497,61.495731353759766,523960,32221303.400115967
2022-03-02 00:00:00,61.65441430635888,62.09083795313748,61.297344816356166,61.733768463134766,504920,31170614.372406006
2022-03-03 00:00:00,62.090834151512254,62.447903619652735,61.33701813927266,62.0114860534668,771240,47825738.50387573
2022-03-04 00:00:00,61.65441495456016,63.00335693359375,61.495718747084325,63.00335693359375,392320,24717476.9921875
2022-03-07 00:00:00,63.04302729572617,63.241400579921496,61.65441430635888,61.733768463134766,439560,27135695.265655518
2022-03-08 00:00:00,61.85279224443367,62.40824111429656,61.29734942844344,61.6544189453125,442160,27261117.880859375
2022-03-09 00:00:00,62.765310634198535,62.765310634198535,61.25767235003021,61.3766975402832,520320,31935523.264160156
2022-03-10 00:00:00,60.90060283314391,61.45604564916098,60.62288142513537,61.3766975402832,396340,24326040.303115845
2022-03-11 00:00:00,61.45603030419443,62.05115005299117,60.900587626865935,61.098960876464844,260280,15902837.53692627
2022-03-14 00:00:00,61.25766993616556,61.85278981010708,60.543530930533656,60.90060043334961,349660,21294503.947525024
2022-03-15 00:00:00,61.25767758343012,61.37670278385174,60.62288660430346,61.17832946777344,507240,31032095.8392334
2022-03-16 00:00:00,61.49570737566267,61.654403553793344,60.146771699938526,61.098960876464844,623640,38103755.960998535
2022-03-17 00:00:00,60.90059389086053,62.05115643532808,60.62287252363096,61.5750617980957,343780,21168274.74494934
2022-03-18 00:00:00,61.416364272405595,62.13050923971051,60.741896379789914,62.05115509033203,788380,48919889.65011597
2022-03-21 00:00:00,62.011484069514424,62.56692679193401,61.77343372912224,62.05115509033203,235120,14589467.584838867
2022-03-22 00:00:00,62.408240276540084,62.52726546518955,61.614747090707084,62.289215087890625,324660,20222816.57043457
2022-03-23 00:00:00,62.13053233564841,62.28922858565466,61.138665638424605,61.218013763427734,249560,15277567.514801025
2022-03-24 00:00:00,61.25766533117109,61.73376603763177,60.94027293202659,61.53539276123047,432520,26615288.077087402
2022-03-25 00:00:00,61.8527834316021,62.32888412475585,61.37668879232013,62.32888412475586,454300,28316012.057876587
2022-03-28 00:00:00,62.44789947565651,62.76529790064785,62.0908300312109,62.60660171508789,214220,13411586.219406128
2022-03-29 00:00:00,62.924010257755555,63.91587671166801,62.44790951677965,63.63814926147461,580880,36966128.14300537
2022-03-30 00:00:00,63.5981815752866,63.877996354096155,62.6388087771478,63.118492126464844,488100,30808136.00692749
2022-03-31 00:00:00,63.19844130045812,63.997915542844666,62.75872802734375,62.75872802734375,508860,31935406.34399414
2022-04-01 00:00:00,62.838664648486656,64.07785197500561,62.63879611837092,63.91795349121094,852920,54516900.89172363
2022-04-04 00:00:00,63.997902892567396,63.997902892567396,61.11979130928016,61.879295349121094,1015100,62813672.70889282
2022-04-05 00:00:00,61.639486265765726,62.9186443192375,61.51956386398565,61.67946243286133,575380,35489129.09461975
2022-04-06 00:00:00,61.3996149293355,62.39895758053234,61.359638783486226,62.19908905029297,481180,29928957.66921997
2022-04-07 00:00:00,61.95925288362308,62.75872711437951,61.63946197141965,62.478912353515625,525460,32830169.28527832
2022-04-08 00:00:00,56.48285405012769,56.48285405012769,50.80658533995641,53.644718170166016,3081840,165324438.24554443
2022-04-11 00:00:00,53.444843923501466,53.964503323554915,52.285608884500576,53.0850830078125,1313680,69736811.84570312
2022-04-12 00:00:00,53.085101811748366,53.96452243900133,51.80594398124354,52.24565124511719,1023180,53456705.440979004
2022-04-13 00:00:00,52.36555688115742,54.44418845348583,52.36555688115742,54.244319915771484,746660,40502063.90830994
2022-04-14 00:00:00,54.04446151570037,54.48417482095469,53.04511863967224,53.125064849853516,1063340,56490006.45744324
2022-04-18 00:00:00,52.76529944077978,53.564773674730986,52.525454730792674,52.96516799926758,729760,38651860.99914551
2022-04-19 00:00:00,53.244978632610675,54.004482755674644,52.56542680634576,52.84524154663086,777260,41074492.4445343
2022-04-20 00:00:00,52.80527993995613,53.56477808494066,52.80527993995613,53.20501708984375,688320,36622077.36328125
2022-04-21 00:00:00,53.28496706252728,53.44485949397085,52.44551654868529,52.48549270629883,551880,28965693.714752197
2022-04-22 00:00:00,52.485484794222124,52.725323405232324,52.165693880037495,52.365562438964844,482940,25289424.72427368
2022-04-25 00:00:00,52.44550632397281,52.96516577411018,52.12571542392642,52.88521957397461,617100,32635468.99909973
2022-04-26 00:00:00,52.32559215255874,53.08509642131819,51.805938720703125,51.805938720703125,512480,26549507.475585938
2022-04-27 00:00:00,52.00580095666167,52.64537667918027,51.40619528582931,51.60606384277344,489000,25235365.21911621
2022-04-28 00:00:00,52.04578070494378,52.52546411107813,51.246306328218054,52.28562545776367,241400,12621749.98550415
2022-04-29 00:00:00,51.88588218943102,52.08575076019193,50.00711579442713,50.16701126098633,849660,42624902.78800964
2022-05-02 00:00:00,50.36688246454631,50.88654199558946,48.48811902108725,49.40751266479492,625980,30928114.777908325
2022-05-03 00:00:00,49.40751406869285,50.366883895704404,49.287594746411784,49.92717361450195,398300,19885993.250656128
2022-05-04 00:00:00,50.08706726241803,50.406855159893055,49.087724364522636,50.2469596862793,492960,24769741.246948242
2022-05-05 00:00:00,49.44747213512906,50.366868575050496,46.9691036314955,47.52873611450195,642720,30547669.275512695
2022-05-06 00:00:00,47.009086541795774,47.528746038034036,46.20961227050758,46.649322509765625,391600,18267874.69482422
2022-05-09 00:00:00,46.1696359761556,46.329531429313484,44.81052919894172,44.97042465209961,485580,21836738.80256653
2022-05-10 00:00:00,45.37015808732514,45.88981750558291,44.091000665116276,44.7305793762207,583040,26079716.99951172
2022-05-11 00:00:00,44.7705586489708,45.29021813890441,43.77121582198484,44.2109260559082,514800,22759784.733581543
2022-05-12 00:00:00,44.530726608865486,45.45012037863225,44.37083111202472,45.25025177001953,857720,38812045.94818115
2022-05-13 00:00:00,46.009743702685526,46.76924487035978,45.68995582402164,46.649322509765625,513420,23950695.162963867
2022-05-16 00:00:00,46.569375607450866,46.689297966255076,45.849847554130115,46.12966537475586,266820,12308317.315292358
2022-05-17 00:00:00,46.52940567730073,46.88916972849363,46.00974615338294,46.84919357299805,321420,15058267.798233032
2022-05-18 00:00:00,46.329532780246154,46.72926989992084,44.57068884372711,44.77055740356445,541100,24225348.611068726
2022-05-19 00:00:00,44.6106609435477,45.17029350847032,44.130977630615234,44.130977630615234,471740,20818347.38746643
2022-05-20 00:00:00,44.61066815095169,44.69061741585864,43.331510409966654,44.25090408325195,321760,14238170.897827148
2022-05-23 00:00:00,44.770556098090275,45.130320105257496,44.29087278836872,44.97042465209961,352100,15834086.520004272
2022-05-24 00:00:00,44.41079916735436,45.689959946687246,43.81119340978499,45.45011520385742,459380,20878873.922348022
2022-05-25 00:00:00,45.41013365064573,45.92979309712027,45.21026510196353,45.53005599975586,330560,15050415.311279297
2022-05-26 00:00:00,45.689950149641454,46.12966033429049,45.689950149641454,45.729923248291016,218660,9999305.017471313
2022-05-27 00:00:00,46.169638345166724,47.129008063588174,46.04971598670694,46.729270935058594,249820,11673906.464996338
2022-05-31 00:00:00,46.16964831790658,46.44946314841697,45.76991110303293,46.20962142944336,492180,22743451.475143433
2022-06-01 00:00:00,46.289559722136296,46.44945213035608,45.37016312611157,46.089691162109375,487140,22452132.15270996
2022-06-02 00:00:00,46.08968957135448,46.20960887338038,45.250239208412715,46.16963577270508,334000,15420658.348083496
2022-06-03 00:00:00,45.57003031412761,45.80987196898838,44.85050229979317,44.97042465209961,450820,20273566.841659546
2022-06-06 00:00:00,45.530063857831486,45.530063857831486,44.610667155313024,45.29022216796875,382220,17310828.717041016
2022-06-07 00:00:00,45.290217940681856,45.769901275634766,44.97042701754507,45.769901275634766,291840,13357487.98828125
2022-06-08 00:00:00,45.450104229229396,45.769895109282324,44.69060622616942,45.33018493652344,433500,19650635.16998291
2022-06-09 00:00:00,45.250237891642456,45.41013333944284,44.3308444038563,44.45076370239258,341040,15159488.453063965
2022-06-10 00:00:00,43.97108360978744,44.13097906922802,43.291531719355255,43.331504821777344,572460,24805553.25027466
2022-06-13 00:00:00,42.17226192945471,42.4920528132755,41.292841573575366,41.49271011352539,485320,20137242.072296143
2022-06-14 00:00:00,41.53268827349535,41.732556837805,40.49337234903564,40.933082580566406,807120,33037909.612426758
2022-06-15 00:00:00,41.45273478706406,42.21223586387302,40.93307840274885,41.41276168823242,950100,39346264.879989624
2022-06-16 00:00:00,40.89310706657782,41.13294871965776,39.8937643039513,40.13360595703125,785080,31508091.364746094
2022-06-17 00:00:00,40.45339865401012,41.45274153627077,40.41342554867018,41.13295364379883,797940,32821629.030532837
2022-06-21 00:00:00,41.53269416369838,42.17227305024444,41.41277178820419,41.612640380859375,344580,14338883.622436523
2022-06-22 00:00:00,41.21289673910579,42.372135004849284,40.97305507544388,41.65260696411133,345880,14406803.696746826
2022-06-23 00:00:00,41.612630377081274,42.89179089241277,41.612630377081274,42.731895446777344,234580,10024048.03390503
2022-06-24 00:00:00,43.131636136909385,44.05102968900435,42.93176757561671,43.93111038208008,467920,20556245.16998291
2022-06-27 00:00:00,44.05102687774006,44.410790875057764,43.49139738163698,43.6113166809082,359620,15683501.704788208
2022-06-28 00:00:00,43.891139649927496,44.1309813264799,43.33150703813698,43.41145324707031,330820,14361376.9631958
2022-06-29 00:00:00,43.168935465583445,43.33061440013921,42.60304994315424,43.24977493286133,358120,15488609.398956299
2022-06-30 00:00:00,42.72430549852862,44.05817818159422,42.64346603814854,43.41145324707031,400820,17400178.690490723
2022-07-01 00:00:00,43.249771365878146,43.815656841636496,42.84556789516901,43.57313537597656,498160,21706393.118896484
2022-07-05 00:00:00,43.12850313811214,43.653968811035156,42.724299723195145,43.653968811035156,418700,18277916.74118042
2022-07-06 00:00:00,43.45188042033241,43.896503696239925,42.96683740731117,43.088096618652344,449540,19369822.953948975
2022-07-07 00:00:00,43.20935336556445,43.45187484093432,42.72430733099683,42.8455696105957,410580,17591533.970718384
2022-07-08 00:00:00,42.926411187065,43.209355492111506,42.44136821245388,42.603050231933594,368100,15682182.790374756
2022-07-11 00:00:00,42.68388969975944,42.926411187065,42.19884672514832,42.603050231933594,302040,12867825.292053223
2022-07-12 00:00:00,42.60304813522583,43.7752388639794,42.56262840330216,42.8455696105957,387500,16602658.224105835
2022-07-13 00:00:00,42.44136208193709,42.88598525841092,41.83505690933799,42.52220153808594,400840,17044599.264526367
2022-07-14 00:00:00,41.83506606099111,42.23926959781228,41.43086252416994,41.59254455566406,341780,14215499.878234863
2022-07-15 00:00:00,42.07757775370197,42.1988400200009,41.30959059607299,41.83505630493164,389500,16294754.430770874
2022-07-18 00:00:00,42.23926929753004,42.36053159124563,40.94581922242884,41.10749816894531,221840,9119287.393798828
2022-07-19 00:00:00,41.511688680270154,42.117993790987796,41.511688680270154,41.996734619140625,735940,30907076.87561035
2022-07-20 00:00:00,42.03716278076172,42.603048281114475,41.87548076868552,42.03716278076172,430040,18077661.48223877
2022-07-21 00:00:00,41.875479057965535,42.88598773737507,41.6329575916728,42.76472854614258,378200,16173620.336151123
2022-07-22 00:00:00,43.04766625251995,43.371030237243595,42.60304308639558,43.12850570678711,216000,9315757.232666016
2022-07-25 00:00:00,43.20935163557279,43.73481429719802,42.88598762547437,43.57313537597656,354720,15456262.580566406
2022-07-26 00:00:00,43.41145324707031,43.775236986436184,43.20935151229236,43.41145324707031,160400,6963197.100830078
2022-07-27 00:00:00,43.41145534509699,43.53271454152744,42.68388783120274,43.1689338684082,172020,7425920.004043579
2022-07-28 00:00:00,43.492294546486924,43.97734058076044,43.16893360746579,43.81565856933594,162140,7104270.880432129
2022-07-29 00:00:00,43.73482020038044,44.46238777939268,43.53271843774684,44.34112548828125,452300,20055491.05834961
2022-08-01 00:00:00,44.01775950789826,44.1390187013788,43.37103455785196,43.775238037109375,316180,13840854.762573242
2022-08-02 00:00:00,43.73481951625891,44.0177638298169,43.33061599731445,43.33061599731445,259760,11255560.811462402
2022-08-03 00:00:00,43.53271150435313,43.81565577727294,43.2093505859375,43.2093505859375,259120,11196406.923828125
2022-08-04 00:00:00,43.20935360055169,43.61355708964229,42.72430756334622,43.1689338684082,209840,9058569.082946777
2022-08-05 00:00:00,43.04766903304825,43.73481369018555,42.80514757075437,43.73481369018555,214860,9396862.069473267
2022-08-08 00:00:00,43.77523779444137,44.17944127145808,43.007250571344045,43.451873779296875,239540,10408461.845092773
2022-08-09 00:00:00,43.45187402017232,43.93691696175009,43.330611742863965,43.775238037109375,336560,14732994.113769531
2022-08-10 00:00:00,44.260282324327996,44.704905548263426,44.13902004333292,44.502803802490234,272940,12146595.269851685
2022-08-11 00:00:00,44.987839401288475,45.351619992187025,44.70489517257859,44.8665771484375,190580,8550672.272949219
2022-08-12 00:00:00,45.23036908403707,45.55373001098633,45.068687078648566,45.55373001098633,180960,8243402.982788086
2022-08-15 00:00:00,45.59415527241671,45.87709648416231,45.31121097684318,45.79625701904297,132120,6050601.477355957
2022-08-16 00:00:00,45.917510507679495,45.917510507679495,45.35162507071836,45.39204788208008,303340,13769223.80455017
2022-08-17 00:00:00,45.14952690039152,45.31120890707264,44.78574624014371,45.068687438964844,182500,8225035.457611084
2022-08-18 00:00:00,45.068685231253994,45.311206687481764,44.86658350375958,45.1495246887207,192000,8668708.740234375
2022-08-19 00:00:00,45.06869551951887,45.14953499543959,44.42197046066812,44.58365249633789,195540,8717887.409133911
2022-08-22 00:00:00,44.21986220348888,44.21986220348888,42.9264091916061,43.00725173950195,349660,15037915.643234253
2022-08-23 00:00:00,42.72430943367237,43.29019495993735,42.603050231933594,42.603050231933594,261260,11130472.90359497
2022-08-24 00:00:00,42.68389060492808,43.16893667365328,42.52220858201969,42.805152893066406,162300,6947276.314544678
2022-08-25 00:00:00,42.84557221920141,43.492297220838836,42.76473275043225,43.29019546508789,155440,6729027.983093262
2022-08-26 00:00:00,43.411452975295546,43.411452975295546,42.07758030058058,42.11800003051758,269380,11345746.848220825
2022-08-29 00:00:00,41.99674969544782,42.23927121003161,41.67338562011719,41.67338562011719,184900,7705409.001159668
2022-08-30 00:00:00,41.875480799162965,41.875480799162965,41.026654089929984,41.067073822021484,478640,19656344.214172363
2022-08-31 00:00:00,41.390439862857036,41.55212188292769,40.62245258039247,40.662872314453125,511500,20799059.188842773
2022-09-01 00:00:00,40.541613112271165,40.74371486640247,40.01614731799855,40.662872314453125,229020,9312611.017456055
2022-09-02 00:00:00,41.147923129056345,41.309602083979975,40.58203753533845,40.8649787902832,488500,19962542.139053345
2022-09-06 00:00:00,40.9053910120575,41.18833529883554,40.66286954041048,41.02665328979492,432500,17744027.547836304
2022-09-07 00:00:00,41.188335404536005,42.198844108848334,41.188335404536005,42.158424377441406,538460,22700625.1902771
2022-09-08 00:00:00,41.79465023997112,42.32011303677426,41.55212871192133,41.75423049926758,240800,10054418.704223633
2022-09-09 00:00:00,41.8754733136888,42.44135871329824,41.71379133039648,42.19883728027344,186640,7875990.989990234
2022-09-12 00:00:00,42.52220768027973,42.966834004805946,42.52220768027973,42.603050231933594,258800,11025669.400024414
2022-09-13 00:00:00,41.67337062781025,41.8754723312272,40.25865870389158,40.379920959472656,307760,12427324.474487305
2022-09-14 00:00:00,40.21824741313883,40.379929426540144,39.248158416558844,39.450260162353516,529400,20884967.72994995
2022-09-15 00:00:00,39.369419898553936,40.056564586778855,39.288577351580045,39.40983963012695,400800,15795463.723754883
2022-09-16 00:00:00,39.08648116014978,39.814048767089844,38.88437938975846,39.814048767089844,1606500,63961269.344329834
2022-09-19 00:00:00,39.490677805911005,40.29908474632948,39.36941861514488,39.692779541015625,533900,21191974.996948242
2022-09-20 00:00:00,39.24815762000702,39.61194137181992,38.43975065323519,39.40983963012695,472680,18628242.99636841
2022-09-21 00:00:00,39.773616790771484,40.62244334845127,39.57151508257024,39.773616790771484,455140,18102563.946151733
2022-09-22 00:00:00,39.69278083496596,39.69278083496596,39.207737888433996,39.40983963012695,326120,12852336.900177002
2022-09-23 00:00:00,39.2885753715058,39.49067710301319,38.399328986404356,38.84395217895508,317300,12325186.026382446
2022-09-26 00:00:00,38.56101035552179,38.60143008439437,36.94419652999742,37.18671798706055,380120,14135415.241241455
2022-09-27 00:00:00,37.42924848193089,37.550510781656726,35.61033248901367,35.61033248901367,412980,14706355.111312866
2022-09-28 00:00:00,35.852842719730496,37.75260067578037,35.61032128044235,37.550498962402344,594120,22309502.44354248
2022-09-29 00:00:00,37.42765533452293,37.714299142801295,36.403922984695626,36.89531326293945,576480,21269410.189819336
2022-09-30 00:00:00,37.14101529220341,37.91905264724486,37.059117938697476,37.509559631347656,521940,19577739.553985596
2022-10-03 00:00:00,37.95999464768133,38.36948759155786,37.75524817574306,38.08284378051758,434480,16546233.965759277
2022-10-04 00:00:00,38.57423865080517,39.31132728711196,38.49234130196379,38.86088562011719,526100,20444711.924743652
2022-10-05 00:00:00,38.2875889754336,38.2875889754336,37.01816151659275,37.714298248291016,388860,14665582.016830444
2022-10-06 00:00:00,37.714294422058195,37.837143538333585,37.10005508904688,37.222904205322266,283720,10560882.381134033
2022-10-07 00:00:00,36.9362566027773,37.345749483624864,36.56771550936068,36.731510162353516,402100,14769740.236282349
2022-10-10 00:00:00,36.85435927628088,37.26385215712845,36.69056149910531,36.731510162353516,200220,7354382.964706421
2022-10-11 00:00:00,36.56771848677691,37.22290652464318,36.19917423916995,37.05910873413086,308940,11449041.052322388
2022-10-12 00:00:00,37.05910873413086,37.26385519122551,36.56771848677691,37.05910873413086,256180,9493802.475509644
2022-10-13 00:00:00,36.403920715173804,38.73802907759196,36.076325133979005,38.656131744384766,404900,15651867.743301392
2022-10-14 00:00:00,39.31132665858294,39.352275332348924,37.345759075980375,37.59145736694336,366120,13762984.371185303
2022-10-17 00:00:00,38.369485228353845,38.901827272279306,38.287587894295946,38.73802947998047,236560,9163868.25378418
2022-10-18 00:00:00,39.516066434137265,39.80271022595521,38.738029268110395,38.94277572631836,224840,8755893.69430542
2022-10-19 00:00:00,38.533289360295115,38.697087179542585,37.38671087392991,37.59145736694336,353120,13274295.425415039
2022-10-20 00:00:00,37.38670644001109,38.041894515114656,37.018162171458094,37.100059509277344,213440,7918636.701660156
2022-10-21 00:00:00,37.34574980443274,37.71429402519797,36.64961315068502,37.63239669799805,351340,13221766.255874634
2022-10-24 00:00:00,37.83714737702983,38.041893842139096,37.42765444681129,37.714298248291016,242660,9151751.612930298
2022-10-25 00:00:00,37.63240498435304,39.024681722599475,37.63240498435304,38.901832580566406,346120,13464702.292785645
2022-10-26 00:00:00,39.06563039521601,39.27037688248215,38.533288278650666,38.901832580566406,252780,9833605.239715576
2022-10-27 00:00:00,39.147525787353516,39.63891920678639,38.94277931030231,39.147525787353516,239140,9361739.31678772
2022-10-28 00:00:00,39.188471878848716,40.25315598879245,38.983725415272325,40.0074577331543,275300,11014053.113937378
2022-10-31 00:00:00,39.720817172757705,39.80271451519314,39.10657773194186,39.638919830322266,437580,17345198.539352417
2022-11-01 00:00:00,39.96650805043999,40.253154966678224,39.72081292522366,40.04840850830078,268920,10769818.016052246
2022-11-02 00:00:00,39.80272098826094,40.37601185109265,39.06563541392062,39.270381927490234,358580,14081573.551559448
2022-11-03 00:00:00,38.90182805101632,41.850175874683266,38.246639992888454,41.6044807434082,428920,17844993.880462646
2022-11-04 00:00:00,42.054926433702086,42.177775573395046,40.74455018983308,41.39973831176758,324320,13426763.129272461
2022-11-07 00:00:00,41.522580492434514,42.75105918674215,41.522580492434514,42.38251495361328,428340,18154126.455230713
2022-11-08 00:00:00,42.50536920780571,42.58726654764711,41.31783903500582,41.64543151855469,283760,11817307.647705078
2022-11-09 00:00:00,41.6454311772454,42.136824584816324,41.031191760919164,41.0721435546875,199500,8193892.639160156
2022-11-10 00:00:00,42.0958726857446,44.14333724975586,42.0958726857446,44.14333724975586,279100,12320405.42640686
2022-11-11 00:00:00,44.10239083669921,44.30713731806584,42.71011726275281,43.201507568359375,506960,21901436.27685547
2022-11-14 00:00:00,42.99676228495478,43.28340611718109,42.17777633666992,42.17777633666992,232540,9808020.109329224
2022-11-15 00:00:00,42.873911404339985,43.07865788310796,41.399737382047256,42.21872329711914,644620,27215033.41178894
2022-11-16 00:00:00,42.25967353080068,42.42347134470897,41.64543407178216,41.89113235473633,261360,10948666.352233887
2022-11-17 00:00:00,41.522585904901476,42.423469148484,41.27689075885017,42.34157180786133,369540,15646904.445877075
2022-11-18 00:00:00,43.24246203895067,43.69290373352836,42.79202034437297,42.95581817626953,454880,19539742.572021484
2022-11-21 00:00:00,43.03770945028461,43.11960991675489,41.60448409097991,42.01397705078125,278180,11687448.135986328
2022-11-22 00:00:00,41.973034026213476,42.4234757177556,41.56354101132359,42.25967788696289,625060,26414834.260025024
2022-11-23 00:00:00,42.25966583450937,42.46441228356064,41.72732694148579,42.38251495361328,452500,19178088.01651001
2022-11-25 00:00:00,42.3006250862464,42.505371571418586,41.93208078809979,42.09587860107422,175860,7402981.210784912
2022-11-28 00:00:00,42.054926034787755,43.16055890898663,41.23594010909231,41.317840576171875,649540,26837590.16784668
2022-11-29 00:00:00,41.19499757029354,43.32436316860779,40.94930238084523,42.832969665527344,786500,33688130.641937256
2022-11-30 00:00:00,42.505360863954685,44.061431884765625,41.80922111522276,44.061431884765625,481380,21210292.080688477
2022-12-01 00:00:00,44.47092475195524,44.962318067092355,43.447192583981206,44.061431884765625,492220,21687918.002319336
2022-12-02 00:00:00,43.52910287847795,44.307137002788174,43.242455932094344,43.89764404296875,1151080,50529700.10498047
2022-12-05 00:00:00,43.651941899320505,43.81573968184622,42.66915832834906,42.79200744628906,377700,16162541.212463379
2022-12-06 00:00:00,42.75106522710642,43.03770904660541,41.44068589352303,41.93207931518555,392660,16465050.263900757
2022-12-07 00:00:00,41.76827994618359,43.570049509875204,41.76827994618359,43.36530303955078,475420,20616732.371063232
2022-12-08 00:00:00,43.61100053109264,43.89764435533258,42.914863744119444,43.201507568359375,375820,16235990.57434082
2022-12-09 00:00:00,42.751065314745055,43.32435607910156,42.751065314745055,43.32435607910156,278800,12078830.474853516
2022-12-12 00:00:00,43.242459805956315,43.40625762939453,42.58727163638709,43.40625762939453,418920,18183749.446105957
2022-12-13 00:00:00,44.67567616188899,44.96232307536036,43.774793003397235,44.14333724975586,314100,13865422.230148315
2022-12-14 00:00:00,44.22523966049763,44.962328237845924,43.692897563059034,43.89764404296875,240700,10566162.921142578
2022-12-15 00:00:00,43.570047608284234,43.979540531061,42.832959097612836,43.119606018066406,319060,13757741.496124268
2022-12-16 00:00:00,42.382527041103366,42.792020055993255,41.11309931978147,42.25967788696289,1805520,76300693.61846924
2022-12-19 00:00:00,42.17777880940967,42.34157663350624,41.194994989013885,41.52259063720703,352440,14634221.844177246
2022-12-20 00:00:00,41.358783112362076,41.891125134768615,40.9083415448858,41.481632232666016,299820,12437022.975997925
2022-12-21 00:00:00,41.809229095194425,42.50536897679597,41.60448262252042,41.85017776489258,230400,9642280.95703125
2022-12-22 00:00:00,41.52258805448852,41.97302969959875,41.03119461276364,41.89113235473633,204640,8572601.325073242
2022-12-23 00:00:00,41.76828751876854,42.382527041103366,41.76828751876854,42.25967788696289,181640,7676047.891387939
2022-12-27 00:00:00,42.38251706174927,42.75106131320978,42.21871926952426,42.423465728759766,213640,9063349.218292236
2022-12-28 00:00:00,42.66916412167995,42.79201325629957,41.31783926178045,41.4406852722168,333860,13835387.1849823
2022-12-29 00:00:00,42.04187890539821,42.58087544683929,41.91749338485132,42.08333969116211,221340,9314726.407241821
2022-12-30 00:00:00,41.958952392901395,42.08333790817833,41.129724059735324,41.54433822631836,1411620,58644818.72703552
2023-01-03 00:00:00,42.16626154885817,42.788182829303004,41.710186575849654,42.45649337768555,342240,14530310.293579102
2023-01-04 00:00:00,43.03694915969675,44.446634710412155,42.66379579963774,44.032020568847656,493800,21743011.756896973
2023-01-05 00:00:00,43.824715557624586,43.824715557624586,42.45649072411442,42.49795150756836,224040,9521241.055755615
2023-01-06 00:00:00,42.70525771402546,43.949100171715514,42.70525771402546,43.82471466064453,170420,7468607.872467041
2023-01-09 00:00:00,43.6588703720435,44.19786685812443,43.49302408276673,44.032020568847656,337860,14876658.46939087
2023-01-10 00:00:00,44.03202089389837,44.28079191127742,43.74179225796266,44.15640640258789,619520,27355776.89453125
2023-01-11 00:00:00,44.61248082387184,46.22947660225179,44.61248082387184,46.1050910949707,522620,24095442.70805359
2023-01-12 00:00:00,46.478242475614344,46.89285659790039,45.77339973302996,46.89285659790039,355680,16678851.234741211
2023-01-13 00:00:00,46.56116867482653,46.934318866115575,46.47824394978633,46.8099365234375,143740,6728460.275878906
2023-01-17 00:00:00,46.97578633340527,47.14162946941412,46.18801878434299,46.43678665161133,199140,9247421.69380188
2023-01-18 00:00:00,46.395319369693766,46.76847269996165,45.60755193096258,45.98070526123047,333480,15333645.590515137
2023-01-19 00:00:00,45.85632059312471,46.18801315119891,45.52463119830517,45.89778137207031,269380,12363944.3460083
2023-01-20 00:00:00,46.022176570408575,46.56117630004883,45.56610157938893,46.56117630004883,220800,10280707.727050781
2023-01-23 00:00:00,46.395330216452194,47.39040494205342,46.105098374721855,47.18309783935547,200580,9463985.76461792
2023-01-24 00:00:00,47.22455978393555,47.47332768061519,46.47825293064117,47.22455978393555,134560,6354536.764526367
2023-01-25 00:00:00,47.05870703950958,47.05870703950958,46.31240028811844,46.76847839355469,192200,8988901.547241211
2023-01-26 00:00:00,46.80993914745286,47.68062824802669,46.80993914745286,47.5147819519043,246180,11697189.0209198
2023-01-27 00:00:00,47.224553624173744,47.887935649876,47.183092840677666,47.63916778564453,212680,10131898.204650879
2023-01-30 00:00:00,47.22455033323766,47.68062524642204,46.76847542005328,46.93431854248047,328340,15410414.150238037
2023-01-31 00:00:00,46.93432180197089,48.01232115214124,46.93432180197089,47.887935638427734,563960,27006880.182647705
2023-02-01 00:00:00,47.68062508721425,48.38546784494073,47.30747173648945,48.0123176574707,351580,16880170.64201355
2023-02-02 00:00:00,48.55131300245972,49.422002025092574,48.302545162172436,48.96592712402344,734080,35944907.783203125
2023-02-03 00:00:00,48.5513138133432,48.63423853699374,47.929392620610564,48.385467529296875,314900,15236583.724975586
2023-02-06 00:00:00,47.763552436866675,48.09524504732269,47.514784560652245,47.97085952758789,176860,8484126.216049194
2023-02-07 00:00:00,47.51477995245277,48.219625890498854,46.975783466805034,47.80501174926758,277320,13257285.858306885
2023-02-08 00:00:00,47.473321178503205,48.01232085019869,47.18309253267025,47.266014099121094,217480,10279412.746276855
2023-02-09 00:00:00,47.639165975534844,47.68062675745557,46.68555217508378,47.10016632080078,365420,17211342.77694702
2023-02-10 00:00:00,47.01724359532434,47.22455066306099,46.68555102164376,47.0587043762207,277440,13055966.942138672
2023-02-13 00:00:00,47.266016731095625,47.72209169848148,47.1001704257039,47.473323822021484,227540,10802080.102462769
2023-02-14 00:00:00,47.22455065887405,47.556240069270395,46.644090236611916,46.8099365234375,303680,14215241.5234375
2023-02-15 00:00:00,46.27093688617045,47.0587043762207,46.27093688617045,47.0587043762207,379440,17855954.788513184
2023-02-16 00:00:00,46.644093734877444,47.18309341667138,45.566097534544625,46.43678665161133,446860,20750742.483139038
2023-02-17 00:00:00,46.768480757039725,47.18309493693102,46.06363475327144,46.35386657714844,465240,21565672.88635254
2023-02-21 00:00:00,45.897786370359036,46.10509345091758,44.985636481203464,45.44171142578125,463880,21079501.096191406
2023-02-22 00:00:00,45.731943836454036,46.18801878701488,43.783255355686734,43.990562438964844,450900,19835344.603729248
2023-02-23 00:00:00,44.23933092521012,44.902716131585706,43.82471675285293,44.488101959228516,408460,18171610.12626648
2023-02-24 00:00:00,43.82471349656046,43.949099004327486,42.954024431955894,43.28571701049805,329200,14249658.039855957
2023-02-27 00:00:00,43.90763401055623,43.90763401055623,42.95402031117336,43.16132736206055,369960,15967964.67086792
2023-02-28 00:00:00,43.07841258117491,43.990562483214106,42.99548784982722,43.244258880615234,528540,22856320.588760376
2023-03-01 00:00:00,42.87110520715568,43.41010172261519,42.37356631220647,42.622337341308594,224800,9581501.434326172
2023-03-02 00:00:00,42.49794543187247,43.20278813958707,42.49794543187247,43.16132736206055,271640,11724342.964630127
2023-03-03 00:00:00,43.534488677978516,43.70033498178375,42.912567411150256,43.534488677978516,354720,15442553.823852539
2023-03-06 00:00:00,43.45156060862151,43.45156060862151,42.66379315581497,42.82963943481445,441140,18893867.140274048
2023-03-07 00:00:00,42.871101873144035,43.078408939103866,41.83456654334488,42.166255950927734,827460,34890890.14915466
2023-03-08 00:00:00,42.29064675820595,42.41503227867922,41.87603257430197,42.33210754394531,568200,24053103.506469727
2023-03-09 00:00:00,42.49795238291804,42.66379868340483,41.79310955991801,41.9174919128418,302540,12681718.003311157
2023-03-10 00:00:00,41.83456770004617,41.958950045108296,40.34195741651654,40.9638786315918,460060,18845842.003250122
2023-03-13 00:00:00,40.5907313797696,41.54434215513991,40.38342427687318,40.798038482666016,344840,14068795.590362549
2023-03-14 00:00:00,41.71018335923274,42.2491830260203,41.005340561053586,41.50287628173828,283620,11771045.771026611
2023-03-15 00:00:00,40.71510353595206,41.66871723549914,40.673642758418396,41.3370246887207,367400,15187222.870635986
2023-03-16 00:00:00,40.71510876206875,41.41995472363202,40.34195855311434,41.25410842895508,331580,13679037.272872925
2023-03-17 00:00:00,41.08825913375656,41.08825913375656,40.21757010435447,40.42487716674805,823840,33303630.80505371
2023-03-20 00:00:00,40.715107614957795,41.29556804834567,40.50780054326604,40.9638786315918,349200,14304586.418151855
2023-03-21 00:00:00,41.37848976151336,41.54433287618503,40.549261535136374,40.880950927734375,576320,23560509.638671875
2023-03-22 00:00:00,40.507808584487066,40.75657965050471,39.305429860594145,39.38835144042969,334920,13191946.664428711
2023-03-23 00:00:00,39.595645498722156,39.927338035217424,38.80787809698674,38.973724365234375,255860,9971817.116088867
2023-03-24 00:00:00,38.807882561161456,40.25903203956256,38.64203627383608,40.21757125854492,244460,9831587.469863892
2023-03-27 00:00:00,40.67365761552483,41.0468110761409,40.341968110842785,40.715118408203125,233140,9492322.705688477
2023-03-28 00:00:00,40.38341264331256,40.92240905761719,40.05172010892937,40.92240905761719,268960,11006491.140136719
2023-03-29 00:00:00,41.41995998278153,41.71018866287569,40.963884986952685,41.66872787475586,293840,12243938.998718262
2023-03-30 00:00:00,42.235506371743526,42.27748933650463,41.94162241532091,42.19352340698242,273040,11520519.63104248
2023-03-31 00:00:00,42.6553373937338,43.3270743599551,42.44541939159624,43.285091400146484,432120,18704353.6958313
2023-04-03 00:00:00,43.24309729183003,43.57896728989726,42.02557255270346,42.27747344970703,570040,24099850.965270996
2023-04-04 00:00:00,42.23549897764278,42.27748193505399,41.353844059629935,41.73169708251953,396820,16559972.0362854
2023-04-05 00:00:00,41.60574280208909,42.025578760138615,41.39582482306433,41.773677825927734,475540,19865054.753341675
2023-04-06 00:00:00,42.19352051706025,42.19352051706025,41.395831428855104,41.56376647949219,598720,24885058.266601562
2023-04-10 00:00:00,41.35384876062085,41.52178381245044,40.72409471858094,41.10194778442383,600460,24680075.56663513
2023-04-11 00:00:00,41.05996385647335,41.269881865549195,40.766076721910395,40.89202880859375,492900,20155680.99975586
2023-04-12 00:00:00,41.39582464859391,41.64772558174311,40.80805366918301,40.93400573730469,404240,16547162.479248047
2023-04-13 00:00:00,40.76607032378233,41.017971254519225,40.34623437152279,40.64012145996094,674260,27402008.29559326
2023-04-14 00:00:00,40.556158669158066,40.724093716856814,39.674503672607926,39.968387603759766,970840,38802909.42123413
2023-04-17 00:00:00,40.052361476765626,40.30426247662553,39.54855627395081,40.26227951049805,845560,34044173.06289673
2023-04-18 00:00:00,40.30426152860275,40.59814548767751,39.92640843615312,40.05236053466797,285880,11450168.829650879
2023-04-19 00:00:00,39.7164826069701,40.55615455723625,39.46458166250911,40.5141716003418,385760,15628746.836547852
2023-04-20 00:00:00,40.304254225084925,40.640124291531706,40.052353276797014,40.34623718261719,206240,8321007.956542969
2023-04-21 00:00:00,40.68210441065339,40.80805327446266,40.01036752772159,40.55615234375,187500,7604278.564453125
2023-04-24 00:00:00,40.68211010920691,40.68211010920691,39.80045512666757,40.22029113769531,246140,9899822.460632324
2023-04-25 00:00:00,39.75847017284926,40.09434027312904,38.918798125244464,39.04475021362305,399540,15599939.500350952
2023-04-26 00:00:00,38.7508655981345,39.38061962278613,38.1630945345074,38.37301254272461,394420,15135083.60710144
2023-04-27 00:00:00,38.540941329767506,38.96077727800857,38.41498926405755,38.876808166503906,335600,13047056.820678711
2023-04-28 00:00:00,38.876817062628106,39.75847211506334,38.876817062628106,39.4645881652832,391920,15466961.393737793
2023-05-01 00:00:00,39.38061807887027,39.63251903823623,38.83482999766529,39.08673095703125,351060,13721787.76977539
2023-05-02 00:00:00,39.00276503827409,39.71648495699339,38.62491199767791,39.08673095703125,1261840,49321200.59082031
2023-05-03 00:00:00,40.68210663101389,41.10194260614696,39.92640059453663,40.5141716003418,730620,29600464.054641724
2023-05-04 00:00:00,40.05236278062652,40.30426378868679,39.54855756141087,39.92641067504883,389340,15544948.73222351
2023-05-05 00:00:00,40.34623436764043,40.598135298353085,39.96838137002438,40.55615234375,400380,16237872.275390625
2023-05-08 00:00:00,40.55615394559418,40.89202400187298,40.30425300493221,40.59813690185547,414580,16831175.59677124
2023-05-09 00:00:00,40.388217928675225,40.76607093196476,39.884416059685286,40.47218704223633,419660,16984558.014144897
2023-05-10 00:00:00,40.85004713096322,41.68971919365028,39.968388902666035,41.479801177978516,747280,30997025.824279785
2023-05-11 00:00:00,41.05995941180776,41.185908281762764,40.514171366053276,40.975990295410156,263120,10781602.56652832
2023-05-12 00:00:00,41.059965791344524,41.31186677348696,40.80806160610732,41.22789764404297,266020,10967445.33126831
2023-05-15 00:00:00,41.89962546658728,42.61334523860722,41.7736734112455,41.85763931274414,371560,15552624.463043213
2023-05-16 00:00:00,41.605752310136495,41.689721442792134,41.31186835357901,41.353851318359375,549420,22720632.991333008
2023-05-17 00:00:00,41.60575229104229,42.27748933650463,41.31186833461968,42.19352340698242,372260,15706961.023483276
2023-05-18 00:00:00,41.85765139985912,42.82327556140317,41.85765139985912,42.61335754394531,401360,17103297.18383789
2023-05-19 00:00:00,42.94922157737988,43.11715340511419,42.277481454065466,42.65533447265625,312600,13334057.556152344
2023-05-22 00:00:00,42.571367344555796,43.28508720135256,42.48739822998934,42.99120330810547,225180,9680759.16091919
2023-05-23 00:00:00,43.0331894654568,43.66294345763421,42.94922354773759,43.075172424316406,287640,12390142.596130371
2023-05-24 00:00:00,42.907237285154984,42.907237285154984,42.19351737693221,42.23550033569336,270240,11413721.610717773
2023-05-25 00:00:00,42.193518260989826,42.27748418027141,41.35384625579599,41.68971633911133,371580,15491064.797286987
2023-05-26 00:00:00,41.689717995477665,42.61335595664996,41.60574886976542,42.487403869628906,322080,13684343.038330078
2023-05-30 00:00:00,42.82327208765771,43.4530260889468,42.65533704669507,42.9072380065918,415820,17841687.707901
2023-05-31 00:00:00,42.99120149918394,43.620955418010574,42.697314415208396,43.41103744506836,835540,36271658.22685242
2023-06-01 00:00:00,43.15914128473745,43.788895273115365,42.90723712691074,43.6209602355957,414960,18100953.659362793
2023-06-02 00:00:00,44.166745207097506,44.83848535874925,43.95682721047994,44.46063232421875,373200,16592707.983398438
2023-06-05 00:00:00,44.29269493543185,44.46062996443148,43.32707092100463,43.662940979003906,335180,14634944.55734253
2023-06-06 00:00:00,43.78889537989732,44.58658120464568,43.62096034196814,44.37666320800781,352820,15656974.313049316
2023-06-07 00:00:00,44.67055447892579,45.090390511240706,44.460636462768335,44.8384895324707,591400,26517482.709503174
2023-06-08 00:00:00,44.71253840195179,44.75452136546612,43.914849282800354,44.1247673034668,455520,20099714.002075195
2023-06-09 00:00:00,44.08277907916729,44.2087311577741,42.781288146972656,42.781288146972656,599600,25651660.372924805
2023-06-12 00:00:00,42.73930678493343,42.991207748462045,42.57137174154951,42.823272705078125,730880,31298673.5546875
2023-06-13 00:00:00,42.61335128110687,43.57897530073419,42.61335128110687,43.11715316772461,661000,28500438.243865967
2023-06-14 00:00:00,43.28509424292221,43.704930274770334,42.94922733930055,43.15914535522461,482960,20844140.840759277
2023-06-15 00:00:00,42.907239938489454,43.5369939681332,42.865256977132134,43.32707595825195,725920,31451990.979614258
2023-06-16 00:00:00,43.78889814246641,43.83088110382373,43.1171579483707,43.32707595825195,1319340,57163144.39476013
2023-06-20 00:00:00,43.03318486355319,43.0751678179232,42.4034309387207,42.4034309387207,315320,13370649.843597412
2023-06-21 00:00:00,42.109552341708245,42.23550122063062,41.563764257094455,41.68971633911133,493680,20581379.16229248
2023-06-22 00:00:00,41.73169720284222,41.89963223606561,40.304254225084925,40.34623718261719,431320,17402139.021606445
2023-06-23 00:00:00,39.92640458829976,40.304257644334314,39.04474959294887,39.12871551513672,1222200,47823116.1026001
2023-06-26 00:00:00,39.12872020648596,40.430214578102984,39.04475427423098,40.26227951049805,403320,16238582.572174072
2023-06-27 00:00:00,40.43020545274994,41.22789123841443,40.17830130665139,40.975990295410156,489540,20059386.289215088
2023-06-28 00:00:00,40.76607131958008,40.97598930083754,40.47218742705731,40.76607131958008,378960,15448710.387268066
2023-06-29 00:00:00,40.44709084976841,41.51036875457234,40.40456038254958,41.467838287353516,291700,12096168.42842102
2023-06-30 00:00:00,41.72302433553313,41.89314944927509,40.91493247890881,41.467838287353516,530480,21997858.854675293
2023-07-03 00:00:00,41.3402516280923,41.97821849423488,41.3402516280923,41.93568801879883,136580,5727576.269607544
2023-07-05 00:00:00,41.76555841224732,42.40352521026455,41.382780929330536,42.06327819824219,347800,14629608.157348633
2023-07-06 00:00:00,41.510372161865234,41.55290263257509,40.914935837326546,41.510372161865234,284560,11812191.502380371
2023-07-07 00:00:00,41.46783894174957,41.680494526066234,41.255183357432905,41.34024429321289,363000,15006508.67843628
2023-07-10 00:00:00,41.12759347830258,42.44606084985677,41.04253253265841,42.31846618652344,618700,26182435.02960205
2023-07-11 00:00:00,42.48859520903566,43.50934287446709,42.105814428890454,43.38174819946289,557700,24194000.970840454
2023-07-12 00:00:00,44.06223801472899,44.274893606735276,43.8921128921506,43.93464660644531,284600,12503800.424194336
2023-07-13 00:00:00,43.849586486816406,44.232367236878204,43.72199506670722,43.849586486816406,273400,11988476.945495605
2023-07-14 00:00:00,43.594390062204454,43.93464025819747,43.381734500925404,43.67945098876953,251260,10974898.855438232
2023-07-17 00:00:00,43.59439851234895,44.10477066040039,43.084026364297515,44.10477066040039,438420,19336413.55293274
2023-07-18 00:00:00,44.31742708754656,44.530082694002864,43.29668277244995,43.50933837890625,311280,13543586.850585938
2023-07-19 00:00:00,44.14729650139255,44.4875434577748,43.892107228022866,44.18982696533203,381680,16866373.15612793
2023-07-20 00:00:00,44.104763435751096,44.232358074296606,43.509330442182566,44.062232971191406,242100,10667466.60232544
2023-07-21 00:00:00,44.27489471435547,44.65767543851613,43.93464770555359,44.27489471435547,218000,9651927.047729492
2023-07-24 00:00:00,44.1473037339719,44.78527053218036,43.97717860547626,44.74273681640625,222900,9973156.036376953
2023-07-25 00:00:00,44.48754590315803,45.04045169936251,44.3174207931823,44.91285705566406,237140,10650634.922180176
2023-07-26 00:00:00,45.040451534781674,45.635887795087676,45.040451534781674,45.50829315185547,221380,10074625.937957764
2023-07-27 00:00:00,45.635883548718645,45.720944473047574,44.14729465889849,44.445011138916016,277040,12313045.885925293
2023-07-28 00:00:00,44.70020546319384,44.8278001182638,43.76452214223699,43.80705261230469,262360,11493218.323364258
2023-07-31 00:00:00,43.807047643941374,43.93464228454023,42.57364468266292,42.82883071899414,596540,25549110.677108765
2023-08-01 00:00:00,42.828837259256055,43.041492862817144,42.190870448572795,42.488590240478516,404000,17165390.45715332
2023-08-02 00:00:00,42.31846155512012,43.29667854730577,41.89315038371188,42.40352249145508,413700,17542337.254714966
2023-08-03 00:00:00,42.23339908810408,42.23339908810408,41.21265166474628,42.105804443359375,347080,14614082.606201172
2023-08-04 00:00:00,42.23340209220365,42.7012437481012,41.85062137560861,42.19086837768555,304880,12863151.95098877
2023-08-07 00:00:00,41.97820588023457,42.701236724853516,41.765550322087755,42.701236724853516,376560,16079577.70111084
2023-08-08 00:00:00,42.23340061878516,42.57364760899172,41.93568085187936,42.40352249145508,206000,8735125.633239746
2023-08-09 00:00:00,42.31846196306316,42.61617848797218,41.978211724709915,42.360992431640625,345500,14635722.885131836
2023-08-10 00:00:00,42.44606001469659,42.70124609147519,41.85062367230185,41.89315414428711,284100,11901845.092391968
2023-08-11 00:00:00,41.55289928663348,41.97821044921875,41.510368819348294,41.97821044921875,404180,16966753.099365234
2023-08-14 00:00:00,41.808086546705404,41.89314747713878,40.91493055282245,41.212650299072266,427440,17615935.24383545
2023-08-15 00:00:00,40.7022808754923,41.04253113622646,40.574689461367214,40.872406005859375,224720,9184847.077636719
2023-08-16 00:00:00,41.00000064897339,41.00000064897339,40.36203384399414,40.36203384399414,369960,14932338.040924072
2023-08-17 00:00:00,40.27697223974169,40.61722252216745,39.89419472809668,39.97925567626953,388660,15538337.511138916
2023-08-18 00:00:00,39.596461771701435,40.36202303052021,39.596461771701435,40.23442840576172,218480,8790417.91809082
2023-08-21 00:00:00,40.06430660744439,40.106840315763584,39.51140409282485,39.7665901184082,213960,8508459.62173462
2023-08-22 00:00:00,40.02177286107496,40.276958865725845,39.596461771701435,40.23442840576172,219920,8848355.494995117
2023-08-23 00:00:00,40.40456329953441,41.59543593683586,40.31950235895583,41.55290222167969,357660,14861811.008605957
2023-08-24 00:00:00,41.51036786422293,42.02074319450185,40.95746531250399,41.04252624511719,468480,19227602.6953125
2023-08-25 00:00:00,41.29771679393265,41.46784192258845,40.74481418188496,40.91493606567383,330080,13505202.096557617
2023-08-28 00:00:00,41.127587585487525,41.93567943279099,40.999996185302734,40.999996185302734,459860,18854258.245773315
2023-08-29 00:00:00,40.829875705885435,41.51037298534346,40.787345234331866,41.42531204223633,646900,26798034.36012268
2023-08-30 00:00:00,41.4253132795094,41.8931549703059,41.382782806685555,41.8080940246582,263600,11020613.584899902
2023-08-31 00:00:00,41.68049920481817,41.97821575833433,41.34024893377079,41.765560150146484,460440,19230534.515533447
2023-09-01 00:00:00,42.06328268997426,42.31846878745783,41.7230323967513,41.93568801879883,273140,11454313.825454712
2023-09-05 00:00:00,41.6379685712349,41.76555998873427,40.7022819519043,40.7022819519043,421620,17160896.11656189
2023-09-06 00:00:00,40.74480949480168,40.914931359020564,40.27696463360007,40.489620208740234,244260,9889994.63218689
2023-09-07 00:00:00,40.40456262211563,41.38277964670306,40.40456262211563,41.17012405395508,229720,9457600.89767456
2023-09-08 00:00:00,41.170125381091,41.425311451641235,40.872405594726615,40.91493606567383,214940,8794256.357955933
2023-09-11 00:00:00,41.08506119432963,41.08506119432963,40.61721952417638,40.91493606567383,221820,9075751.118087769
2023-09-12 00:00:00,40.65974889736157,40.8298740214242,40.44709330349998,40.57468795776367,215960,8762509.611358643
2023-09-13 00:00:00,40.489626342388824,40.659751477246004,40.106848845044006,40.19190979003906,343140,13791451.925354004
2023-09-14 00:00:00,40.659750574804185,41.55290345689703,40.659750574804185,41.42531204223633,386340,16004255.054397583
2023-09-15 00:00:00,41.17011983385557,41.510366800455586,40.872400087605754,41.212650299072266,1406940,57983726.21177673
2023-09-18 00:00:00,41.17011983385557,41.68049190618884,40.787339157172376,41.212650299072266,462400,19056729.498291016
2023-09-19 00:00:00,41.17012405395508,41.46784058585551,40.9574684612071,41.17012405395508,214100,8814523.559951782
2023-09-20 00:00:00,41.467836987636986,41.893148136228135,41.04252583904584,41.08505630493164,274380,11272917.748947144
2023-09-21 00:00:00,40.78734640060113,40.78734640060113,39.596473693847656,39.596473693847656,395320,15653277.980651855
2023-09-22 00:00:00,39.72406498307541,40.31950128587899,39.553939861579124,40.06431198120117,459120,18394326.916809082
2023-09-25 00:00:00,39.76659458853249,39.979250174567426,39.34128341646263,39.638999938964844,212380,8418530.807037354
2023-09-26 00:00:00,39.468876709261885,39.511407176033515,38.5757206827246,38.745845794677734,281740,10916254.594192505
2023-09-27 00:00:00,38.95850796751069,39.17116358222949,38.235480175413635,38.40560531616211,303840,11669159.119262695
2023-09-28 00:00:00,38.59967340746803,39.28972277678112,38.29777783664822,38.68592834472656,589360,22799938.729248047
2023-09-29 00:00:00,39.24659964743625,39.462240304839746,38.21152383381641,38.384037017822266,474240,18203245.71533203
2023-10-02 00:00:00,38.29778012704875,38.513420773506425,37.30583183717741,37.823368072509766,500220,18920005.177230835
2023-10-03 00:00:00,37.65086023587408,37.737115182983345,36.831425076674805,37.04706573486328,365680,13547370.997924805
2023-10-04 00:00:00,37.219578157262866,37.435218811035156,36.52952543285935,37.435218811035156,300320,11242544.913330078
2023-10-05 00:00:00,37.43522377526667,37.65086445763476,36.917684163333846,37.26271057128906,680400,25353548.272705078
2023-10-06 00:00:00,37.00394123836058,37.56460502050812,36.61578736431039,37.133323669433594,354260,13154851.243133545
2023-10-09 00:00:00,37.04706599313586,38.039011053468975,36.91768028115464,37.780242919921875,352920,13333403.331298828
2023-10-10 00:00:00,37.90962910306413,38.51342361578854,37.43522030392901,37.47834777832031,448040,16791798.938598633
2023-10-11 00:00:00,37.73711245578945,38.16839374099847,37.21957622970465,37.69398498535156,308500,11628594.367980957
2023-10-12 00:00:00,37.52147903455282,37.52147903455282,35.92573928833008,35.92573928833008,764380,27460916.597213745
2023-10-13 00:00:00,36.44327127365839,36.61578445848067,35.92573500960688,36.227630615234375,380100,13770122.396850586
2023-10-16 00:00:00,36.57265724470444,37.04706603852458,36.14137592479243,36.96080780029297,393020,14526336.681671143
2023-10-17 00:00:00,36.48639605115835,37.780239906095986,36.48639605115835,36.874549865722656,360080,13277787.915649414
2023-10-18 00:00:00,36.572664158707745,36.83143234149159,36.184510239324,36.52953338623047,395520,14448161.044921875
2023-10-19 00:00:00,36.27074960143774,36.443262745891744,35.10629163459874,35.278804779052734,340660,12018077.636032104
2023-10-20 00:00:00,35.49445456479303,35.92573589223686,35.32194137573242,35.32194137573242,315560,11146191.820526123
2023-10-23 00:00:00,34.9769142798279,35.49445383638898,34.84753185849913,34.89065933227539,246820,8611712.536392212
2023-10-24 00:00:00,35.10629610746038,35.79634548278038,35.10629610746038,35.4081916809082,343060,12147134.238052368
2023-10-25 00:00:00,35.14942357509951,35.32193674152655,34.0280929289462,34.07122039794922,936240,31898839.385375977
2023-10-26 00:00:00,34.45937376688811,34.67501439960905,33.984965032985045,34.37311553955078,943540,32432409.436187744
2023-10-27 00:00:00,34.54562957957409,34.54562957957409,33.553684618160034,33.769325256347656,964560,32572540.369262695
2023-10-30 00:00:00,34.15747494621211,34.41624633810753,33.42429811028159,33.8555793762207,1144560,38749741.93084717
2023-10-31 00:00:00,34.37312132466535,35.149429049281935,33.81245755947823,34.11435317993164,934520,31880545.333709717
2023-11-01 00:00:00,34.28686060262838,34.93378250079118,33.89870680564771,34.37311553955078,624740,21474260.202178955
2023-11-02 00:00:00,35.1494255065918,35.494451858405384,34.976912330685,35.1494255065918,394480,13865745.373840332
2023-11-03 00:00:00,35.96886136622282,36.74516573819253,35.75322071449536,36.400142669677734,545180,19844629.780654907
2023-11-06 00:00:00,36.141375668030896,36.35701632645491,35.58070863996233,36.227630615234375,558560,20235305.356445312
2023-11-07 00:00:00,36.18449937831661,36.18449937831661,35.53757747032674,35.71009063720703,276500,9873840.061187744
2023-11-08 00:00:00,35.753222945698674,36.098246035744864,35.62383723042171,36.055118560791016,308020,11105697.619094849
2023-11-09 00:00:00,36.313884450065565,36.35701521276144,35.45132184279166,35.58070755004883,496040,17649454.17312622
2023-11-10 00:00:00,35.75322605857325,35.88260849469954,35.408199648071715,35.62384033203125,293580,10458447.044677734
2023-11-13 00:00:00,35.27881317709237,35.49445383638898,34.84753185849913,34.89065933227539,276860,9659827.942733765
2023-11-14 00:00:00,36.35701216232389,37.43521533095253,35.623832033407446,36.8314208984375,343940,12667798.903808594
2023-11-15 00:00:00,36.74516573819253,37.26270527658756,36.400142669677734,36.400142669677734,275760,10037703.342590332
2023-11-16 00:00:00,36.357019462910934,36.57266013993789,35.710097431830064,35.79635238647461,357540,12798627.832260132
2023-11-17 00:00:00,36.18450081391944,36.18450081391944,35.32193823571119,35.45132064819336,379580,13456612.291641235
2023-11-20 00:00:00,35.32194469065419,35.75322605857325,35.063176527985895,35.62384033203125,345440,12305899.404296875
2023-11-21 00:00:00,35.36506762476025,36.1413753034211,35.106299495345056,36.01198959350586,519400,18704627.394866943
2023-11-22 00:00:00,36.48640590416915,36.745174086953,36.184510239324,36.52953338623047,645900,23594425.61416626
2023-11-24 00:00:00,36.40014221876671,36.78829604515087,36.18450156971053,36.7020378112793,116760,4285329.934844971
2023-11-27 00:00:00,36.74516714033697,37.17644846024897,36.443271532564694,36.96080780029297,377940,13968967.700042725
2023-11-28 00:00:00,36.74516714033697,37.04706603852458,36.35701658474843,36.96080780029297,288960,10680195.021972656
2023-11-29 00:00:00,37.39208984375,37.69398874777942,37.21957994477937,37.39208984375,355520,13293635.78125
2023-11-30 00:00:00,37.52147448558505,38.25465140649358,37.52147448558505,37.86650085449219,703020,26620907.430725098
2023-12-01 00:00:00,37.82337070243601,38.858446535486536,37.73711575402154,38.8153190612793,384840,14937687.387542725
2023-12-04 00:00:00,38.685933595029184,39.59162701123564,38.685933595029184,39.54849624633789,440580,17424276.476211548
2023-12-05 00:00:00,39.28972588622307,39.50536653685043,38.90157205701077,39.0740852355957,445320,17400471.63711548
2023-12-06 00:00:00,39.28973239862455,39.67788629217462,38.94470927468117,39.246604919433594,398960,15657825.498657227
2023-12-07 00:00:00,39.246600634546,39.80726767406281,38.98783249723646,39.54849624633789,370660,14659045.618667603
2023-12-08 00:00:00,39.28972402538222,39.7210053062106,39.07408338496803,39.63475036621094,309140,12252686.72821045
2023-12-11 00:00:00,39.721009793194796,40.06603617299855,39.46224165354968,39.764137268066406,282020,11214281.992340088
2023-12-12 00:00:00,39.893516967922466,39.893516967922466,39.332850007882996,39.59162139892578,334900,13259234.006500244
2023-12-13 00:00:00,39.54849693403665,41.27362226665182,39.54849693403665,41.101112365722656,451160,18543177.854919434
2023-12-14 00:00:00,42.13617908530865,42.56746035860931,41.53238793501971,42.1793098449707,954700,40268587.10899353
2023-12-15 00:00:00,42.093054311425526,42.17931254585807,41.316749944023876,41.53239059448242,1069140,44403940.08018494
2023-12-18 00:00:00,41.70490426887789,41.70490426887789,41.144240501032485,41.23049545288086,337860,13930135.193710327
2023-12-19 00:00:00,41.446126930960446,41.87740817538337,41.446126930960446,41.70489501953125,632460,26376677.904052734
2023-12-20 00:00:00,41.74803503521757,42.351826278987154,41.18736797695667,41.23049545288086,524200,21613025.716400146
2023-12-21 00:00:00,41.61864627493451,42.04992758348306,41.31675067511664,41.96367263793945,859520,36068615.90576172
2023-12-22 00:00:00,42.26556732782419,43.04187498266459,42.13618162187906,42.56746292114258,595680,25356586.31286621
2023-12-26 00:00:00,42.73997802157391,43.25751757822058,42.48120988845825,43.12813186645508,207520,8949949.924926758
2023-12-27 00:00:00,43.085003631580925,43.559412415648495,42.998745395122555,43.51628494262695,226140,9840772.67692566
2023-12-28 00:00:00,43.42890177623043,44.08426748713925,43.34151768142516,43.996883392333984,298880,13149788.508300781
2023-12-29 00:00:00,43.82212259811404,43.99688412390572,43.297828020651686,43.34151840209961,456600,19789737.30239868
2024-01-02 00:00:00,43.297828020651686,43.77842888330368,42.94830163570588,43.34151840209961,276180,11970060.55229187
2024-01-03 00:00:00,42.81721808439547,42.904598828774034,42.161852501471046,42.24923324584961,547760,23142440.002746582
2024-01-04 00:00:00,42.46769874256864,42.46769874256864,41.812333000656395,42.07448196411133,358140,15068554.970626831
2024-01-05 00:00:00,41.637564725397475,42.42400148829418,41.46279988918866,41.987091064453125,276420,11606071.712036133
2024-01-08 00:00:00,42.07448058041804,42.99199192224871,41.94340610300119,42.773536682128906,216400,9256193.338012695
2024-01-09 00:00:00,42.16186244217391,42.59877293380266,41.94340719635954,42.38031768798828,208820,8849857.939605713
2024-01-10 00:00:00,42.380316209773376,42.686152209901,42.33662582880691,42.511390686035156,268460,11412607.943572998
2024-01-11 00:00:00,42.20555291813344,42.33662739925735,41.68126166036285,41.76864242553711,341880,14279863.472442627
2024-01-12 00:00:00,42.46769988133611,42.55508398261846,41.375423615526415,41.6812629699707,523980,21840148.17100525
2024-01-16 00:00:00,41.28803742299589,41.46280226923657,40.720052506054245,40.89481735229492,381900,15617730.74684143
2024-01-17 00:00:00,40.02099887782502,40.67636459088994,38.84134192765313,39.80254364013672,740440,29471395.412902832
2024-01-18 00:00:00,39.889922033857594,40.10837724032262,39.05979158261813,39.67146682739258,540940,21459883.26560974
2024-01-19 00:00:00,39.93361760958644,41.06958416448483,39.58408790037355,40.76374816894531,634840,25878457.887573242
2024-01-22 00:00:00,41.1569605900941,41.81232622581766,41.025889462966596,41.37541580200195,540080,22346034.566345215
2024-01-23 00:00:00,41.812332727329306,41.85602644319453,40.93851174382514,41.200660705566406,283820,11693571.521453857
2024-01-24 00:00:00,41.724948136132376,41.76863851462866,40.41421678107063,40.58898162841797,362720,14722435.416259766
2024-01-25 00:00:00,41.419117446886034,41.59387898320664,40.85113245375613,41.06958770751953,423740,17402827.095184326
2024-01-26 00:00:00,41.41911595144244,41.7686423448266,41.025895842193066,41.200660705566406,460400,18968784.188842773
2024-01-29 00:00:00,41.06958319379397,41.81232964161342,40.894818343318136,41.72494888305664,352520,14708878.980255127
2024-01-30 00:00:00,41.50649463431978,41.5501850146308,40.63267369464989,40.76374816894531,419680,17107729.83154297
2024-01-31 00:00:00,40.85112686742857,40.98220133510744,39.71516036987305,39.71516036987305,582160,23120577.760925293
2024-02-01 00:00:00,39.71515945437062,40.7200514610828,39.14717455200479,40.676361083984375,584020,23755808.400268555
2024-02-02 00:00:00,39.84623819038099,40.50160397202122,39.58409254439744,40.064693450927734,365520,14644446.750183105
2024-02-05 00:00:00,39.36562644423045,39.496700897811266,38.84133529663086,38.84133529663086,807640,31369816.038970947
2024-02-06 00:00:00,38.75395708755883,39.758852494951995,38.66657632750826,39.27825164794922,516420,20284074.716033936
2024-02-07 00:00:00,39.103489014840775,39.19086977985295,38.40443289465579,38.49181365966797,435740,16772422.88406372
2024-02-08 00:00:00,38.53549977591668,39.71515997315627,38.36073826524014,39.4530143737793,521420,20571590.754776
2024-02-09 00:00:00,39.32194072493814,39.71516079885996,39.103485498688485,39.365631103515625,484080,19056114.704589844
2024-02-12 00:00:00,39.3656365867252,39.97731197209648,39.3656365867252,39.540401458740234,376420,14883797.917098999
2024-02-13 00:00:00,38.273357763506,38.66657786610499,37.74906651561567,38.53550338745117,475380,18319007.600326538
2024-02-14 00:00:00,38.7976523447588,39.01610758694019,38.273357763506,38.53550338745117,365680,14091662.878723145
2024-02-15 00:00:00,39.49670874423946,39.75885437011719,37.48692116802692,38.22966766357422,1262400,48261132.458496094
2024-02-16 00:00:00,37.967517450897766,38.62288310309958,37.48691663928884,37.70537185668945,579160,21837443.164520264
2024-02-20 00:00:00,37.31215869827466,37.88014036852733,37.05001305559168,37.74906921386719,519260,19601581.679992676
2024-02-21 00:00:00,37.83645445354391,38.27336502075195,37.617999169939885,38.27336502075195,572840,21924514.41848755
2024-02-22 00:00:00,38.098588984593704,38.36073791493894,37.617988167897636,37.9675178527832,456300,17324578.396224976
2024-02-23 00:00:00,37.96752447166345,38.05490524143688,37.4432298529348,37.74906921386719,283620,10706391.010437012
2024-02-26 00:00:00,37.18108117156764,37.661682032768994,36.962625931624984,37.09370040893555,385480,14298879.633636475
2024-02-27 00:00:00,37.22477127548822,37.44322651380297,37.181080894497754,37.3995361328125,305060,11409102.492675781
2024-02-28 00:00:00,37.05000533054231,37.88013247039369,36.96262124562606,37.44322204589844,337180,12625105.609436035
2024-02-29 00:00:00,37.92383276953453,38.14228801974299,37.61799341922513,37.836448669433594,377500,14283259.372711182
2024-03-01 00:00:00,37.749063669670164,38.22966449956367,37.31215321824658,38.18597412109375,311060,11878129.110107422
2024-03-04 00:00:00,38.185976829092354,38.62288731149991,37.705375965116545,38.57919692993164,273440,10549095.608520508
2024-03-05 00:00:00,38.360738968335625,39.10348540241083,37.96751889538196,38.18597412109375,435360,16624645.693359375
2024-03-06 00:00:00,38.535496016062915,38.88502567003719,38.14227932204413,38.84133529663086,477160,18533531.55014038
2024-03-07 00:00:00,39.23455827304063,39.23455827304063,38.579192622600274,39.19086456298828,454880,17827140.47241211
2024-03-08 00:00:00,39.54039655822493,40.10838148853881,39.27825094937324,39.933616638183594,601260,24010486.339874268
2024-03-11 00:00:00,39.933624602537904,40.32684476092032,39.540404444155484,40.195770263671875,419840,16875792.1875
2024-03-12 00:00:00,40.06468860202773,40.23945345598645,39.0597965251492,39.84623336791992,498540,19864941.183242798
2024-03-13 00:00:00,39.58408840244841,40.15207335378296,39.58408840244841,39.80254364013672,764340,30422676.2059021
2024-03-14 00:00:00,39.584091123569536,39.80254637627507,38.53550524391047,39.016109466552734,595940,23251260.275497437
2024-03-15 00:00:00,38.535498747961746,39.40931961148344,38.535498747961746,39.23455810546875,1034200,40576379.99267578
2024-03-18 00:00:00,39.103485107421875,39.40932108776634,38.885029883358065,39.103485107421875,431340,16866897.26623535
2024-03-19 00:00:00,38.97241723958437,39.409327761702414,38.710271592986096,38.88503646850586,407200,15833986.849975586
2024-03-20 00:00:00,38.666579150134204,39.93362026353428,38.360743134269136,39.62778091430664,546620,21661337.603378296
2024-03-21 00:00:00,40.10838148853881,40.32683671814226,39.58408693747316,39.933616638183594,389540,15555741.025238037
2024-03-22 00:00:00,39.977306003677114,40.06468675995776,39.01610435114122,39.103485107421875,398260,15573353.978881836
2024-03-25 00:00:00,39.190868938612255,39.40932417981603,38.53550321500093,38.57919692993164,310760,11988871.237945557
2024-03-26 00:00:00,38.797651305759075,38.797651305759075,37.92383036043443,38.317047119140625,493700,18917126.162719727
2024-03-27 00:00:00,38.80487585670848,39.470102299966335,38.67182921465024,39.42575454711914,381240,15030674.663543701
2024-03-28 00:00:00,39.6918511127836,40.13533548275884,39.60315559219544,40.002288818359375,363400,14536831.756591797
2024-04-01 00:00:00,40.0022840282099,40.268377325144975,39.15966653297156,39.38140869140625,299500,11794731.903076172
2024-04-02 00:00:00,38.93792634875654,39.11531737768485,38.31704759695645,38.67183303833008,468500,18117753.77845764
2024-04-03 00:00:00,38.40574356073032,38.93792680429228,38.31704804522851,38.84922790527344,395000,15345445.022583008
2024-04-04 00:00:00,39.38141160537105,39.86924371332035,38.76053283910964,39.0266227722168,410460,16018867.583084106
2024-04-05 00:00:00,38.89358034513911,39.38141588967713,38.627490383084016,39.29271697998047,294200,11559917.335510254
2024-04-08 00:00:00,39.6031564601715,40.97795736052257,39.6031564601715,40.357078552246094,788120,31806220.74859619
2024-04-09 00:00:00,40.35707282552016,41.33273696899414,40.35707282552016,41.33273696899414,651940,26946464.53956604
2024-04-10 00:00:00,39.91359373255377,40.13533591995685,39.51445711852478,40.09098815917969,465840,18675985.924072266
2024-04-11 00:00:00,40.22403188493067,40.62316850335964,39.647504221437536,40.357078552246094,492760,19886354.027404785
2024-04-12 00:00:00,40.22403335571289,40.40142779078074,40.00229115775743,40.22403335571289,423880,17050163.25881958
2024-04-15 00:00:00,40.35707525931824,40.40142301696574,39.20401664289827,39.603153228759766,373260,14782272.97416687
2024-04-16 00:00:00,39.24836878435715,39.42576321827806,38.760536628712686,39.11532211303711,478720,18725287.001953125
2024-04-17 00:00:00,39.115321842223416,39.115321842223416,37.784868672304015,37.829219818115234,507000,19179414.447784424
2024-04-18 00:00:00,37.873566706278126,38.05096113487655,37.252687897942295,37.56312561035156,326100,12249335.261535645
2024-04-19 00:00:00,37.60746862748453,38.405738308380954,37.563117492282025,38.05095291137695,1014480,38601930.70953369
2024-04-22 00:00:00,38.09530496489012,38.53878929886202,37.873562797904164,38.40574264526367,585320,22479649.285125732
2024-04-23 00:00:00,38.49444435278035,38.98227647906436,38.31704992953601,38.893577575683594,398920,15515425.9664917
2024-04-24 00:00:00,38.53878446189958,38.671827715282866,37.829210293305835,37.873558044433594,624280,23643704.815979004
2024-04-25 00:00:00,37.43007851277957,37.91791060408191,37.16398858875257,37.47442626953125,1175640,44056434.49951172
2024-04-26 00:00:00,37.56312032751437,38.00660464488061,37.47442481744785,37.60747146606445,337680,12699290.964660645
2024-04-29 00:00:00,37.917918740581484,38.40575093656379,37.65182875945638,37.74052429199219,464760,17540286.06994629
2024-04-30 00:00:00,37.29703861111489,37.651827496391775,37.030948638916016,37.030948638916016,531140,19668618.060073853
2024-05-01 00:00:00,37.16398858875257,38.13965277135725,37.07528969173226,37.47442626953125,569300,21334190.87524414
2024-05-02 00:00:00,37.69617169402366,38.53879267918176,37.2526873211528,38.13965606689453,608900,23223236.57913208
2024-05-03 00:00:00,38.84922745077539,39.29271179013017,38.45009086865269,38.67183303833008,389340,15056491.475143433
2024-05-06 00:00:00,38.89357518444792,38.937926325170125,38.361395330951346,38.494441986083984,389380,14988965.820541382
2024-05-07 00:00:00,38.76053429588824,39.070971998927924,38.671835392507475,38.893577575683594,307860,11973776.792449951
2024-05-08 00:00:00,38.58314088392009,38.937929739707876,38.31705093383789,38.31705093383789,353300,13537414.094924927
2024-05-09 00:00:00,38.40574775905346,39.11532211118613,38.317052233855904,38.937931060791016,330720,12877552.560424805
2024-05-10 00:00:00,39.15967090230869,39.3814130854848,38.58313987264391,38.893577575683594,321860,12518286.878509521
2024-05-13 00:00:00,39.47010712190108,39.47010712190108,38.849228355639674,39.0266227722168,286980,11199860.203170776
2024-05-14 00:00:00,39.60315332110695,39.78054435211057,38.71618463202072,38.84922790527344,353700,13740971.910095215
2024-05-15 00:00:00,39.47011332962787,39.647507774105,39.20402335467098,39.337066650390625,446160,17550625.65673828
2024-05-16 00:00:00,39.47010423361275,39.78054190226815,39.204014319977155,39.558799743652344,594800,23529574.087524414
2024-05-17 00:00:00,39.73620330458477,39.73620330458477,38.93793337971409,39.337066650390625,581120,22859556.171875
2024-05-20 00:00:00,39.24836539793463,39.60315423516461,39.07097097931963,39.204017639160156,354360,13892335.690612793
2024-05-21 00:00:00,39.159668976563836,39.20401673431474,38.627485733001876,38.84922790527344,291880,11339312.640991211
2024-05-22 00:00:00,38.671833480155854,39.11531782457744,38.671833480155854,38.76053237915039,271200,10511856.381225586
2024-05-23 00:00:00,38.80488172020287,38.80488172020287,37.69617081391136,37.78486633300781,309260,11685347.762145996
2024-05-24 00:00:00,38.139660955438686,38.139660955438686,37.607480993188474,37.74052429199219,241600,9118110.668945312
2024-05-28 00:00:00,38.095302590918436,38.095302590918436,37.20833397824754,37.252681732177734,421040,15684869.116516113
2024-05-29 00:00:00,36.720505222763045,37.07529066965143,36.49876304963891,36.986595153808594,298660,11046416.508636475
2024-05-30 00:00:00,37.297033753289064,37.696170351359825,37.163990476276894,37.43008041381836,189560,7095246.043243408
2024-05-31 00:00:00,37.38573310658788,37.696170806884766,37.1639909253709,37.696170806884766,501560,18906891.429901123
2024-06-03 00:00:00,38.050957257853895,38.050957257853895,37.43007851277957,37.47442626953125,504460,18904349.075927734
2024-06-04 00:00:00,37.784867215190935,38.45009377449723,37.69617169402366,38.13965606689453,563480,21490933.40057373
2024-06-05 00:00:00,38.18400047827772,38.53878929886202,37.82921504121036,38.40574264526367,395120,15174877.033996582
2024-06-06 00:00:00,38.13965694383643,38.627489088507616,38.00661027550914,38.5831413269043,276080,10652033.657531738
2024-06-07 00:00:00,38.62748525769963,38.8492274272427,38.09530540420306,38.494441986083984,515980,19862362.175979614
2024-06-10 00:00:00,38.09530540420306,38.62748525769963,37.740516579527345,38.494441986083984,390480,15031309.706726074
2024-06-11 00:00:00,38.272703612163724,39.02662570997216,38.09530918223311,38.5831413269043,335160,12931525.647125244
2024-06-12 00:00:00,39.60315183761292,39.957937269847285,38.98227310180664,38.98227310180664,671760,26186731.77886963
2024-06-13 00:00:00,39.070974348587356,39.248368782499874,38.5387944303672,38.937931060791016,350360,13642293.52645874
2024-06-14 00:00:00,38.5387906642675,39.07097053048181,38.49444290600249,39.0266227722168,395800,15446737.293243408
2024-06-17 00:00:00,39.204016204362524,39.86924271218479,38.98227403508843,39.51445388793945,442780,17496209.89250183
2024-06-18 00:00:00,39.42575454711914,39.78053995341334,39.38140679427195,39.42575454711914,453620,17884310.777664185
2024-06-20 00:00:00,39.11531730654269,39.558801645090874,39.02662179223985,39.51445388793945,407080,16085543.888702393
2024-06-21 00:00:00,39.691846359808075,39.869240763259185,39.292709797922285,39.38140869140625,1217400,47942926.94091797
2024-06-24 00:00:00,39.514459841557155,40.711869766160405,39.42576431389062,40.49012756347656,725140,29361011.101379395
2024-06-25 00:00:00,40.312733124625986,40.53447532730983,40.04664315810888,40.49012756347656,398080,16118309.98046875
2024-06-26 00:00:00,40.09099006670262,40.44577555331782,40.0466423038154,40.135337829589844,379160,15217714.691467285
2024-06-27 00:00:00,40.22403335536429,40.4014277904306,39.60315790790833,40.135337829589844,488300,19598085.46218872
2024-06-28 00:00:00,40.450295020585564,41.21520466378169,40.04534144302306,41.03522491455078,953640,39132831.88751221
2024-07-01 00:00:00,40.99023556673051,41.35019510674051,40.58528194242641,41.125221252441406,476900,19612618.015289307
2024-07-02 00:00:00,41.395186728619514,42.295082092285156,41.395186728619514,42.295082092285156,717340,30339954.188079834
2024-07-03 00:00:00,42.43006338676749,42.925005099088416,42.02510982838563,42.2050895690918,444180,18746656.684799194
2024-07-05 00:00:00,42.07010446439475,42.295078285059965,41.80013656616211,41.80013656616211,308460,12893670.125198364
2024-07-08 00:00:00,42.07010736871145,42.07010736871145,41.4401799407961,41.710147857666016,389280,16236926.358032227
2024-07-09 00:00:00,41.530174255371094,41.755148106304134,41.03522903705557,41.530174255371094,665120,27622549.500732422
2024-07-10 00:00:00,41.620162542398184,42.65504363280004,41.620162542398184,42.5650520324707,343760,14632162.286682129
2024-07-11 00:00:00,43.55493800967992,44.184862032954015,43.3749582461037,43.914894104003906,398420,17496572.108917236
2024-07-12 00:00:00,44.31985075085628,44.49983052676561,43.77991485595703,43.77991485595703,366500,16045338.794708252
2024-07-15 00:00:00,44.04988261114223,44.85978644995613,43.86990283601847,44.769798278808594,461780,20673797.449188232
2024-07-16 00:00:00,44.994771156164,45.66969272350646,44.81479138497362,45.624698638916016,802960,36634808.019104004
2024-07-17 00:00:00,45.489708876025276,46.704569648076316,45.39972071490815,45.5797004699707,509980,23244735.64567566
2024-07-18 00:00:00,45.44471593511314,46.25462313679106,45.17474801216329,45.26473617553711,302760,13704351.524505615
2024-07-19 00:00:00,45.26473562932895,45.66968922528135,44.904779547348866,45.174747467041016,319880,14450498.21975708
2024-07-22 00:00:00,45.444714449254015,46.614577699005785,45.17474653513103,46.52458953857422,313820,14600346.688995361
2024-07-23 00:00:00,46.29961743983466,46.92954488494822,45.98465200086368,46.74956512451172,579340,27083893.05923462
2024-07-24 00:00:00,46.52459343128767,47.19951498947996,45.93966004105626,46.0296516418457,564820,25998467.84034729
2024-07-25 00:00:00,46.344612183805964,46.88454804000048,45.80467632761145,45.84967041015625,435500,19967531.463623047
2024-07-26 00:00:00,46.34461060143027,46.79455827717231,45.714683168825744,46.65957260131836,534740,24950739.85282898
2024-07-29 00:00:00,46.65957916306496,46.92955055273899,46.02965507470241,46.4796028137207,270100,12554140.719985962
2024-07-30 00:00:00,46.56958385372102,47.10951968469082,46.34461001867889,47.06452560424805,445960,20988895.83847046
2024-07-31 00:00:00,46.52459571385972,47.559473427496876,45.39972639501799,46.3446159362793,793640,36780940.9916687
2024-08-01 00:00:00,46.74957006433911,47.10952619041874,44.769799356000476,45.39972686767578,656720,29814908.62854004
2024-08-02 00:00:00,44.544821163772724,45.44471654081864,44.49982708148612,44.85978317260742,450480,20208435.12359619
2024-08-05 00:00:00,43.19498510503094,44.22986632963723,42.745037343520195,42.79003143310547,715380,30611132.68661499
2024-08-06 00:00:00,42.79002343629333,44.18486054973673,42.47506143522907,43.73491287231445,340600,14896111.324310303
2024-08-07 00:00:00,43.95989184225541,44.40983957219795,43.28497024734158,43.374961853027344,436860,18948785.835113525
2024-08-08 00:00:00,43.734912050563764,44.13986563920067,43.32996189475514,43.59992980957031,369260,16099710.081481934
2024-08-09 00:00:00,43.509938489149455,43.91489208032786,43.23997057263995,43.64492416381836,231700,10112528.928756714
2024-08-12 00:00:00,43.509940898315904,43.509940898315904,42.83501935325726,42.97000503540039,276380,11876049.99168396
2024-08-13 00:00:00,43.37495597508629,43.779909563723194,43.194976220933405,43.59992980957031,373380,16279341.792297363
2024-08-14 00:00:00,43.82490158081055,44.18485763934156,43.68991591334384,43.82490158081055,254480,11152560.954284668
2024-08-15 00:00:00,44.409833515871895,44.49982510928518,43.73491201299951,44.094871520996094,318180,14030106.220550537
2024-08-16 00:00:00,43.9148917669978,44.45483102899268,43.9148917669978,44.094871520996094,437040,19271222.649536133
2024-08-19 00:00:00,44.09487299268035,44.54482067627913,44.09487299268035,44.27485275268555,312380,13830578.502883911
2024-08-20 00:00:00,44.27485127499439,44.31984535528689,43.9598858472903,44.094871520996094,196280,8654941.382141113
2024-08-21 00:00:00,44.27484976446013,44.454829512318014,43.734910520886466,44.40983200073242,343000,15232572.37625122
2024-08-22 00:00:00,44.544821163772724,44.94977477000907,44.229859154938026,44.85978317260742,245140,10996927.246932983
2024-08-23 00:00:00,45.17475084436393,46.34461420570932,45.039765158011974,46.1196403503418,393360,18141621.72821045
2024-08-26 00:00:00,46.569589800047645,46.614583886235565,46.11964207251095,46.3446159362793,279440,12950539.477233887
2024-08-27 00:00:00,46.20962698219436,46.52459242892873,45.939659051299536,46.434600830078125,253880,11788816.458740234
2024-08-28 00:00:00,46.34461620407942,46.65957824204361,46.11964233901108,46.389610290527344,339940,15769684.122161865
2024-08-29 00:00:00,46.389608831798824,46.61458268979283,45.93966111581081,46.20962905883789,361420,16701084.13444519
2024-08-30 00:00:00,46.47959220118491,46.74956009638922,45.804670746760124,46.61457443237305,431560,20116985.742034912
2024-09-03 00:00:00,46.11964207251095,46.52459571385972,45.98465638111845,46.3446159362793,449660,20839320.00190735
2024-09-04 00:00:00,46.344612664056015,46.97454012469626,45.98465313431059,46.434600830078125,313600,14561890.8203125
2024-09-05 00:00:00,46.79456793093214,46.929553634633756,45.714692599806355,45.89467239379883,304440,13972174.063568115
2024-09-06 00:00:00,46.0746410021597,46.11963508152726,45.1297516041282,45.4447135925293,287160,13049903.955230713
2024-09-09 00:00:00,45.309727921598416,45.66968742219528,44.81478618289889,45.4447135925293,442280,20099287.927703857
2024-09-10 00:00:00,45.624698638916016,45.84967249469684,45.354730698544756,45.624698638916016,223640,10203507.603607178
2024-09-11 00:00:00,45.219746000203656,45.219746000203656,44.18486486786354,44.769798278808594,469800,21032851.231384277
2024-09-12 00:00:00,44.814792095167505,45.08476003981703,44.18486460243283,44.72480392456055,497480,22249695.45639038
2024-09-13 00:00:00,45.12975737517848,45.894667120725785,44.85978599879365,45.71468734741211,611580,27958188.487930298
2024-09-16 00:00:00,46.074652716738804,46.119646807546204,45.309739441696685,45.98466110229492,694020,31914274.49821472
2024-09-17 00:00:00,46.209629421176295,46.209629421176295,45.624699445502515,45.759681701660156,684100,31304198.252105713
2024-09-18 00:00:00,45.66969299316406,46.38960864934772,45.17475119408959,45.66969299316406,522980,23884336.04156494
2024-09-19 00:00:00,46.29962185009138,46.4796016276718,45.80468003636676,46.3446159362793,320800,14867352.792358398
2024-09-20 00:00:00,45.89466922650088,46.02965492088682,45.44472148898617,45.489715576171875,1605760,73045565.68359375
2024-09-23 00:00:00,45.80467686942128,46.29961864892551,45.66969118736172,45.939659118652344,272240,12506612.798461914
2024-09-24 00:00:00,45.71468527043874,46.16463296686595,45.66969118736172,45.939659118652344,255680,11745852.043457031
2024-09-25 00:00:00,46.074646622526316,46.074646622526316,45.48971322091099,45.66969299316406,337880,15430875.868530273
2024-09-26 00:00:00,45.804678680561025,45.894666850273246,45.48971322091099,45.66969299316406,387280,17686958.702392578
2024-09-27 00:00:00,46.07464689403946,46.29962075247439,45.48971348897718,45.71468734741211,394540,18036272.746047974
2024-09-30 00:00:00,45.76026609515052,46.216045631003965,45.35006381741804,45.805843353271484,366540,16789673.82270813
2024-10-01 00:00:00,45.80583796786258,46.033727708996224,45.031014238936784,45.07659149169922,314660,14183800.278778076
2024-10-02 00:00:00,44.66639021452754,44.93985721425421,44.43850046853505,44.71196746826172,235860,10545764.647064209
2024-10-03 00:00:00,44.57523926036713,44.6208165177345,44.16503698941713,44.48408126831055,250000,11121020.317077637
2024-10-04 00:00:00,44.62081576911345,44.711970282318845,44.02830100131299,44.43850326538086,243560,10823441.855316162
2024-10-07 00:00:00,44.11945799223267,44.301767014512926,43.891568237060646,44.165035247802734,362880,16026607.990722656
2024-10-08 00:00:00,44.39292599194097,44.4840805051118,43.618098720701795,43.800411224365234,281420,12326311.726760864
2024-10-09 00:00:00,43.75483220970374,43.937144706041835,43.29905270751933,43.48136520385742,286720,12466977.03125
2024-10-10 00:00:00,43.20789793473259,43.52694219338899,42.84327294427817,43.253475189208984,266560,11529646.346435547
2024-10-11 00:00:00,43.34463170386753,43.84598848095065,43.34463170386753,43.800411224365234,260520,11410883.13217163
2024-10-14 00:00:00,43.61809723112633,44.11945746840958,43.5725199760974,43.70925521850586,159300,6962884.356307983
2024-10-15 00:00:00,43.80040998992991,44.392924740806684,43.66367822402721,43.9371452331543,287260,12621384.339675903
2024-10-16 00:00:00,44.30176523001093,45.03101519904414,44.119456215074194,44.71196746826172,286960,12830546.184692383
2024-10-17 00:00:00,44.484083332495665,45.03102087824903,43.84599126777774,44.803131103515625,625480,28023462.442626953
2024-10-18 00:00:00,44.80312470156267,44.80312470156267,44.347345217222546,44.66638946533203,238360,10646680.592956543
2024-10-21 00:00:00,44.48407948236207,44.48407948236207,43.43578869571205,43.52694320678711,230360,10026866.637115479
2024-10-22 00:00:00,43.435788726716595,44.34734774740469,43.344630738254764,44.165035247802734,307060,13561315.723190308
2024-10-23 00:00:00,43.89156667900343,44.66639042815504,43.89156667900343,44.30176544189453,175080,7756353.0935668945
2024-10-24 00:00:00,44.34734563191724,44.62081262961422,43.75483090580584,43.845985412597656,292200,12811796.937561035
2024-10-25 00:00:00,44.16503595266324,44.256190465258165,42.88885191240371,42.93442916870117,174180,7478318.87260437
2024-10-28 00:00:00,43.25348333645244,43.481373129081454,42.843281014255744,43.071170806884766,195120,8404046.847839355
2024-10-29 00:00:00,42.888856570118364,42.98001456993478,42.296345219261305,42.75212478637695,218380,9336209.010848999
2024-10-30 00:00:00,42.7065369637587,43.61809594678297,42.7065369637587,43.2078971862793,462020,19962912.65800476
2024-10-31 00:00:00,43.16232076396783,43.39021053247309,42.843276478989225,43.02558898925781,951600,40943150.482177734
2024-11-01 00:00:00,43.11674062121695,43.25347586410127,41.88613734454478,42.02286911010742,519800,21843487.363433838
2024-11-04 00:00:00,42.02287118857608,42.66096322472708,41.84056215880881,42.3419189453125,446740,18915828.869628906
2024-11-05 00:00:00,42.068451923339744,42.52423145240162,41.74940416660333,42.3419189453125,461900,19557732.360839844
2024-11-06 00:00:00,43.34463398984779,45.35006468126774,43.11674421758011,44.34735107421875,1062180,47104869.36401367
2024-11-07 00:00:00,44.07387983166654,44.392927593921286,43.29905600978856,43.66368103027344,447240,19528144.703979492
2024-11-08 00:00:00,43.84598824536469,44.529657522437866,43.572521229999765,44.21061325073242,467500,20668461.694717407
2024-11-11 00:00:00,44.21061224228139,44.71196900523468,43.8915679778534,43.9371452331543,308180,13540549.417953491
2024-11-12 00:00:00,43.70925929499668,44.02830358727615,43.2534797475563,43.29905700683594,525620,22758850.343933105
2024-11-13 00:00:00,43.66368078280598,43.89157054998697,43.25347850641583,43.435791015625,254820,11068308.266601562
2024-11-14 00:00:00,43.48136904634602,43.572523563909655,42.11403041895981,42.20518493652344,271740,11468836.954650879
2024-11-15 00:00:00,42.56980356122435,42.56980356122435,41.70382186527886,41.84055709838867,271360,11353853.57421875
2024-11-18 00:00:00,41.74940210166046,42.20518160817929,41.521512348401046,42.02286911010742,412500,17334433.50791931
2024-11-19 00:00:00,41.93171816466547,41.93171816466547,41.24804884676332,41.79498291015625,826700,34551912.37182617
2024-11-20 00:00:00,41.658244613349396,42.11402408728687,41.20246513941192,41.84055709838867,234620,9816631.50642395
2024-11-21 00:00:00,42.11402942710075,42.56980895882842,41.84056240352852,41.93171691894531,248640,10425902.094726562
2024-11-22 00:00:00,42.25076020842253,42.61538521617412,42.11402843850701,42.29634094238281,357060,15102331.496887207
2024-11-25 00:00:00,42.52422964441755,43.25347616444712,42.52422964441755,42.888851165771484,486340,20858563.875961304
2024-11-26 00:00:00,42.6153816479786,42.88884864223395,42.25075667075714,42.524227142333984,369160,15698243.691864014
2024-11-27 00:00:00,42.79769739980878,43.435789419938544,42.79769739980878,42.93442916870117,184980,7942010.707626343
2024-11-29 00:00:00,43.253475142133304,43.253475142133304,42.56980589376657,42.61538314819336,201600,8591261.242675781
2024-12-02 00:00:00,42.56980871466164,43.071165501222076,42.159606442995155,42.980010986328125,437060,18784843.60168457
2024-12-03 00:00:00,43.02558748056422,43.116741993841224,42.11402843850701,42.29634094238281,469340,19851364.65789795
2024-12-04 00:00:00,42.38749545565982,42.524230702897114,42.022870447908225,42.29634094238281,226460,9578429.369812012
2024-12-05 00:00:00,42.1140270978042,42.29633959587606,41.74940210166046,42.02286911010742,248400,10438480.686950684
2024-12-06 00:00:00,42.15960567884039,42.341918182645685,41.33920115037749,41.65824890136719,238820,9948823.002624512
2024-12-09 00:00:00,41.97729540609522,42.61538746466693,41.79498289260017,42.433074951171875,393980,16717782.869262695
2024-12-10 00:00:00,42.15960668480915,42.43307370838137,41.52151464492604,41.93171691894531,290040,12161875.175170898
2024-12-11 00:00:00,42.02286755114466,42.15960278895638,41.15688930274225,41.29362106323242,436620,18029620.82862854
2024-12-12 00:00:00,41.15688930274225,41.52151080803759,41.02015406493053,41.29362106323242,301300,12441768.026351929
2024-12-13 00:00:00,41.02015637051479,41.29362338418721,40.83784386895926,41.20246887207031,248880,10254470.45288086
2024-12-16 00:00:00,41.293623359519415,41.33920061555063,40.56437683105469,40.56437683105469,394920,16019683.698120117
2024-12-17 00:00:00,40.15417638486202,40.65553317848231,39.88070935900749,40.0174446105957,382880,15321879.192504883
2024-12-18 00:00:00,40.1085978364347,40.427642110113986,38.148744505771106,38.23990249633789,588740,22513360.19569397
2024-12-19 00:00:00,38.285477103555024,38.83241109982005,37.37391812489895,37.46507263183594,663740,24867067.308654785
2024-12-20 00:00:00,36.87256561638736,38.194326982688295,36.82698835768497,37.92085647583008,1315940,49901571.87080383
2024-12-23 00:00:00,37.55623196636109,37.87527622943276,37.41949672371799,37.73854446411133,428400,16167192.448425293
2024-12-24 00:00:00,37.556237238315525,37.96643954650527,37.465079237983275,37.82970428466797,146940,5558696.747589111
2024-12-26 00:00:00,37.78412469972291,38.194326982688295,37.6473894462938,37.92085647583008,276660,10491184.15260315
2024-12-27 00:00:00,37.73854310729,38.1031646123595,37.37391812489895,37.46507263183594,263140,9858559.212341309
2024-12-30 00:00:00,37.282767167013766,37.556234191178376,36.781406899169795,37.237186431884766,321000,11953136.84463501
2024-12-31 00:00:00,37.53842128465855,37.770139934563844,37.26035961192139,37.631107330322266,522500,19662253.580093384
2025-01-02 00:00:00,37.816482385740734,37.816482385740734,37.074983424401886,37.1213264465332,398260,14783939.470596313
2025-01-03 00:00:00,37.12132397158566,37.3993856215806,36.75057628350765,37.35304260253906,430960,16097667.239990234
2025-01-06 00:00:00,37.39938868041697,38.37260983861602,37.214016589089525,37.631107330322266,588620,22150422.396774292
2025-01-07 00:00:00,37.909169844509414,38.00185588358571,37.02863833030157,37.167667388916016,487040,18102140.725097656
2025-01-08 00:00:00,36.98229531076342,37.53841861671271,36.79691969686507,37.167667388916016,509220,18926519.587783813
2025-01-10 00:00:00,36.56520066054263,37.02863792230934,35.54563656320844,35.7773551940918,541380,19369144.554977417
2025-01-13 00:00:00,35.59198156548029,36.518856048583984,35.452948978716506,36.518856048583984,483880,17670744.06478882
2025-01-14 00:00:00,36.42616670893372,37.30669818059375,36.42616670893372,37.214012145996094,349720,13014484.327697754
2025-01-15 00:00:00,38.23357665641445,38.51163832494827,36.982297380139265,37.1213264465332,513200,19050664.73236084
2025-01-16 00:00:00,37.16766922176239,38.09454380121527,37.074983178115474,38.00185775756836,785780,29861099.788742065
2025-01-17 00:00:00,38.32626497158152,38.32626497158152,37.63110899118467,37.7701416015625,293480,11084781.157226562
2025-01-21 00:00:00,37.81648317796983,39.25313810861314,37.81648317796983,39.11410903930664,478580,18719230.304031372
2025-01-22 00:00:00,38.743356876998924,38.97507552283713,38.46529520914226,38.69701385498047,386420,14953300.093841553
2025-01-23 00:00:00,38.650670021327265,39.20679334536242,38.1408897183374,39.06776428222656,410120,16022471.487426758
2025-01-24 00:00:00,38.928729673144765,39.34582391250617,38.74335406279018,39.02141571044922,182060,7104238.944244385
2025-01-27 00:00:00,39.43851353602681,40.18001250912534,39.39217051316053,39.90195083618164,326500,13027986.948013306
2025-01-28 00:00:00,39.670231274808195,39.994639498911944,39.29948356464867,39.48485565185547,265460,10481649.781341553
2025-01-29 00:00:00,39.25313406432751,39.34582363672798,38.140887481487184,38.418949127197266,514100,19751181.746292114
2025-01-30 00:00:00,38.83604736494762,39.392170713665664,38.69701475989509,39.11410903930664,269480,10540470.103912354
2025-01-31 00:00:00,38.975077691301415,39.25313937462865,38.372611300050096,38.5579833984375,493200,19016797.412109375
2025-02-03 00:00:00,37.86282681420072,38.511639755375626,37.58476513533893,38.140892028808594,525520,20043801.578979492
2025-02-04 00:00:00,37.90917398258933,38.88239164210772,37.90917398258933,38.5579833984375,274420,10581081.804199219
2025-02-05 00:00:00,38.836046456781766,38.97507552283713,38.37260916510535,38.69701385498047,297240,11502300.398254395
2025-02-06 00:00:00,38.8360481262207,38.975077198252485,38.37261081462258,38.8360481262207,379760,14748377.636413574
2025-02-07 00:00:00,38.83604336363522,38.83604336363522,38.04819790908672,38.418949127197266,304820,11710864.07295227
2025-02-10 00:00:00,38.55798026815263,38.55798026815263,38.14088954489588,38.37260818481445,256580,9845643.808059692
2025-02-11 00:00:00,38.09454282824454,39.25313602296909,38.09454282824454,39.16044998168945,339500,13294972.76878357
2025-02-12 00:00:00,38.32626461700242,38.697015884082504,37.77014125212843,37.86282730102539,618640,23423459.481506348
2025-02-13 00:00:00,38.97507698328761,39.809265553861735,38.18723497221455,39.6238899230957,917200,36343031.83746338
2025-02-14 00:00:00,39.901948508762075,40.365385781885315,39.299482175149336,39.3458251953125,389240,15314968.999023438
2025-02-18 00:00:00,39.160450898995485,39.670231209466365,39.160450898995485,39.577545166015625,315620,12491464.805297852
2025-02-19 00:00:00,39.11410787727012,39.99463943303577,39.11410787727012,39.577545166015625,504440,19964496.883544922
2025-02-20 00:00:00,39.48484896028479,40.319037354327634,39.43850594633693,39.994632720947266,479280,19168627.570495605
2025-02-21 00:00:00,40.319037354327634,40.319037354327634,39.85560014335835,39.994632720947266,365000,14598040.943145752
2025-02-24 00:00:00,40.13366733348549,40.504418568020625,39.90194869583748,40.04098129272461,253740,10159998.593215942
2025-02-25 00:00:00,40.3190401310539,40.92150996110351,40.13366452675052,40.36538314819336,339620,13708891.424789429
2025-02-26 00:00:00,40.55076118150135,40.64344722133219,39.99463787102479,40.226356506347656,254060,10219908.134002686
2025-02-27 00:00:00,40.040981138920934,41.06054172635755,40.040981138920934,40.82882308959961,321520,13127283.199768066
2025-02-28 00:00:00,40.78248399977146,41.57032602637768,40.78248399977146,41.523983001708984,931720,38688725.442352295
2025-03-03 00:00:00,41.43129062734211,42.033756927553036,41.43129062734211,41.848384857177734,565500,23665261.63673401
2025-03-04 00:00:00,41.75569708051244,42.404509961942686,41.6166680217568,41.802040100097656,519440,21713651.709594727
2025-03-05 00:00:00,41.52398364415112,42.91429562019913,41.52398364415112,42.728919982910156,558800,23876920.486450195
2025-03-06 00:00:00,42.450853177710385,42.7752613877976,41.98741590822502,42.497196197509766,636340,27042665.828323364
2025-03-07 00:00:00,42.54354101198095,42.91428869094911,42.31182238672124,42.45085144042969,431220,18305656.15814209
2025-03-10 00:00:00,42.404508422526874,43.05332128040318,42.2654758330728,42.45085144042969,417020,17702854.06768799
2025-03-11 00:00:00,42.72891308359222,42.91428869094911,41.894728154104634,42.45085144042969,510260,21660971.455993652
2025-03-12 00:00:00,42.21913320847211,42.636227444974246,41.84838552605016,42.26547622680664,397600,16804753.34777832
2025-03-13 00:00:00,42.35817024325889,42.867950569914065,41.24592000780921,41.29226303100586,380800,15724093.762207031
2025-03-14 00:00:00,41.70935366311574,42.12644790689604,41.15323036190582,41.9874153137207,324220,13613159.793014526
2025-03-17 00:00:00,41.89472986862625,42.63622879265368,41.84838684882687,42.497196197509766,400980,17040525.731277466
2025-03-18 00:00:00,42.54354594685433,42.54354594685433,41.987419060275265,42.080108642578125,437040,18390690.681152344
2025-03-19 00:00:00,41.98742086023295,42.450858184376244,41.47764051082457,42.03376388549805,330040,13872823.432769775
2025-03-20 00:00:00,41.802042179605465,42.31182602764006,41.70935613582422,41.755699157714844,275960,11522902.739562988
2025-03-21 00:00:00,41.61667361584454,41.61667361584454,40.36539070437259,40.45808029174805,973500,39385941.16401672
2025-03-24 00:00:00,40.828824351527565,41.292261639367254,40.272701020418296,41.15323257446289,474140,19512393.692855835
2025-03-25 00:00:00,40.92151516632584,41.15323381724332,40.18001265479308,40.59710693359375,630400,25592416.2109375
2025-03-26 00:00:00,40.73613631202941,41.47763522908741,40.73613631202941,41.10688400268555,375640,15441389.906768799
2025-03-27 00:00:00,41.24591734291306,41.47763597967099,40.82882308959961,40.82882308959961,438280,17894456.583709717
2025-03-28 00:00:00,41.10688936764907,41.153235928807405,40.22636127757973,40.55076599121094,374240,15175718.664550781
2025-03-31 00:00:00,40.52722318853471,40.950853424954275,40.338942684442465,40.71550369262695,548820,22345482.736587524
2025-04-01 00:00:00,40.71550813969308,41.280346122511126,40.29187785700338,40.80964660644531,377180,15392582.507019043
2025-04-02 00:00:00,40.43308341019582,41.1391325840951,40.3389413656515,41.04499053955078,630540,25880508.33480835
2025-04-03 00:00:00,40.10359309690433,40.668434611220356,39.16219416419624,39.2563362121582,612640,24050001.8170166
2025-04-04 00:00:00,38.314941830163775,38.69149929328006,36.76163197024608,37.37354278564453,1058760,39569612.159729004
2025-04-07 00:00:00,36.38507179261512,37.51474768883666,34.92590050955013,35.537811279296875,960200,34123406.39038086
2025-04-08 00:00:00,36.43213623657162,36.57334390947112,33.51379764501093,33.9844970703125,789160,26819205.708007812
2025-04-09 00:00:00,33.325526344250875,36.57335005132558,32.24291604779116,36.19679260253906,1072480,38820336.130371094
2025-04-10 00:00:00,35.02004209973606,35.96144106160449,34.07864313786763,34.97297286987305,943620,33001196.659469604
2025-04-11 00:00:00,34.64348153549475,35.63194974026464,34.031574356900094,35.537811279296875,778740,27674715.15563965
2025-04-14 00:00:00,35.82023124813664,36.47921126666819,35.53781226623804,36.149723052978516,580400,20981299.25994873
2025-04-15 00:00:00,36.00851208256969,36.5262808191213,36.00851208256969,36.19679260253906,530080,19187195.822753906
2025-04-16 00:00:00,36.290932017783184,36.90284282592787,36.05558225944328,36.3380012512207,516440,18766397.36618042
2025-04-17 00:00:00,36.38506795819507,37.326466833272285,36.38506795819507,36.526275634765625,550840,20120133.670654297
2025-04-21 00:00:00,36.14971970674938,36.196788934183445,35.11417874744062,35.72608947753906,514480,18380358.514404297
2025-04-22 00:00:00,36.24386246863265,36.620423515157285,35.820232189080514,36.290931701660156,512920,18614344.688415527
2025-04-23 00:00:00,36.85577156642764,37.60889003348389,36.290930022771356,36.57334899902344,577160,21108674.108276367
2025-04-24 00:00:00,36.57334787253891,37.232327857598136,36.337998134385764,36.90283966064453,523220,19308303.76724243
2025-04-25 00:00:00,36.76162751853062,36.90283879456921,36.5262777859009,36.80869674682617,337780,12433241.587142944
2025-04-28 00:00:00,36.66749319226118,37.70303069601678,36.66749319226118,37.326473236083984,493400,18416881.894683838
2025-04-29 00:00:00,37.044049168567504,37.46767943628365,36.7616301871408,37.13819122314453,512880,19047435.514526367
2025-04-30 00:00:00,36.90284147343024,37.279398918281785,36.102650169710365,37.13819122314453,783800,29108914.280700684
2025-05-01 00:00:00,38.69149754882965,38.69149754882965,36.94991083145142,37.65596008300781,479660,18062057.813415527
2025-05-02 00:00:00,37.9383806687429,38.64442995013819,37.42061191395016,38.36201095581055,487860,18715290.664901733
2025-05-05 00:00:00,38.17372712043686,38.644426600568394,37.938377380371094,37.938377380371094,343220,13021209.884490967
2025-05-06 00:00:00,37.608889671575085,37.84423941471241,37.27939787649158,37.514747619628906,451400,16934157.07550049
2025-05-07 00:00:00,37.750097908195215,37.985447654732965,37.373540468426086,37.56182098388672,834340,31339329.719696045
2025-05-08 00:00:00,37.70303258846125,38.362012665360524,37.091125338674615,38.079593658447266,378840,14426073.261566162
2025-05-09 00:00:00,38.17372906642571,38.785639858251,37.98544854654468,38.691497802734375,498160,19274556.545410156
2025-05-12 00:00:00,39.96238726281586,40.15066777630935,39.39754572233541,39.4916877746582,579420,22882273.730392456
2025-05-13 00:00:00,39.5858247256085,39.77410523191897,38.64442578520804,39.30340576171875,589180,23156780.606689453
2025-05-14 00:00:00,38.92684691462229,39.4446192335681,38.40907818682864,38.59735870361328,335920,12965624.735717773
2025-05-15 00:00:00,38.59735655641841,39.35047499050838,38.45614527889756,39.30340576171875,271880,10685809.958496094
2025-05-16 00:00:00,39.3975460401714,39.679968608266094,39.20926911631111,39.53875732421875,370800,14660971.215820312
2025-05-19 00:00:00,38.97391968400433,39.632896105123194,38.87977763016438,39.5858268737793,248040,9818868.497772217
2025-05-20 00:00:00,39.397545030428255,39.585825540615126,38.83270709101969,38.92684555053711,420620,16373409.775466919
2025-05-21 00:00:00,38.64442658083283,39.538756310856414,38.64442658083283,38.92684555053711,1182680,46038001.69570923
2025-05-22 00:00:00,38.7856364281185,39.91531585634562,38.64442515290814,39.209266662597656,1264720,49588743.73352051
2025-05-23 00:00:00,38.87977886551054,39.115128620860055,37.9854490769519,38.73857116699219,658340,25503150.942077637
2025-05-27 00:00:00,39.25633785586676,40.19773682799233,38.92684606093156,39.96238708496094,638820,25528772.117614746
2025-05-28 00:00:00,40.00945927857812,40.197739805178365,39.44462128992972,39.868247985839844,560440,22343760.901184082
2025-05-29 00:00:00,39.96238605697285,40.527223989257536,39.868244007490745,40.33894348144531,405400,16353407.68737793
2025-05-30 00:00:00,40.150667105556025,40.574293764899174,39.86824454445787,40.386016845703125,654880,26447994.711914062
2025-06-02 00:00:00,40.10359491817897,40.66843645814684,39.82117594377108,40.48015594482422,482760,19542200.08392334
2025-06-03 00:00:00,40.57429504394531,40.62136786638027,40.05652631753019,40.57429504394531,382000,15499380.70678711
2025-06-04 00:00:00,40.43308409239231,40.7155030484867,40.338942046259604,40.62136459350586,356580,14484766.18675232
2025-06-05 00:00:00,40.57429472529791,40.715506009189475,39.91531831020961,40.527225494384766,535780,21713676.87538147
2025-06-06 00:00:00,41.139135446575246,41.1862046765466,40.71550519452892,40.903785705566406,405700,16594665.860748291
2025-06-09 00:00:00,41.044999330838074,41.468629644143924,40.76258031901837,41.18621063232422,313060,12893755.10055542
2025-06-10 00:00:00,41.42155796098286,41.51569642897869,40.62137020956118,40.856719970703125,685160,27993390.255126953
2025-06-11 00:00:00,40.95085694258554,41.13913746285086,40.48015743749835,40.66843795776367,742680,30203635.502471924
2025-06-12 00:00:00,40.48015427939883,40.85671529055169,40.43308505079271,40.7625732421875,698300,28464504.89501953
2025-06-13 00:00:00,40.338946662775825,40.52722718543679,39.915319975729005,40.244808197021484,542540,21834418.239212036
2025-06-16 00:00:00,40.57429577826461,40.99792604978106,40.10359627461351,40.15066909790039,498080,19998245.264282227
2025-06-17 00:00:00,40.05652767436052,40.52722718543679,39.82117791882238,40.244808197021484,623080,25075735.091400146
2025-06-18 00:00:00,40.15066725256853,41.37448518758408,40.00945597150241,40.903785705566406,789960,32312354.55596924
2025-06-20 00:00:00,41.139137268066406,41.374487019495675,40.71550699726328,41.139137268066406,735020,30238088.67477417
2025-06-23 00:00:00,41.186206623659295,41.65690612792969,40.856718407130906,41.65690612792969,446740,18609806.24359131
2025-06-24 00:00:00,41.751048655963636,41.798121483894064,41.0920721587685,41.18621063232422,678440,27942372.741394043
2025-06-25 00:00:00,40.856717008545836,40.856717008545836,39.44461854407285,39.4916877746582,1393540,55033246.58149719
2025-06-26 00:00:00,39.72703965360398,39.82117811983352,39.16219808276985,39.77410888671875,1447100,57557112.9699707
2025-06-27 00:00:00,39.7270393371582,40.24480807960098,39.35047829293495,39.7270393371582,982120,39016719.873809814
2025-06-30 00:00:00,39.75095137421422,39.79878572505986,38.8899221104116,39.511775970458984,903480,35698099.35379028
2025-07-01 00:00:00,39.27260692039446,40.80333194179143,39.129103844641,39.942298889160156,756020,30197176.80618286
2025-07-02 00:00:00,39.8466286316453,40.18147277832031,39.607453198441014,40.18147277832031,823700,33097479.12750244
2025-07-03 00:00:00,40.37281580871011,40.4684845268109,39.9901336372516,40.22930908203125,447460,18001006.641845703
2025-07-07 00:00:00,39.990129091911,40.4684799271002,39.55961261033528,39.750953674316406,909400,36149517.27142334
2025-07-08 00:00:00,39.60745472954112,40.27714304877919,39.51178236284452,39.942298889160156,639020,25523927.836151123
2025-07-09 00:00:00,39.99013129795369,40.181472372490084,39.70312151091282,39.89446258544922,595260,23747577.798614502
2025-07-10 00:00:00,39.846627514668896,40.94683228685131,39.75095515435257,40.70765686035156,712100,28987922.450256348
2025-07-11 00:00:00,40.13363793932348,41.138174016805095,40.13363793932348,41.09033966064453,1044460,42917216.16195679
2025-07-14 00:00:00,41.04250224873906,41.3295120138611,39.94229389132289,40.37281036376953,954300,38527772.93014526
2025-07-15 00:00:00,40.51631316736997,40.94682963711558,40.18146905174959,40.277137756347656,860800,34670560.18066406
2025-07-16 00:00:00,40.80332486195952,40.89899356252891,40.085798659108136,40.324974060058594,581360,23443326.919555664
2025-07-17 00:00:00,40.37280923688254,40.56415029146557,39.129097856383446,39.70311737060547,1018680,40444771.60308838
2025-07-18 00:00:00,39.8466256053187,39.94229431152344,39.22476806640625,39.46394348144531,712280,28109377.662963867
2025-07-21 00:00:00,39.60744950475276,39.94229362020107,39.033426328877894,39.081260681152344,829740,32427285.237579346
2025-07-22 00:00:00,38.88992403021766,39.7031189833181,38.88992403021766,39.55961227416992,625080,24727922.440338135
2025-07-23 00:00:00,39.46394415136865,39.89446063565267,39.224768732269446,39.84662628173828,645300,25713027.939605713
2025-07-24 00:00:00,39.70312398467576,39.79879270314102,38.985597647603306,39.03343200683594,549480,21448090.21911621
2025-07-25 00:00:00,38.98559119773935,39.08125990037696,38.41157168285954,38.602909088134766,522060,20153034.718551636
2025-07-28 00:00:00,38.507243282429016,38.937759775740524,37.74188265516819,37.933223724365234,872620,33101289.68635559
2025-07-29 00:00:00,38.076723924573756,38.650747088980644,37.55053876101275,38.602909088134766,839260,32397877.481307983
2025-07-30 00:00:00,38.41157224945509,38.84208506720176,37.31136390525841,37.69404602050781,1106720,41716754.611816406
2025-07-31 00:00:00,37.40703157379677,37.646206976824956,36.97651876796766,37.12002182006836,933000,34632980.35812378
2025-08-01 00:00:00,37.50270580803044,37.59837451423518,36.54600414787419,37.07218933105469,790940,29321877.429504395
2025-08-04 00:00:00,37.16785879242367,37.646209632220774,37.16785879242367,37.550540924072266,774920,29098665.17288208
2025-08-05 00:00:00,37.74187938690716,38.31589889526367,37.598372685054514,38.31589889526367,702200,26905424.20425415
2025-08-06 00:00:00,38.41157662214412,38.41157662214412,37.83755338392449,38.07672882080078,622760,23712663.640441895
2025-08-07 00:00:00,38.26806900405282,38.74641986660348,37.93322486007834,38.698585510253906,764780,29595904.226531982
2025-08-08 00:00:00,38.79424808267523,38.9855891273159,38.45940399169922,38.45940399169922,641600,24675553.60107422
2025-08-11 00:00:00,38.36373553507656,38.69858330953631,37.64620928205497,38.555076599121094,842160,32469543.30871582
2025-08-12 00:00:00,38.74641799926758,38.842086707356096,38.22023280572619,38.74641799926758,454540,17611796.837387085
2025-08-13 00:00:00,39.03342516294852,39.65528267252294,38.842084110038925,39.511775970458984,748940,29591949.49531555
2025-08-14 00:00:00,39.033423136434315,39.51177391911005,38.74641339673425,39.36827087402344,622160,24493363.406982422
2025-08-15 00:00:00,39.46393957074785,39.607446265361304,39.033423136434315,39.36827087402344,477680,18805435.631103516
2025-08-18 00:00:00,39.272603530127164,39.60745131036758,38.84208704097652,38.93775939941406,385260,15001161.186218262
2025-08-19 00:00:00,40.08580028123257,41.37734603881836,39.75095251663568,41.37734603881836,1259960,52133800.91506958
2025-08-20 00:00:00,41.473017028579754,41.807864811628036,41.138172895058815,41.61652374267578,655200,27267146.356201172
2025-08-21 00:00:00,41.616524628167156,41.80786570119065,40.80332962972658,40.994667053222656,604060,24763238.580169678
2025-08-22 00:00:00,41.80786176325835,42.95590444373639,41.377345301888205,42.094871520996094,791400,33313881.32171631
2025-08-25 00:00:00,41.855696114626795,42.19054022373298,41.76002741188991,42.094871520996094,415400,17486209.629821777
2025-08-26 00:00:00,42.047037852922706,42.76456408369092,41.855696794812424,42.47755432128906,1299040,55180042.165527344
2025-08-27 00:00:00,43.338587093530684,43.96044467001348,42.86023623455236,43.482093811035156,1010860,43954309.349823
2025-08-28 00:00:00,43.434261322021484,43.482095680069946,42.71673500271184,43.434261322021484,512460,22258321.55708313
2025-08-29 00:00:00,43.434261322021484,43.5299300381184,43.0994135166271,43.434261322021484,435960,18935600.565948486
2025-09-02 00:00:00,43.38642160613963,43.38642160613963,42.286216816234415,42.38188552856445,523220,22175050.146255493
2025-09-03 00:00:00,42.190539839357086,43.05157275425296,42.190539839357086,43.00373840332031,388560,16709532.59399414
2025-09-04 00:00:00,43.14724416946826,43.52992630004883,42.71673133447421,43.52992630004883,531520,23137026.427001953
2025-09-05 00:00:00,43.769100189208984,44.34311971548611,43.290749367469,43.769100189208984,367260,16074639.735488892
2025-09-08 00:00:00,43.2907490281734,43.62559314095616,43.0037392672843,43.5777587890625,545080,23753364.760742188
2025-09-09 00:00:00,43.482091610143065,43.52992596371423,43.0994094825193,43.338584899902344,365600,15844586.639404297
2025-09-10 00:00:00,43.19508361816406,43.52992775647987,43.147245613095464,43.19508361816406,365840,15802489.39086914
2025-09-11 00:00:00,43.33858447517269,44.295286135328936,43.33858447517269,44.24745178222656,690780,30565254.742126465
2025-09-12 00:00:00,44.10394473481524,44.39095815028053,43.76910061614196,44.05611038208008,377400,16626776.058197021
2025-09-15 00:00:00,44.15178427276707,44.29528733596386,43.62559542579688,43.81693649291992,329300,14428917.18711853
2025-09-16 00:00:00,43.96044158935547,44.05611029463589,43.529925116539204,43.96044158935547,533240,23441465.87310791
2025-09-17 00:00:00,44.24745092160242,44.917142800591556,43.57775904261328,43.673431396484375,872320,38097207.67578125
2025-09-18 00:00:00,43.72126701602021,44.82147174597633,43.72126701602021,44.534461975097656,1143640,50931392.09320068
2025-09-19 00:00:00,44.5822975333572,44.77363860228914,43.960443621237566,44.103946685791016,1343640,59259826.92489624
2025-09-22 00:00:00,44.295286135328936,44.486627197265626,43.91260766098276,44.24745178222656,563040,24913085.251464844
2025-09-23 00:00:00,44.295284957832614,44.917142480214295,44.295284957832614,44.6779670715332,714540,31924194.591293335
2025-09-24 00:00:00,44.630135788345385,44.630135788345385,44.103946933446025,44.19961929321289,715500,31624827.604293823
2025-09-25 00:00:00,44.19961854232102,44.43879396338388,43.62559534205379,43.72126770019531,399540,17468395.296936035
2025-09-26 00:00:00,43.76910334843791,43.96044442085022,43.2429181364496,43.38642120361328,857920,37222078.479003906
2025-09-29 00:00:00,43.33858668478767,43.33858668478767,42.71673276369725,43.19508361816406,851660,36787524.914245605
2025-09-30 00:00:00,43.46216658970572,43.89921705058548,43.122240511752786,43.51072692871094,981020,42684893.331604004
2025-10-01 00:00:00,43.607852007450255,45.74453659710428,43.510727622973704,45.69597625732422,832380,38036416.71707153
2025-10-02 00:00:00,45.45316934551815,45.598854064941406,44.91899821582671,45.598854064941406,970220,44240920.19088745
2025-10-03 00:00:00,45.93877772772391,46.37582815815572,45.40460662604775,45.45316696166992,781220,35508923.09379578
2025-10-06 00:00:00,45.404611117796385,45.93878227231657,45.210366051175455,45.25892639160156,755820,34207601.74530029
2025-10-07 00:00:00,45.356049940527136,45.84166074566144,44.77331475141612,44.967559814453125,1072720,48237600.764160156
2025-10-08 00:00:00,45.45317053992084,45.45317053992084,44.433388591909484,44.724754333496094,433160,19372974.587097168
2025-10-09 00:00:00,44.6761943660194,44.870439430333214,43.316482620739194,43.559288024902344,953440,41531167.57446289
2025-10-10 00:00:00,44.19058253848925,44.19058253848925,42.733750147110484,42.782310485839844,793660,33954608.54019165
2025-10-13 00:00:00,43.41360700535432,43.65641240951747,42.830871812412894,43.559288024902344,564980,24610126.548309326
2025-10-14 00:00:00,43.26792321127612,43.99633943942864,43.17080252948906,43.85065841674805,689340,30228012.8730011
2025-10-15 00:00:00,43.8992181901539,45.113245221380964,43.80209380470585,44.7733154296875,903080,40433885.69824219
2025-10-16 00:00:00,44.9675577171039,45.55029287903534,44.6761919885963,45.30748748779297,660880,29942812.330932617
2025-10-17 00:00:00,45.06468524717847,46.03590688004941,45.01612120160171,45.987342834472656,624520,28720015.346984863
2025-10-20 00:00:00,46.1815867771385,47.20136872582982,45.98734171431243,47.104248046875,491180,23136664.555664062
2025-10-21 00:00:00,47.34705251990783,47.54129757892149,46.47295160680453,46.57007598876953,456720,21269485.10559082
2025-10-22 00:00:00,46.76432164669723,46.86144232498972,46.035905444754384,46.133026123046875,612920,28275854.37133789
2025-10-23 00:00:00,45.74453835347862,46.6671996643913,45.74453835347862,46.27871322631836,692260,32036902.018051147
2025-10-24 00:00:00,46.47294845977854,46.66719350563844,46.18158274344675,46.37582778930664,828020,38400112.926101685
2025-10-27 00:00:00,46.23014831542969,46.764323178282396,46.08446729321974,46.23014831542969,473560,21892749.036254883
2025-10-28 00:00:00,46.27871236108285,46.71575913262923,45.598856476020195,46.23014831542969,613060,28341854.726257324
2025-10-29 00:00:00,46.27871236108285,46.27871236108285,45.45317174889372,46.23014831542969,772320,35704468.146972656
2025-10-30 00:00:00,45.01611945975765,47.49273749168204,44.57907270580992,47.298492431640625,864920,40909412.07397461
2025-10-31 00:00:00,47.055686613491346,47.055686613491346,45.89021996854503,46.08446502685547,966360,44534183.62335205
2025-11-03 00:00:00,45.74453533182082,46.3272705078125,45.598854316510156,46.3272705078125,1072960,49707308.1640625
2025-11-04 00:00:00,46.08446367283118,46.91000051524974,45.93877895714968,46.715755462646484,832580,38894603.68309021
2025-11-05 00:00:00,46.95856181166191,47.2013672061481,46.23014562820335,47.00712585449219,1040620,48916555.30670166
2025-11-06 00:00:00,46.71575683521899,47.00712627514282,45.89021996854503,46.08446502685547,850900,39213271.29135132
2025-11-07 00:00:00,46.23014468359646,46.86144017832798,46.08446367283118,46.715755462646484,769320,35939364.99252319
2025-11-10 00:00:00,46.57007582017341,46.76432087848385,45.987340645242085,46.08446502685547,475720,21923301.702575684
2025-11-11 00:00:00,48.47367078545071,51.00855980013314,46.11360195832681,46.511802673339844,732100,34051290.7371521
2025-11-12 00:00:00,47.00712682991719,47.00712682991719,44.17115783691406,44.17115783691406,1808100,79865870.48492432
2025-11-13 00:00:00,44.161446896636136,44.81216358377908,42.89885586530957,44.433387756347656,1856800,82503914.38598633
2025-11-14 00:00:00,44.38482912312793,45.317200996461295,42.92799668170086,44.68590545654297,1060400,47384934.146118164
2025-11-17 00:00:00,44.80245243866641,45.074393294982656,43.967201288647864,44.54022216796875,783800,34910626.135253906
2025-11-18 00:00:00,44.33626638001134,45.016118518567495,43.99633660581697,44.957847595214844,685000,30796125.602722168
2025-11-19 00:00:00,45.336624660959565,45.41432046253426,44.044898152418185,44.656768798828125,856100,38230659.76867676
2025-11-20 00:00:00,44.986981425681186,45.734822455892825,44.84129671274946,44.860721588134766,1163800,52208907.78427124
2025-11-21 00:00:00,45.30748593994765,46.016477213564066,44.92870643042019,45.783382415771484,746000,34154403.28216553
2025-11-24 00:00:00,45.6279867832146,46.05532292028845,45.40460627713627,46.04561233520508,674800,31071579.203796387
2025-11-25 00:00:00,46.10388949061027,47.52187210522968,46.10388949061027,47.00712585449219,630100,29619190.000915527
2025-11-26 00:00:00,46.783744202654,47.881225683429946,46.783744202654,47.220794677734375,716600,33838421.46606445
2025-11-28 00:00:00,46.86144264457152,47.50244875845605,46.86144264457152,47.104248046875,306900,14456293.725585938
2025-12-01 00:00:00,47.09453427405754,47.696690593645634,47.0653951084098,47.570430755615234,740700,35235418.060684204
2025-12-02 00:00:00,47.81323792513159,47.89093742986919,47.24021704489887,47.24993133544922,903200,42676137.982177734
2025-12-03 00:00:00,47.415039029473824,47.958924468579376,46.44381741280305,46.842018127441406,806000,37754666.61071777
2025-12-04 00:00:00,46.08446373869294,47.52187120214536,46.08446373869294,47.28877639770508,551000,26056115.795135498
2025-12-05 00:00:00,47.33733967885132,47.69669061271022,46.929424703865514,47.24021530151367,459900,21725775.017166138
2025-12-08 00:00:00,47.30820337537274,47.72582896090089,46.8517317414755,47.03626251220703,621100,29214222.646331787
2025-12-09 00:00:00,47.298492431640625,47.822952982277535,47.0265478656161,47.298492431640625,617600,29211548.92578125
2025-12-10 00:00:00,47.44417518432668,48.35712588845821,47.347054503209776,48.12403106689453,959700,46184632.61489868
2025-12-11 00:00:00,48.298850411694765,48.73590087890625,47.82295389566616,48.73590087890625,422300,20581170.94116211
2025-12-12 00:00:00,49.066113555776056,49.066113555776056,48.192012671591286,48.279422760009766,661700,31946494.040298462
2025-12-15 00:00:00,48.056041903892805,48.71647285503486,48.026906442932955,48.54165267944336,503400,24435867.958831787
2025-12-16 00:00:00,48.735897291937725,49.163233436805605,47.36647506540903,48.56107711791992,811600,39412170.18890381
2025-12-17 00:00:00,48.512519717272234,49.046690856908754,48.34741011852414,48.59992980957031,674600,32785512.649536133
2025-12-18 00:00:00,48.774749874799,49.250646383433335,48.33769941437822,48.687339782714844,610100,29704146.001434326
2025-12-19 00:00:00,49.36719481680433,49.639135674330944,48.8718697349765,49.211795806884766,1846900,90889265.67573547
2025-12-22 00:00:00,49.36719680804354,49.5808630454686,48.891296583260086,49.04669189453125,613300,30080336.138916016
2025-12-23 00:00:00,49.027264284026586,49.6099994474908,48.87186898141938,49.16323471069336,566800,27865721.434020996
2025-12-24 00:00:00,49.31862890742095,49.49344908204857,49.056398645479526,49.37690353393555,271700,13415704.690170288
2025-12-26 00:00:00,49.289494435627155,49.34776906331105,48.89129374207785,49.25064468383789,275400,13563627.545928955
2025-12-29 00:00:00,49.44489011795959,49.44489011795959,48.580503511043204,48.658199310302734,464500,22601733.57963562
2025-12-30 00:00:00,48.658200260714274,49.046690379348924,48.6290647985374,48.94956970214844,486400,23809070.703125
2025-12-31 00:00:00,49.16624541174079,49.30413467768177,48.71319195208686,48.831382751464844,706000,34474956.22253418
2026-01-02 00:00:00,48.68364613079153,48.96926826030749,48.28968431372825,48.831382751464844,454100,22174330.907440186
2026-01-05 00:00:00,48.811683294927526,49.43216807213508,48.55560699190051,48.86092758178711,529800,25886519.43283081
2026-01-06 00:00:00,48.683647369954286,49.36322757673279,48.50636492347321,49.29428482055664,870200,42895886.65084839
2026-01-07 00:00:00,49.550361040426964,49.82613206460357,49.10715492507283,49.412471771240234,555200,27433804.327392578
2026-01-08 00:00:00,49.38292542390762,50.338280400496856,49.38292542390762,49.8162841796875,548900,27344158.38623047
2026-01-09 00:00:00,49.74733507867089,50.25948391797116,49.25488470516274,49.31398010253906,550100,27127620.45440674
2026-01-12 00:00:00,49.44202005553386,49.58975291871744,49.126852105557575,49.49126434326172,335600,16609268.313598633
2026-01-13 00:00:00,49.49126533474841,49.70794471360984,48.57530728768669,49.46171951293945,334300,16535052.83317566
2026-01-14 00:00:00,49.373077661518096,49.68824561379383,48.65410053557043,49.442020416259766,451100,22303295.40977478
2026-01-15 00:00:00,49.39277412061275,50.05265581977607,49.038209249439184,49.619300842285156,463900,23018393.660736084
2026-01-16 00:00:00,49.50111135922006,50.51556171354379,49.30413420965658,50.50571060180664,447200,22586153.78112793
2026-01-20 00:00:00,49.92461928108252,50.525409359166744,48.969268077483086,49.06775665283203,788900,38709553.22341919
2026-01-21 00:00:00,49.30413463821199,49.698092697861554,48.772287312731834,49.373077392578125,501300,24750723.696899414
2026-01-22 00:00:00,49.47156417884383,49.66854508009303,48.50636189553074,48.65409851074219,425700,20712049.73602295
2026-01-23 00:00:00,48.49651394018915,48.673792616308575,48.14194907375403,48.51620864868164,305900,14841108.225631714
2026-01-26 00:00:00,48.57530729192672,48.84123095952576,48.17149811307597,48.496517181396484,337100,16348175.941848755
2026-01-27 00:00:00,48.3684766616169,48.732888888847036,48.26013697747054,48.72304153442383,272800,13291645.73059082
2026-01-28 00:00:00,48.742741093800994,49.00866099727328,47.38357696991743,47.49191665649414,445700,21167147.25379944
2026-01-29 00:00:00,47.88587310368309,48.58515548706055,47.58055627769819,48.58515548706055,383400,18627548.613739014
2026-01-30 00:00:00,48.18134554768773,48.8412310403248,48.04346003620791,48.80183410644531,618700,30193694.761657715
2026-02-02 00:00:00,48.900323164969464,49.72763993551904,48.7919834826085,48.93971633911133,513700,25140332.28340149
2026-02-03 00:00:00,48.98896784363424,49.79658620563611,48.772288463600134,49.530662536621094,462200,22893072.22442627
2026-02-04 00:00:00,49.63899942583018,49.973865831943804,49.12685058370944,49.3829231262207,674100,33289028.479385376
2026-02-05 00:00:00,49.560205670887555,50.89967129827882,49.1760949777294,50.77163314819336,605800,30757455.361175537
2026-02-06 00:00:00,51.244385059549415,51.63834686422857,50.495862139176886,50.77163314819336,555500,28203642.21382141
2026-02-09 00:00:00,50.574654616917755,51.096654596155005,50.289036240088,50.545108795166016,416300,21041928.791427612
2026-02-10 00:00:00,50.495863034876336,51.21484014763558,50.495863034876336,50.86027526855469,418800,21300283.282470703
2026-02-11 00:00:00,51.12620028778476,51.333028553717334,50.6239025337916,50.78148651123047,588800,29900139.2578125
2026-02-12 00:00:00,51.21483932257934,51.43151869121553,45.778186697484514,47.521461486816406,1287800,61198138.10272217
2026-02-13 00:00:00,46.910826645004505,47.37372747100306,46.00471594586769,46.940372467041016,1136800,53361815.42053223
2026-02-17 00:00:00,47.04871171083966,48.69349424497022,46.66460099961628,47.64950180053711,871300,41517010.91880798
2026-02-18 00:00:00,47.747990331821434,47.964669710086895,46.52671544383046,47.22599411010742,956000,45148050.369262695
2026-02-19 00:00:00,47.166897119838126,47.40327495698796,46.41837419021047,46.69414520263672,616900,28805618.17550659
2026-02-20 00:00:00,46.57595951472678,47.68889470838348,46.11305493863164,47.58055877685547,698800,33249294.4732666
2026-02-23 00:00:00,47.04871161880671,47.915425373909194,46.60550550783963,47.7676887512207,745100,35591704.888534546
2026-02-24 00:00:00,47.64949888925016,48.25028894224056,47.44266687829902,47.73814010620117,697400,33292578.910064697
2026-02-25 00:00:00,48.02375845082459,48.38817442989877,47.35402940385439,48.27983474731445,522200,25211729.705047607
2026-02-26 00:00:00,48.289683746783375,49.25488605444828,48.053309664999226,49.235191345214844,608600,29964537.452697754
2026-02-27 00:00:00,48.811683654785156,49.954168401002164,48.39802337649888,48.811683654785156,893100,43593714.67208862
2026-03-02 00:00:00,48.59500295749392,48.7722853923402,48.1517968703782,48.348777770996094,415500,20088917.163848877
2026-03-03 00:00:00,47.61010222919173,48.19119381982642,46.88127402376419,47.80708312988281,710300,33957371.14715576
2026-03-04 00:00:00,47.9154233329657,48.654098900747705,47.344179090473794,48.486663818359375,457700,22192346.029663086
2026-03-05 00:00:00,47.64950107878012,48.082856072065745,47.32448201599215,47.747989654541016,528900,25253911.728286743
2026-03-06 00:00:00,47.0979564463998,47.363880116023694,46.260792260512225,46.940372467041016,576500,27061124.727249146
2026-03-09 00:00:00,46.43807244870134,47.26538923937815,45.157698451938536,47.048709869384766,700200,32943506.650543213
2026-03-10 00:00:00,46.703991538037386,47.30478159379733,45.896373227471024,46.841880798339844,989700,46359409.42611694
2026-03-11 00:00:00,46.654750157754414,46.78278831460299,45.886528730859794,46.75324249267578,734400,34335581.286621094
2026-03-12 00:00:00,46.05395885939042,46.556260361598625,45.955470284144816,46.172149658203125,609800,28155776.861572266
2026-03-13 00:00:00,46.68429891497022,46.792634845829014,45.9062263897311,46.00471496582031,593800,27317599.7467041
2026-03-16 00:00:00,46.66460042301331,47.54116152386603,46.66460042301331,47.08810806274414,479800,22592874.24850464
2026-03-17 00:00:00,47.7578413033951,48.14195201311945,47.491917637332456,47.8858757019043,387200,18541411.071777344
2026-03-18 00:00:00,47.61994914103874,48.32907887409799,47.58055596694511,47.97451400756836,635100,30468613.846206665
2026-03-19 00:00:00,47.66920066643869,48.151799958954555,47.28508619490156,47.4820671081543,556500,26423770.345687866
2026-03-20 00:00:00,47.02901379919175,47.02901379919175,45.403925955647324,45.85698318481445,1585000,72683318.34793091
2026-03-23 00:00:00,46.65475015120313,47.10780737758099,46.05396005811158,46.211544036865234,495800,22911683.533477783
2026-03-24 00:00:00,45.79788451759805,46.605502825727626,45.728941766203924,45.99486541748047,783400,36032377.5680542
2026-03-25 00:00:00,46.13275124218934,46.575957330743,45.38422832593065,45.40392303466797,540000,24518118.438720703
2026-03-26 00:00:00,45.0789098396391,46.10320756817992,44.49781822028406,46.07365798950195,683600,31495952.601623535
2026-03-27 00:00:00,45.856980871551144,46.103206062267404,45.32513355790045,45.423622131347656,304400,13826950.576782227
2026-03-30 00:00:00,45.8471296393087,46.34943113102316,45.25619068598393,45.65999984741211,439300,20058437.93296814
2026-03-31 00:00:00,46.25,46.810001373291016,45.52000045776367,46.2599983215332,616000,28496158.966064453
2026-04-01 00:00:00,46.79999923706055,46.810001373291016,46.0,46.0099983215332,576800,26538567.03186035
2026-04-02 00:00:00,45.83000183105469,46.75,45.4900016784668,46.099998474121094,718000,33099798.904418945
2026-04-06 00:00:00,46.36000061035156,46.36000061035156,45.349998474121094,46.060001373291016,566500,26092990.77796936
2026-04-07 00:00:00,46.119998931884766,47.689998626708984,45.86000061035156,47.59000015258789,768300,36563397.11723328
2026-04-08 00:00:00,48.59000015258789,49.52000045776367,48.5099983215332,49.5,829200,41045400.0
2026-04-09 00:00:00,49.290000915527344,50.06999969482422,49.290000915527344,49.619998931884766,624600,30992651.332855225
2026-04-10 00:00:00,49.4900016784668,49.900001525878906,49.349998474121094,49.720001220703125,417300,20748156.509399414
2026-04-13 00:00:00,49.63999938964844,49.720001220703125,48.595001220703125,49.09000015258789,412732,20261013.942977905
