timestamps,open,high,low,close,volume,amount
2015-01-02 00:00:00,58.63381148822759,58.75184340600365,58.63381148822759,58.68545150756836,602500,35357984.53330994
2015-01-05 00:00:00,58.65591005771553,58.75181129025694,58.65591005771553,58.707550048828125,735200,43161790.79589844
2015-01-06 00:00:00,58.78874319609743,58.88464450006597,58.751855048541245,58.78136444091797,654700,38484159.299468994
2015-01-07 00:00:00,58.80346522348197,58.87723585279974,58.7665827229922,58.862483978271484,1074700,63259511.531448364
2015-01-08 00:00:00,58.87720263496005,58.884581382230294,58.83294140800871,58.855072021484375,613400,36101701.177978516
2015-01-09 00:00:00,58.899377473626735,58.94364436215138,58.86987371906269,58.91413497924805,497400,29303890.73867798
2015-01-12 00:00:00,58.95834958151264,58.9804801940918,58.92146710332566,58.9804801940918,1018700,60083415.17372131
2015-01-13 00:00:00,58.92151821613681,58.99528886483964,58.92151821613681,58.95840072631836,709900,41854568.6756134
2015-01-14 00:00:00,59.01002815275621,59.1133081645721,58.98051877390331,59.002655029296875,1029800,60760934.14916992
2015-01-15 00:00:00,59.091183812790874,59.24610384696666,59.05430130656185,59.1575813293457,1192400,70539499.97711182
2015-01-16 00:00:00,59.16493043140141,59.17968793057246,59.06165045055136,59.09115982055664,2487700,147001078.28559875
2015-01-20 00:00:00,59.09856481982334,59.19446609368412,59.09118606696041,59.142826080322266,873200,51643515.7333374
2015-01-21 00:00:00,59.20182844830221,59.20182844830221,59.05428720194684,59.11330032348633,2000700,118267979.9571991
2015-01-22 00:00:00,59.172326922277904,59.172326922277904,58.95101502338893,59.002655029296875,1204900,71092299.0447998
2015-01-23 00:00:00,58.99527538865628,59.1059341506028,58.99527538865628,59.06904602050781,1111900,65678872.27020264
2015-01-26 00:00:00,59.05432020626168,59.061693332863705,58.936282640538266,58.98792266845703,1924800,113539953.5522461
2015-01-27 00:00:00,59.15018012229778,59.15018012229778,59.00263889671273,59.032142639160156,1360300,80301423.63204956
2015-01-28 00:00:00,59.05427153034909,59.1870608681649,59.03213528376622,59.16492462158203,1019300,60306807.666778564
2015-01-29 00:00:00,59.128044822285446,59.17968480998746,59.09853545383622,59.172306060791016,835300,49426627.252578735
2015-01-30 00:00:00,59.238708061341136,59.29034805297852,59.2018199408843,59.290348052978516,1086000,64389317.98553467
2015-02-02 00:00:00,59.2356842205185,59.28000944403228,59.19874277660837,59.25784683227539,771400,45711503.04641724
2015-02-03 00:00:00,59.25786436015989,59.26525377842223,59.18398708696045,59.213539123535156,807800,47832696.9039917
2015-02-04 00:00:00,59.139647040589495,59.24307632446289,59.12486820776573,59.24307632446289,800200,47406309.674835205
2015-02-05 00:00:00,59.243064097446144,59.25783729074767,59.18396005129589,59.22090148925781,985100,58338510.05706787
2015-02-06 00:00:00,59.13964063463426,59.154413829384566,59.0214325307413,59.065757751464844,909200,53702586.947631836
2015-02-09 00:00:00,59.065725755119466,59.07311516672803,59.01401114679864,59.05834197998047,636700,37602446.338653564
2015-02-10 00:00:00,59.05835669884225,59.06574047582148,58.99186325073242,58.99186325073242,688700,40627696.22077942
2015-02-11 00:00:00,59.05101496697991,59.05101496697991,58.918033599853516,58.918033599853516,562200,33123718.489837646
2015-02-12 00:00:00,58.910607785157794,59.03620529174805,58.910607785157794,59.03620529174805,627700,37057026.06163025
2015-02-13 00:00:00,59.07317698690839,59.09533960845775,59.01407290512648,59.08056640625,623000,36807192.87109375
2015-02-17 00:00:00,59.08790871617207,59.08790871617207,58.917986025643366,58.99186325073242,1062500,62678854.7039032
2015-02-18 00:00:00,58.9918992054845,59.08794472946258,58.94757397070964,59.07316589355469,520300,30735768.214416504
2015-02-19 00:00:00,59.073147167076314,59.10269919304955,59.028821946352764,59.065757751464844,533200,31493862.033081055
2015-02-20 00:00:00,59.1765951990123,59.1765951990123,59.03623007673377,59.07316589355469,561200,33151860.69946289
2015-02-23 00:00:00,59.11744036344029,59.146992373404984,59.02878997001577,59.05834197998047,1628900,96200133.25119019
2015-02-24 00:00:00,59.0288320610911,59.20613861083984,59.00666944693171,59.206138610839844,1663600,98495332.19299316
2015-02-25 00:00:00,59.132261351484,59.20613861083984,59.132261351484,59.206138610839844,519800,30775350.84991455
2015-02-26 00:00:00,59.16916880448683,59.19133704449508,59.11007040721083,59.12484359741211,686300,40577380.16090393
2015-02-27 00:00:00,59.12487947794012,59.17659412973448,59.09532744313273,59.16920471191406,958600,56719599.63684082
2015-03-02 00:00:00,59.194372967950144,59.20177384523143,59.0759815123109,59.1055793762207,695200,41090198.78234863
2015-03-03 00:00:00,59.04637908935547,59.09077305494046,59.0315773373509,59.04637908935547,492800,29098055.615234375
2015-03-04 00:00:00,59.09076381634076,59.11296079566285,59.038968982851394,59.07596206665039,427300,25243158.591079712
2015-03-05 00:00:00,59.120354445509705,59.14255142211914,59.07595484707806,59.14255142211914,658900,38969027.1320343
2015-03-06 00:00:00,59.024179899187416,59.024179899187416,58.935391962846005,59.01678466796875,784400,46292765.89355469
2015-03-09 00:00:00,58.95758623867431,59.031578063964844,58.95758623867431,59.031578063964844,558100,32945523.71749878
2015-03-10 00:00:00,59.05375217810586,59.09075089903035,59.01675910239359,59.06855392456055,408200,24111783.712005615
2015-03-11 00:00:00,59.06120717888836,59.09080505371094,59.002011429243204,59.09080505371094,585700,34609484.519958496
2015-03-12 00:00:00,59.10556916173068,59.12037091373524,59.04637908935547,59.04637908935547,426200,25165566.7678833
2015-03-13 00:00:00,59.046342809611716,59.105532845618896,59.03154106670176,59.083335876464844,648300,38303726.64871216
2015-03-16 00:00:00,59.12035787510248,59.14995572736964,59.06856304493824,59.11295700073242,421900,24939756.55860901
2015-03-17 00:00:00,59.10555992081767,59.10555992081767,59.068566837018665,59.07596206665039,563500,33289304.624557495
2015-03-18 00:00:00,59.11296078042307,59.37193494780314,59.068566821790334,59.33494186401367,577300,34254061.93809509
2015-03-19 00:00:00,59.305360843074226,59.320156951747045,59.15737153027075,59.19437026977539,517000,30603489.429473877
2015-03-20 00:00:00,59.19436413363659,59.2757568359375,59.157365397967276,59.2757568359375,459200,27219427.5390625
2015-03-23 00:00:00,59.231332406697916,59.31272506713867,59.17953759052758,59.31272506713867,791100,46922296.8006134
2015-03-24 00:00:00,59.26835633611723,59.305355072021484,59.22396236920373,59.305355072021484,597500,35434949.65553284
2015-03-25 00:00:00,59.28316116333007,59.33495600915371,59.24616242550685,59.28316116333008,845800,50141697.71194458
2015-03-26 00:00:00,59.26835595976074,59.28315771211425,59.223961993129144,59.2757568359375,549200,32554245.654296875
2015-03-27 00:00:00,59.30534399007518,59.30534399007518,59.253549156616444,59.297943115234375,860100,51002160.873413086
2015-03-30 00:00:00,59.32014009454334,59.32014009454334,59.283147010766214,59.297943115234375,570800,33847265.93017578
2015-03-31 00:00:00,59.297936617529295,59.371928422189185,59.28314051468246,59.3497314453125,813800,48298811.45019531
2015-04-01 00:00:00,59.42684641176026,59.486141204833984,59.37496488148643,59.486141204833984,416000,24746234.741210938
2015-04-02 00:00:00,59.47127739372307,59.47869065187522,59.43422241228064,59.44904327392578,494700,29409441.707611084
2015-04-06 00:00:00,59.53060947230793,59.5528436060449,59.486141204833984,59.486141204833984,612600,36441210.1020813
2015-04-07 00:00:00,59.45648661668621,59.52318900982908,59.45648661668621,59.51578140258789,456600,27174905.78842163
2015-04-08 00:00:00,59.54542314087671,59.54542314087671,59.47130748583063,59.51578140258789,454300,27038019.49119568
2015-04-09 00:00:00,59.49354031282338,59.51578009804554,59.41942465940186,59.42683792114258,382000,22701052.085876465
2015-04-10 00:00:00,59.463912535980285,59.463912535980285,59.41943860975638,59.43426513671875,348000,20683124.267578125
2015-04-13 00:00:00,59.43425967456015,59.486141204833984,59.42684641176026,59.486141204833984,503000,29921529.026031494
2015-04-14 00:00:00,59.54539947653561,59.552812735492665,59.51575775002691,59.53057861328125,455300,27104272.442626953
2015-04-15 00:00:00,59.53056685957183,59.58244835270823,59.53056685957183,59.575035095214844,652000,38842922.88208008
2015-04-16 00:00:00,59.57504819464592,59.61952209472656,59.5379932083486,59.61952209472656,402000,23967047.882080078
2015-04-17 00:00:00,59.560242137163335,59.58988952636718,59.523181486993195,59.58988952636719,706200,42082379.98352051
2015-04-20 00:00:00,59.61952075678666,59.61952075678666,59.51575775002691,59.53057861328125,552200,32872785.510253906
2015-04-21 00:00:00,59.54539651544834,59.552809774036746,59.4786941521311,59.49351501464844,2229700,132652690.42816162
2015-04-22 00:00:00,59.530569632529044,59.530569632529044,59.43421989926162,59.441627502441406,611500,36348555.21774292
2015-04-23 00:00:00,59.44167621253708,59.478736877441406,59.41203446620988,59.478736877441406,1080600,64272723.06976318
2015-04-24 00:00:00,59.47871191717527,59.52318017266849,59.47871191717527,59.500946044921875,594700,35385212.61291504
2015-04-27 00:00:00,59.50091346743466,59.530560839751566,59.463858493032085,59.52314758300781,658700,39207897.312927246
2015-04-28 00:00:00,59.471259529978866,59.52314101214164,59.45643867278556,59.46385192871094,520900,30974720.469665527
2015-04-29 00:00:00,59.42682396556622,59.44164483090529,59.38235571488845,59.419410705566406,571800,33976019.04144287
2015-04-30 00:00:00,59.345283192547996,59.389751434326165,59.300814950769826,59.38975143432617,613100,36411856.604385376
2015-05-01 00:00:00,59.415003612856786,59.415003612856786,59.363041692900424,59.40015411376953,888900,52800796.99172974
2015-05-04 00:00:00,59.39273969153291,59.40758352836128,59.34819685419788,59.38531494140625,775300,46041434.674072266
2015-05-05 00:00:00,59.355599005185844,59.41498565673828,59.29621235363341,59.41498565673828,616300,36617455.6602478
2015-05-06 00:00:00,59.31850406450121,59.35561648508378,59.24426789648712,59.28881072998047,733500,43488342.670440674
2015-05-07 00:00:00,59.31107958397612,59.32592341959156,59.273961499800755,59.318504333496094,611900,36296992.80166626
2015-05-08 00:00:00,59.37788552856316,59.42242836240042,59.37788552856316,59.40015411376953,554300,32925505.42526245
2015-05-11 00:00:00,59.392723882091815,59.392723882091815,59.31106864270877,59.32591247558594,687300,40774699.644470215
2015-05-12 00:00:00,59.31113076691779,59.340824127197266,59.28886216256553,59.340824127197266,802300,47609143.197250366
2015-05-13 00:00:00,59.452134625719445,59.452134625719445,59.385328849208705,59.39275360107422,703400,41776862.882995605
2015-05-14 00:00:00,59.42985860089941,59.556056713124875,59.42985860089941,59.526363372802734,1262400,75146081.12182617
2015-05-15 00:00:00,59.53372602986439,59.563419342041016,59.504038381107975,59.563419342041016,475200,28304536.87133789
2015-05-18 00:00:00,59.548588354651876,59.57828167322954,59.46693314441866,59.504051208496094,577400,34357639.167785645
2015-05-19 00:00:00,59.43729078541471,59.444715537280224,59.385328849208705,59.39275360107422,630100,37423374.044036865
2015-05-20 00:00:00,59.40013616213877,59.41498565673828,59.3630237524856,59.41498565673828,630800,37478972.95227051
2015-05-21 00:00:00,59.392710516491825,59.50405905999503,59.370441940475615,59.48178482055664,2286900,136028893.70613098
2015-05-22 00:00:00,59.40757674449664,59.422426243054275,59.355614826393534,59.37046432495117,583800,34660477.072906494
2015-05-26 00:00:00,59.340784802996076,59.42985916137695,59.31109146239391,59.42985916137695,688800,40935286.990356445
2015-05-27 00:00:00,59.38532198218652,59.437283912383904,59.3630533925913,59.42985916137695,1295000,76961667.61398315
2015-05-28 00:00:00,59.42982892182108,59.45952224731445,59.392716512521424,59.45952224731445,386800,22998943.20526123
2015-05-29 00:00:00,59.42982976558501,59.45952309149997,59.40013643967006,59.444679260253906,591000,35131805.44281006
2015-06-01 00:00:00,59.45810792563881,59.46554456545874,59.37632190510194,59.383758544921875,627700,37275185.23864746
2015-06-02 00:00:00,59.32422786177761,59.33909545666582,59.2796194046235,59.29448699951172,757100,44891856.10733032
2015-06-03 00:00:00,59.30192278230927,59.30192278230927,59.22013683037394,59.23500442504883,616300,36506533.22715759
2015-06-04 00:00:00,59.28706389987626,59.33167803970434,59.24245543253893,59.30936813354492,618000,36653189.50653076
2015-06-05 00:00:00,59.19789072772618,59.205321696115305,59.11610469548626,59.16071319580078,745300,44092479.54483032
2015-06-08 00:00:00,59.22014736375764,59.27219246311098,59.1681022644043,59.1681022644043,589400,34873679.47463989
2015-06-09 00:00:00,59.14578192306056,59.16808614920995,59.071426939244134,59.108604431152344,578100,34170684.22164917
2015-06-10 00:00:00,59.101150197290146,59.123454416797095,59.03423753876932,59.0788459777832,444500,26260547.037124634
2015-06-11 00:00:00,59.08633511526942,59.16812110779843,59.07146184072295,59.15324783325195,513600,30381108.087158203
2015-06-12 00:00:00,59.09373683788237,59.16064951633054,59.071426939244134,59.108604431152344,337500,19949153.995513916
2015-06-15 00:00:00,59.16811872222832,59.18298632368315,59.10120033445163,59.11607360839844,480300,28393450.15411377
2015-06-16 00:00:00,59.09373683788237,59.13090865730174,59.086300205002956,59.108604431152344,606300,35837546.866607666
2015-06-17 00:00:00,59.12351868600251,59.190437089753,58.98225658473961,59.17556381225586,827100,48944108.82911682
2015-06-18 00:00:00,59.16068327029685,59.21272838516924,59.16068327029685,59.205291748046875,998400,59110563.28125
2015-06-19 00:00:00,59.2573391169899,59.2573391169899,59.197863035224835,59.227603912353516,940000,55673947.677612305
2015-06-22 00:00:00,59.20530469475682,59.23504557725778,59.15325956850347,59.17556381225586,413700,24480930.74913025
2015-06-23 00:00:00,59.09375263040519,59.15322869186864,59.07887936067156,59.14579772949219,446000,26379025.787353516
2015-06-24 00:00:00,59.182967532517075,59.19040416712927,59.11605483847779,59.13835906982422,483900,28617051.95388794
2015-06-25 00:00:00,59.078863572123545,59.12347202442233,59.02681848694536,59.108604431152344,571200,33762834.85107422
2015-06-26 00:00:00,59.04172164146576,59.10863435378723,59.026848368177625,59.06402587890625,703700,41563355.01098633
2015-06-29 00:00:00,59.056622913403594,59.16071319580078,59.056622913403594,59.16071319580078,377800,22350917.445373535
2015-06-30 00:00:00,59.16066562949942,59.22758399866251,59.13092476237031,59.1681022644043,701100,41482756.49757385
2015-07-01 00:00:00,59.159218522057095,59.159218522057095,59.09219228584314,59.114532470703125,613800,36284500.03051758
2015-07-02 00:00:00,59.21129459329059,59.226186142676454,59.181505812889945,59.2038459777832,636900,37706929.50325012
2015-07-06 00:00:00,59.27090733724086,59.30069613817962,59.203886796353274,59.25601577758789,405900,24052016.804122925
2015-07-07 00:00:00,59.37512439604877,59.382567329219164,59.315546840915374,59.36767578125,438400,26026789.0625
2015-07-08 00:00:00,59.36767578125,59.382567329219164,59.26341790058074,59.36767578125,716400,42531002.9296875
2015-07-09 00:00:00,59.30813814374665,59.34537556117495,59.27090072631837,59.27090072631836,453800,26897134.74960327
2015-07-10 00:00:00,59.24109631254158,59.27832803495248,59.174070121593715,59.211307525634766,327300,19379860.95314026
2015-07-13 00:00:00,59.15913793033354,59.23360700562991,59.13679777590726,59.188926696777344,1477700,87463476.97982788
2015-07-14 00:00:00,59.226186142676454,59.26342353858449,59.18895442839734,59.2038459777832,717800,42496520.64285278
2015-07-15 00:00:00,59.26344383645892,59.27088677288662,59.203866255252166,59.2485466003418,540400,32017914.582824707
2015-07-16 00:00:00,59.24108505249024,59.255976602298105,59.20384765552696,59.241085052490234,504500,29887127.408981323
2015-07-17 00:00:00,59.226234436035156,59.25602324072574,59.18900269139709,59.226234436035156,619100,36666961.739349365
2015-07-20 00:00:00,59.14431647743417,59.203894086648,59.13687353750759,59.19644546508789,539800,31954241.262054443
2015-07-21 00:00:00,59.188955456619084,59.24108440281856,59.16660960970873,59.2187385559082,429400,25428526.335906982
2015-07-22 00:00:00,59.20381907081732,59.25594799241965,59.17403030395508,59.17403030395508,551900,32658147.324752808
2015-07-23 00:00:00,59.14426879730893,59.263423919677734,59.14426879730893,59.263423919677734,505400,29951734.449005127
2015-07-24 00:00:00,59.226187821053294,59.270868152105976,59.21873920533482,59.241085052490234,445900,26415599.824905396
2015-07-27 00:00:00,59.26345778813847,59.30813814374665,59.24856054851427,59.27090072631836,560200,33203558.586883545
2015-07-28 00:00:00,59.27832728505407,59.32301330566407,59.25598711556411,59.32301330566406,703400,41727807.5592041
2015-07-29 00:00:00,59.300678253173835,59.33046704512833,59.255997906057644,59.30067825317383,1354000,80293118.35479736
2015-07-30 00:00:00,59.2411036639141,59.26344383645892,59.196417637193605,59.2485466003418,568500,33682798.74229431
2015-07-31 00:00:00,59.3229979719882,59.390018463134766,59.30065212664406,59.390018463134766,550000,32664510.15472412
2015-08-03 00:00:00,59.37584314205324,59.457895643447294,59.3236284312549,59.39822006225586,967100,57444018.62220764
2015-08-04 00:00:00,59.398241674987695,59.398241674987695,59.22668143035899,59.2341423034668,583400,34557198.61984253
2015-08-05 00:00:00,59.219199269132595,59.25649793028483,59.16698455810547,59.16698455810547,634300,37529618.3052063
2015-08-06 00:00:00,59.21917196548849,59.234093699460225,59.1818733215332,59.1818733215332,522100,30898856.061172485
2015-08-07 00:00:00,59.19684889744669,59.21922582778297,59.122257232666016,59.122257232666016,1798500,106331379.63294983
2015-08-10 00:00:00,59.1744644177331,59.1744644177331,59.122249689950166,59.14462661743164,442700,26183326.203536987
2015-08-11 00:00:00,59.219205485281094,59.28634194420699,59.181906820213676,59.27888107299805,776400,46024123.26507568
2015-08-12 00:00:00,59.32363491829713,59.33855666071501,59.27142020178911,59.27888107299805,359400,21304829.857635498
2015-08-13 00:00:00,59.23413399828244,59.26396610457351,59.1968353289517,59.2266731262207,428300,25366784.099960327
2015-08-14 00:00:00,59.1893653869629,59.21920317965968,59.15207241432471,59.18936538696289,360400,21331847.285461426
2015-08-17 00:00:00,59.22668143035899,59.24905835870371,59.20430450201426,59.2341423034668,414700,24564398.81324768
2015-08-18 00:00:00,59.20432536333969,59.22670229956919,59.16702667563671,59.2117805480957,526400,31169081.280517578
2015-08-19 00:00:00,59.15953827398817,59.33110419022219,59.15953827398817,59.3087272644043,547000,32441873.81362915
2015-08-20 00:00:00,59.29378558157633,59.30870732108936,59.2564926147461,59.256492614746094,426900,25296596.697235107
2015-08-21 00:00:00,59.31616191720182,59.31616191720182,59.263947211371466,59.27140808105469,502100,29760173.99749756
2015-08-24 00:00:00,59.263953788184395,59.37584408194533,59.152069185400194,59.17444610595703,1358800,80406237.36877441
2015-08-25 00:00:00,59.17448755137346,59.26399529629144,59.16702667563671,59.2117805480957,744400,44077249.44000244
2015-08-26 00:00:00,59.166966566968476,59.278856825425585,59.15205052162917,59.26393508911133,628500,37247383.20350647
2015-08-27 00:00:00,59.18194034630354,59.28637552945854,59.15956341097765,59.24907684326172,655500,38837769.87075806
2015-08-28 00:00:00,59.189382755798626,59.27889616015625,59.18192188269081,59.2341423034668,464500,27514259.099960327
2015-08-31 00:00:00,59.2266799943326,59.24159604920785,59.15954351994751,59.196842193603516,421300,24939629.61616516
2015-09-01 00:00:00,59.202800095403504,59.35223007202149,59.17291410007991,59.352230072021484,709900,42134148.12812805
2015-09-02 00:00:00,59.270043219773555,59.382114273809435,59.24763014900049,59.36716842651367,2161800,128339944.70443726
2015-09-03 00:00:00,59.33727912500563,59.434410026502874,59.32981190194452,59.426937103271484,550800,32732356.956481934
2015-09-04 00:00:00,59.3970700418168,59.44936912076497,59.35971111392292,59.412010192871094,594600,35326381.26068115
2015-09-08 00:00:00,59.411991256808705,59.426937103271484,59.36716511776091,59.426937103271484,787600,46804655.66253662
2015-09-09 00:00:00,59.3746300440837,59.419456177094055,59.35221697757853,59.382102966308594,503000,29869197.792053223
2015-09-10 00:00:00,59.37463365053339,59.38210657321219,59.34474765998802,59.35968780517578,562400,33383888.42163086
2015-09-11 00:00:00,59.3895971825004,59.42695611043599,59.37465703142943,59.41948318481445,478900,28455990.49720764
2015-09-14 00:00:00,59.39706809025734,59.43442701692375,59.38212793969392,59.404541015625,465200,27634992.48046875
2015-09-15 00:00:00,59.367169352375484,59.397055347262516,59.24015814923362,59.24763107299805,416900,24700337.394332886
2015-09-16 00:00:00,59.284984223248294,59.29245714700412,59.210272086202046,59.24015808105469,475500,28168695.167541504
2015-09-17 00:00:00,59.20279500769199,59.44187724956399,59.18785486139949,59.426937103271484,340500,20234872.08366394
2015-09-18 00:00:00,59.449359826300324,59.45683275074518,59.404533679973575,59.44188690185547,499700,29703110.884857178
2015-09-21 00:00:00,59.42695604409748,59.43442896971067,59.3970700418168,59.412010192871094,480700,28559353.299713135
2015-09-22 00:00:00,59.44938492483299,59.5016840176844,59.434444769806994,59.479270935058594,508600,30251157.1975708
2015-09-23 00:00:00,59.501678401748,59.501678401748,59.44190638693825,59.494205474853516,384200,22857673.74343872
2015-09-24 00:00:00,59.53157217156763,59.53157217156763,59.479273076833,59.509159088134766,497700,29617708.478164673
2015-09-25 00:00:00,59.449369319805484,59.71086471542186,59.38213008957789,59.43442916870117,791400,47036407.24411011
2015-09-28 00:00:00,59.412019621198645,59.46431870844637,59.39707946777344,59.39707946777344,604000,35875835.998535156
2015-09-29 00:00:00,59.47178643322552,59.509145363780235,59.419487350552416,59.46431350708008,1086000,64578244.468688965
2015-09-30 00:00:00,59.50913655762524,59.55396270751953,59.486723482678094,59.55396270751953,1038500,61846790.27175903
2015-10-01 00:00:00,59.54799894418541,59.57044920539878,59.495613098144524,59.49561309814453,1375400,81830266.25518799
2015-10-02 00:00:00,59.66023342869738,59.69764861337986,59.63778317596253,59.652748107910156,759100,45282401.0887146
2015-10-05 00:00:00,59.62282943725586,59.667735665083164,59.59289385524714,59.62282943725586,655200,39064877.84729004
2015-10-06 00:00:00,59.57041732455796,59.71260984898288,59.57041732455796,59.66770935058594,523000,31206211.990356445
2015-10-07 00:00:00,59.67518527411599,59.73505640803066,59.645249707158655,59.68267059326172,727300,43407206.32247925
2015-10-08 00:00:00,59.69767379760742,59.735094707703226,59.652773273195855,59.69767379760742,617100,36839434.50050354
2015-10-09 00:00:00,59.675223535401635,59.72012976944245,59.66774392108587,59.69767379760742,427500,25520755.548477173
2015-10-12 00:00:00,59.65271433607007,59.73503568924361,59.65271433607007,59.71258544921875,477400,28506788.29345703
2015-10-13 00:00:00,59.66774392108587,59.72012976944245,59.652773273195855,59.69767379760742,1134700,67738950.45814514
2015-10-14 00:00:00,59.764999516467256,59.809900017756256,59.735063945732485,59.779964447021484,566300,33853393.86634827
2015-10-15 00:00:00,59.77997958278072,59.80991516109491,59.72759374813782,59.7650146484375,1232200,73642451.04980469
2015-10-16 00:00:00,59.7350668738068,59.787452697753906,59.72758155334962,59.787452697753906,600000,35872471.618652344
2015-10-19 00:00:00,59.764988828273104,59.794924393654284,59.70511769751074,59.757503509521484,519500,31044023.07319641
2015-10-20 00:00:00,59.71261533535163,59.77248647846579,59.69016508409044,59.750030517578125,597000,35670768.21899414
2015-10-21 00:00:00,59.757504804753374,59.85479682175732,59.75001948583951,59.794925689697266,544500,32558337.03804016
2015-10-22 00:00:00,59.87722471383207,59.88470432032803,59.794903365390354,59.854774475097656,591200,35386142.669677734
2015-10-23 00:00:00,59.8622749230643,59.86976024178959,59.77995354596182,59.83982467651367,469900,28118733.615493774
2015-10-26 00:00:00,59.85479757650333,59.86227718588609,59.77247619628906,59.77247619628906,638900,38188635.04180908
2015-10-27 00:00:00,59.817399475077764,59.86978530883789,59.817399475077764,59.86978530883789,888400,53188317.26837158
2015-10-28 00:00:00,59.79496588000481,59.84735172836139,59.66025859714086,59.69767379760742,549800,32821781.05392456
2015-10-29 00:00:00,59.66771604758168,59.690166299299925,59.56293869018555,59.56293869018555,1058900,63071195.779037476
2015-10-30 00:00:00,59.585417167584836,59.652767948190004,59.562961197754376,59.63031768798828,1162400,69314281.28051758
2015-11-02 00:00:00,59.5404884384673,59.56293869018555,59.4955879350308,59.56293869018555,1067400,63577480.75790405
2015-11-03 00:00:00,59.54048538208008,59.547970702144106,59.465649310318604,59.54048538208008,1064300,63368938.59214783
2015-11-04 00:00:00,59.510557672598075,59.53301363575653,59.41327133741959,59.45817184448242,729400,43368790.54336548
2015-11-05 00:00:00,59.420745977193874,59.46564647618554,59.390810407990756,59.43571090698242,816500,48529257.95555115
2015-11-06 00:00:00,59.428239917406124,59.428239917406124,59.308497623224156,59.33094787597656,749200,44450746.14868164
2015-11-09 00:00:00,59.31598916608618,59.33095409961528,59.278568267822266,59.278568267822266,686400,40688809.2590332
2015-11-10 00:00:00,59.25611548248599,59.39082271700568,59.25611548248599,59.31598663330078,559500,33187294.521331787
2015-11-11 00:00:00,59.353412628173835,59.375862886410616,59.32347704731538,59.35341262817383,384500,22821387.155532837
2015-11-12 00:00:00,59.39082412553079,59.42075970164815,59.34592361616843,59.36837387084961,364100,21616024.926376343
2015-11-13 00:00:00,59.43572070637887,59.50307717559771,59.35339930490416,59.46565628051758,427000,25391835.231781006
2015-11-16 00:00:00,59.51803730311367,59.5704231262207,59.46565148000665,59.5704231262207,831600,49538763.87176514
2015-11-17 00:00:00,59.503069190620664,59.53300476074219,59.458162980625275,59.53300476074219,697400,41518317.5201416
2015-11-18 00:00:00,59.51058019451384,59.57793669022636,59.495615256371735,59.525550842285156,773700,46054918.686676025
2015-11-19 00:00:00,59.50309091308177,59.55547675251209,59.49560559041222,59.51057052612305,558100,33212849.410629272
2015-11-20 00:00:00,59.53301568247682,59.55546593678007,59.47314453125,59.47314453125,742300,44146915.185546875
2015-11-23 00:00:00,59.49559695380766,59.533017852095,59.46566137710329,59.503082275390625,507800,30215665.17944336
2015-11-24 00:00:00,59.52552350719733,59.58539465153038,59.4955879350308,59.56293869018555,1357200,80838820.39031982
2015-11-25 00:00:00,59.51803730311367,59.57790844655785,59.51803730311367,59.5704231262207,439500,26181200.963974
2015-11-27 00:00:00,59.60035235746112,59.61532299654278,59.57041678892367,59.60783767700195,181300,10806900.970840454
2015-11-30 00:00:00,59.58542201411201,59.592901628368466,59.5180655183995,59.525550842285156,966300,57519539.77890015
2015-12-01 00:00:00,59.580264750028206,59.6777140510887,59.55777117052994,59.61024475097656,938100,55920370.60089111
2015-12-02 00:00:00,59.58774051539993,59.59523837317221,59.527774810791016,59.527774810791016,972300,57878855.448532104
2015-12-03 00:00:00,59.51278023342514,59.52777594925647,59.36285739025095,59.407833099365234,1052200,62508921.9871521
2015-12-04 00:00:00,59.43032815224057,59.512787441730964,59.43032815224057,59.452816009521484,1476800,87799918.68286133
2015-12-07 00:00:00,59.482811194600956,59.52779263551387,59.422839752844716,59.460323333740234,735600,43739013.84429932
2015-12-08 00:00:00,59.49030023630015,59.49779809520613,59.385353088378906,59.385353088378906,1043300,61956738.87710571
2015-12-09 00:00:00,59.47526931762695,59.4902650265636,59.40780578497376,59.47526931762695,1454500,86506779.2224884
2015-12-10 00:00:00,59.460308504694225,59.460308504694225,59.37035136449464,59.41533279418945,1008100,59896596.98982239
2015-12-11 00:00:00,59.43776360068644,59.45275358340386,59.347806546828224,59.39278793334961,860000,51077797.622680664
2015-12-14 00:00:00,59.27287292480469,59.36283002074799,59.25788293507442,59.27287292480469,700600,41526574.771118164
2015-12-15 00:00:00,59.2354146482263,59.27289821732755,59.20543465597291,59.22042465209961,1303600,77199745.57647705
2015-12-16 00:00:00,59.220417444038866,59.220417444038866,59.04800105402447,59.17544174194336,854300,50553579.88014221
2015-12-17 00:00:00,59.145471501645176,59.21293507243125,59.1304757842324,59.15296936035156,1156000,68380832.5805664
2015-12-18 00:00:00,59.18294651526479,59.28040151619734,59.16795651776219,59.25041580200195,1083900,64221525.68778992
2015-12-21 00:00:00,59.28039586144669,59.28039586144669,59.23541443484929,59.24291229248047,1155600,68461109.44519043
2015-12-22 00:00:00,59.20547614880914,59.295427626989145,59.20547614880914,59.26544189453125,1237800,73358763.97705078
2015-12-23 00:00:00,59.24284258656196,59.37816910092844,59.212769390494344,59.340576171875,1586600,94149758.15429688
2015-12-24 00:00:00,59.355632712469536,59.40825939184351,59.33307924072039,59.4007453918457,384100,22815826.305007935
2015-12-28 00:00:00,59.39319234098483,59.39319234098483,59.333045959472656,59.333045959472656,961000,57019057.16705322
2015-12-29 00:00:00,59.333076571080305,59.34059630661763,59.257896423339844,59.257896423339844,962600,57041651.09710693
2015-12-30 00:00:00,59.29549026489258,59.31804373596918,59.25037758686168,59.29549026489258,1202500,71302827.04353333
2015-12-31 00:00:00,59.34059709845668,59.385704040527344,59.28797042074836,59.385704040527344,1247300,74071788.64974976
2016-01-04 00:00:00,59.536051937424624,59.536051937424624,59.34057902153588,59.34809875488281,1204500,71484784.95025635
2016-01-05 00:00:00,59.415745800083236,59.415745800083236,59.32553196368961,59.333045959472656,1213400,71994717.96722412
2016-01-06 00:00:00,59.385660190082156,59.445806559016,59.355587005615234,59.355587005615234,1559900,92588780.1700592
2016-01-07 00:00:00,59.43081671847568,59.43081671847568,59.348116834094355,59.385704040527344,1192700,70829329.20913696
2016-01-08 00:00:00,59.408214571699354,59.46836094157196,59.37814712263659,59.39318084716797,1122800,66686663.455200195
2016-01-11 00:00:00,59.423266395310165,59.46837331416249,59.400712935884,59.44581985473633,615300,36577012.95661926
2016-01-12 00:00:00,59.438300122969366,59.505966237122585,59.423266395310165,59.44581985473633,748200,44477362.41531372
2016-01-13 00:00:00,59.46089553833008,59.506008224888895,59.42330832472297,59.46089553833008,1128200,67083782.346343994
2016-01-14 00:00:00,59.438316345214844,59.490943010197306,59.41576287963326,59.438316345214844,983200,58439752.630615234
2016-01-15 00:00:00,59.543567741232174,59.543567741232174,59.41576094983677,59.45335388183594,891700,53014555.656433105
2016-01-19 00:00:00,59.453362489110305,59.48343569188822,59.393216083554464,59.430809020996094,1743700,103629501.68991089
2016-01-20 00:00:00,59.41576955166867,59.51350889466614,59.36314288077655,59.430809020996094,2831700,168290221.90475464
2016-01-21 00:00:00,59.468389544615725,59.468389544615725,59.393209414051675,59.438316345214844,922400,54825902.99682617
2016-01-22 00:00:00,59.39320942388515,59.460869820641115,59.3631362244793,59.423282623291016,884200,52542066.495513916
2016-01-25 00:00:00,59.393180847167976,59.43828775663566,59.393180847167976,59.39318084716797,749500,44515189.04495239
2016-01-26 00:00:00,59.43832301978287,59.47591595722451,59.37818235010398,59.430809020996094,1124300,66818058.58230591
2016-01-27 00:00:00,59.39322565597003,59.468405807093156,59.37819192009655,59.4007453918457,1121000,66588235.58425903
2016-01-28 00:00:00,59.39320942388515,59.445836088876334,59.385689690064616,59.423282623291016,1288200,76549072.67532349
2016-01-29 00:00:00,59.505992889404304,59.551099828459684,59.45336621521392,59.5059928894043,1146200,68205769.0498352
2016-02-01 00:00:00,59.52929584816374,59.52929584816374,59.37872448675499,59.43894958496094,1761400,104695765.7989502
2016-02-02 00:00:00,59.476625051321065,59.5142707824707,59.43897932017143,59.5142707824707,1114000,66298897.65167236
2016-02-03 00:00:00,59.49921363478867,59.56697480599193,59.438982759037415,59.55191421508789,1820400,108408304.637146
2016-02-04 00:00:00,59.476596323204966,59.55188200520796,59.446480901617896,59.529296875,1120100,66678765.4296875
2016-02-05 00:00:00,59.499214172363274,59.51427476340339,59.42392844896024,59.49921417236328,637200,37912899.27062988
2016-02-08 00:00:00,59.5142742256927,59.55191421508789,59.47662849236506,59.55191421508789,726700,43276376.06010437
2016-02-09 00:00:00,59.589556500837844,59.589556500837844,59.5142707824707,59.5142707824707,1305700,77707783.360672
2016-02-10 00:00:00,59.53685235402384,59.54437690465693,59.47662148536845,59.491676330566406,763900,45445691.54891968
2016-02-11 00:00:00,59.49167616628294,59.55190703477201,59.4540361814261,59.506736755371094,773300,46016559.53292847
2016-02-12 00:00:00,59.41639389688287,59.476624768863395,59.34863847385385,59.356163024902344,919600,54583927.517700195
2016-02-16 00:00:00,59.34109726213126,59.37121269258131,59.295926988421705,59.30345153808594,887800,52649604.275512695
2016-02-17 00:00:00,59.33357788389267,59.356163024902344,59.288407601873324,59.356163024902344,1220000,72414518.89038086
2016-02-18 00:00:00,59.438949506124054,59.46154037984173,59.37119411675876,59.44647979736328,600200,35679777.17437744
2016-02-19 00:00:00,59.438974440603225,59.47662016866238,59.40133445647572,59.43144989013672,1093800,65006119.88983154
2016-02-22 00:00:00,59.4314635545988,59.44651840292487,59.40134811401367,59.40134811401367,711300,42252178.913497925
2016-02-23 00:00:00,59.38624879783385,59.47659506067725,59.378724250543826,59.46154022216797,806700,47967624.4972229
2016-02-24 00:00:00,59.446519079217495,59.5368654020007,59.446519079217495,59.52180480957031,1012200,60247970.82824707
2016-02-25 00:00:00,59.559447162345414,59.687433471065894,59.53686201891624,59.66484832763672,1015600,60595619.96154785
2016-02-26 00:00:00,59.64977830650479,59.717533719556954,59.57448685564961,59.65730285644531,1988700,118640478.1906128
2016-02-29 00:00:00,59.65732016800517,59.71002075253788,59.64226531982422,59.64226531982422,1417200,84525018.41125488
2016-03-01 00:00:00,59.71387306101133,59.72895359904001,59.54795837402344,59.54795837402344,1441800,85856246.38366699
2016-03-02 00:00:00,59.50273812358966,59.61586234842993,59.48011442936902,59.48765182495117,2265300,134757377.6790619
2016-03-03 00:00:00,59.48011442936902,59.57815235557081,59.48011442936902,59.48765182495117,1479500,88011980.87501526
2016-03-04 00:00:00,59.51029840541715,59.638503212067896,59.47258840170164,59.555545806884766,1727200,102864338.71765137
2016-03-07 00:00:00,59.585691468030895,59.585691468030895,59.51781463623047,59.51781463623047,926100,55119448.13461304
2016-03-08 00:00:00,59.57815679115558,59.63094733284635,59.570613641274754,59.60078048706055,616900,36767721.48246765
2016-03-09 00:00:00,59.59322568065482,59.63093566894531,59.58568828598583,59.63093566894531,654700,39040373.582458496
2016-03-10 00:00:00,59.64604524135497,59.706378950489224,59.58571728595991,59.63850784301758,679900,40548221.48246765
2016-03-11 00:00:00,59.6988021144995,59.7214258020446,59.64600583858041,59.6837158203125,614900,36699516.857910156
2016-03-14 00:00:00,59.63848094204623,59.73651885986329,59.63093779337211,59.73651885986328,628300,37532454.7996521
2016-03-15 00:00:00,59.75160515721151,59.79685254178298,59.72143831625166,59.73651885986328,1462200,87346737.87689209
2016-03-16 00:00:00,59.66112025225816,59.97786353464787,59.608329705193206,59.947696685791016,737700,44223415.84510803
2016-03-17 00:00:00,60.000499496295745,60.06083320634097,59.95525209063146,60.03066635131836,1084800,65121266.857910156
2016-03-18 00:00:00,60.06835196239958,60.113599349687114,60.01556142598514,60.038185119628906,1172000,70364752.96020508
2016-03-21 00:00:00,60.08340831556731,60.08340831556731,60.00799411587308,60.01553726196289,570600,34244865.561676025
2016-03-22 00:00:00,60.060784631032504,60.06832777712231,60.00045096978327,60.01553726196289,567600,34064818.94989014
2016-03-23 00:00:00,60.053254242912644,60.11358791697941,60.01555001192279,60.10604476928711,641800,38576059.53292847
2016-03-24 00:00:00,60.10605875319832,60.13622559725014,60.05326821454192,60.08343505859375,910100,54681934.24682617
2016-03-28 00:00:00,60.11361163448783,60.14377848342339,60.060821087285134,60.12115478515625,724300,43545752.41088867
2016-03-29 00:00:00,60.21163471185056,60.27951154363116,60.16638732648795,60.26443099975586,907300,54677918.24607849
2016-03-30 00:00:00,60.2719690573951,60.28705535517294,60.21163537375725,60.24180221557617,1145600,69013008.61816406
2016-03-31 00:00:00,60.28706741471345,60.35493850708008,60.234276869404546,60.35493850708008,1073100,64766884.51194763
2016-04-01 00:00:00,60.2491648789845,60.407814025878906,60.22650153854531,60.407814025878906,909300,54928825.29373169
2016-04-04 00:00:00,60.43047454396335,60.43047454396335,60.34737179035418,60.37004089355469,875300,52841896.79412842
2016-04-05 00:00:00,60.43048509107824,60.52114422824392,60.400265378689674,60.4607048034668,829400,50146108.56399536
2016-04-06 00:00:00,60.48332663842961,60.543766021728516,60.39267332729809,60.543766021728516,968400,58630583.015441895
2016-04-07 00:00:00,60.58155844498997,60.58155844498997,60.46823601164162,60.558895111083984,1073200,64991806.23321533
2016-04-08 00:00:00,60.48336442643317,60.54380384749262,60.438037742548794,60.51358413696289,700800,42407919.763183594
2016-04-11 00:00:00,60.47581382166606,60.5664671894348,60.45314471590344,60.51358413696289,630400,38147763.439941406
2016-04-12 00:00:00,60.51353780811493,60.54375749550862,60.48331812072124,60.5059814453125,707700,42820083.068847656
2016-04-13 00:00:00,60.51353475289039,60.55131080117926,60.49087142944336,60.49087142944336,838300,50709497.51930237
2016-04-14 00:00:00,60.51358413696289,60.55136021608016,60.48336442643317,60.51358413696289,829300,50183915.324783325
2016-04-15 00:00:00,60.528719609855884,60.58915328979492,60.490943516549216,60.58915328979492,574000,34778173.988342285
2016-04-18 00:00:00,60.55138296031085,60.604266032646635,60.528719609855884,60.58915328979492,766200,46423409.25064087
2016-04-19 00:00:00,60.581572715943445,60.626899394432854,60.52113330207774,60.5966796875,700700,42460093.45703125
2016-04-20 00:00:00,60.58910904707971,60.64954844670795,60.55889511108398,60.558895111083984,809300,49010313.81340027
2016-04-21 00:00:00,60.55133471503902,60.60421774523938,60.543778349633826,60.5815544128418,722200,43751998.596954346
2016-04-22 00:00:00,60.60422177889597,60.63444147871009,60.55889511108398,60.558895111083984,853500,51687016.97731018
2016-04-25 00:00:00,60.59669181356623,60.59669181356623,60.52870178222656,60.52870178222656,865600,52393644.26269531
2016-04-26 00:00:00,60.58916078055037,60.596717152910436,60.43806791628897,60.483394622802734,1124800,68031722.27172852
2016-04-27 00:00:00,60.50603267462578,60.53625238760593,60.48336933084589,60.52870178222656,819000,49573006.759643555
2016-04-28 00:00:00,60.4758365375201,60.67981245543738,60.4758365375201,60.58915328979492,1846900,111902107.21092224
2016-04-29 00:00:00,60.52867138264144,60.59666137983418,60.52867138264144,60.5815544128418,608200,36845701.39389038
2016-05-02 00:00:00,60.685209741427194,60.685209741427194,60.53385272217783,60.571693420410156,868100,52582287.05825806
2016-05-03 00:00:00,60.6398601754466,60.69283374155119,60.61715804335687,60.654998779296875,837600,50804626.97753906
2016-05-04 00:00:00,60.6701105958934,60.6852491945003,60.61713704813661,60.63983917236328,708300,42951198.08578491
2016-05-05 00:00:00,60.63982491382556,60.74577198442728,60.63226138998424,60.662532806396484,729900,44277582.695388794
2016-05-06 00:00:00,60.72313778270807,60.76097853896782,60.662600655856764,60.700435638427734,646100,39218551.46598816
2016-05-09 00:00:00,60.74578755532109,60.776058979492774,60.70795260536933,60.738224029541016,537600,32652869.23828125
2016-05-10 00:00:00,60.73068549625148,60.81393051147461,60.70798336004275,60.81393051147461,805100,48961295.45478821
2016-05-11 00:00:00,60.753360748291016,60.82903642672817,60.73822792207725,60.753360748291016,760400,46196855.51300049
2016-05-12 00:00:00,60.73066309594119,60.80633877995311,60.67012023925782,60.67012023925781,1091700,66233570.265197754
2016-05-13 00:00:00,60.715559863504104,60.715559863504104,60.655016977310005,60.67771911621094,572400,34731926.42211914
2016-05-16 00:00:00,60.69279198777624,60.71549987792969,60.662526348268386,60.71549987792969,439800,26702676.846313477
2016-05-17 00:00:00,60.654998779296875,60.670131609461464,60.61715804335687,60.654998779296875,614900,37296758.74938965
2016-05-18 00:00:00,60.60199973511501,60.61713255891751,60.473350524902344,60.473350524902344,775700,46909178.00216675
2016-05-19 00:00:00,60.51123522903931,60.53393737025244,60.44312880539993,60.503665924072266,755500,45710519.6056366
2016-05-20 00:00:00,60.54902734880946,60.594431594768224,60.473351680983725,60.52632522583008,990500,59951325.13618469
2016-05-23 00:00:00,60.54907226562499,60.571774405445396,60.49609868148152,60.549072265625,990600,59979910.986328125
2016-05-24 00:00:00,60.5490406035619,60.5490406035619,60.488497746574566,60.49606704711914,882300,53375679.95567322
2016-05-25 00:00:00,60.54145611328144,60.57172753418006,60.47334974652192,60.51118469238281,1145700,69327664.30206299
2016-05-26 00:00:00,60.51116881511609,60.601983053983595,60.51116881511609,60.59441375732422,842100,51026555.825042725
2016-05-27 00:00:00,60.594450567189234,60.594450567189234,60.40525845154624,60.480934143066406,1377800,83330631.0623169
2016-05-31 00:00:00,60.42037624932273,60.54146194458008,60.42037624932273,60.54146194458008,519200,31433127.041625977
2016-06-01 00:00:00,60.58999220526554,60.6354841216292,60.50659710671103,60.54450607299805,854300,51723171.53816223
2016-06-02 00:00:00,60.66582107543945,60.66582107543945,60.55968288149567,60.66582107543945,760100,46112090.59944153
2016-06-03 00:00:00,60.68096458181417,60.84017181396485,60.68096458181417,60.840171813964844,886700,53946980.34744263
2016-06-06 00:00:00,60.83258472514098,60.840167673992816,60.771938486611994,60.794681549072266,680800,41389019.1986084
2016-06-07 00:00:00,60.870521240726475,60.90084726576685,60.696148042768804,60.825035095214844,889900,54128198.73123169
2016-06-08 00:00:00,60.878070831298835,60.90839105562561,60.825001762584954,60.87807083129883,1328700,80888692.71354675
2016-06-09 00:00:00,60.91597400375464,60.91597400375464,60.832578926619306,60.87807083129883,1175600,71568260.0692749
2016-06-10 00:00:00,60.90842900808258,60.94633798825441,60.862942859155005,60.93875503540039,655600,39951447.801208496
2016-06-13 00:00:00,60.89322829585281,60.97662336936216,60.88564534805348,60.953880310058594,920000,56077569.885253906
2016-06-14 00:00:00,60.99178331490727,60.999366262685975,60.90081107794056,60.93113708496094,918100,55940876.95770264
2016-06-15 00:00:00,60.91599222519523,61.09036537975413,60.89324915809981,61.037296295166016,806600,49232683.19168091
2016-06-16 00:00:00,61.06762479367062,61.113110929709435,60.99180685481039,61.022132873535156,1488200,90813138.14239502
2016-06-17 00:00:00,61.04486731983744,61.052450269471805,60.9235690461667,60.96905517578125,920400,56115918.38378906
2016-06-20 00:00:00,61.029658418177874,61.05240146480459,60.94626339115245,60.999332427978516,855800,52203228.69186401
2016-06-21 00:00:00,60.999353460320734,61.01451935269516,60.915958404541016,60.915958404541016,804800,49025163.32397461
2016-06-22 00:00:00,60.90081107794056,60.9690402556656,60.87806801869888,60.93113708496094,853500,52004725.50201416
2016-06-23 00:00:00,60.931151995801066,60.97663812541561,60.91598609653233,60.96905517578125,587800,35837610.63232422
2016-06-24 00:00:00,60.946299856102215,61.15099896639916,60.946299856102215,61.12825012207031,1450200,88648188.32702637
2016-06-27 00:00:00,61.21920717919233,61.21920717919233,61.04483413696289,61.04483413696289,1269500,77496416.93687439
2016-06-28 00:00:00,61.044876052972185,61.23440933227538,61.044876052972185,61.23440933227539,1247900,76414419.40574646
2016-06-29 00:00:00,61.211666931328836,61.257158852043126,61.15859784390943,61.24199295043945,1611000,98660850.64315796
2016-06-30 00:00:00,61.21921971175534,61.33294078135137,61.21921971175534,61.28744888305664,1340200,82137438.99307251
2016-07-01 00:00:00,61.39679816621326,61.48034202541491,61.328447260183104,61.411991119384766,2006100,123198595.38459778
2016-07-05 00:00:00,61.50317371190385,61.65506858149744,61.32848939689516,61.47279357910156,2141800,131662429.28771973
2016-07-06 00:00:00,61.457583213352315,61.52593994140625,61.40441944460646,61.52593994140625,1905700,117249983.74633789
2016-07-07 00:00:00,61.49554811768771,61.50314459589652,61.37402764400718,61.46516799926758,1699100,104435466.94755554
2016-07-08 00:00:00,61.44996770789965,61.503131455172166,61.36642384869799,61.411991119384766,2112000,129702125.24414062
2016-07-11 00:00:00,61.434815194969126,61.45000815814159,61.3208911488464,61.38924789428711,2667400,163749679.83322144
2016-07-12 00:00:00,61.3588779700174,61.3816616241487,61.191790113829704,61.19938659667969,1509600,92386594.00634766
2016-07-13 00:00:00,61.229764677469625,61.35887590949031,61.229764677469625,61.282928466796875,1407800,86274106.69555664
2016-07-14 00:00:00,61.28290125771247,61.2980884217408,61.14619360379393,61.161380767822266,3749800,229342945.60317993
2016-07-15 00:00:00,61.244907689288496,61.244907689288496,61.10060359612454,61.10820007324219,896000,54752947.265625
2016-07-18 00:00:00,61.206955443452166,61.214551923591344,61.10062789916993,61.10062789916992,789000,48208395.41244507
2016-07-19 00:00:00,61.23734443247703,61.23734443247703,61.13861335404462,61.17658996582031,1430100,87488641.31011963
2016-07-20 00:00:00,61.1841594362165,61.22973251342774,61.12340499062719,61.229732513427734,1312100,80339532.03086853
2016-07-21 00:00:00,61.22214208053119,61.29049301147461,61.16897831388098,61.29049301147461,1130400,69282773.3001709
2016-07-22 00:00:00,61.28291844180143,61.320889259727444,61.2373453481057,61.27532196044922,1068100,65448171.38595581
2016-07-25 00:00:00,61.30568669936422,61.32847034328302,61.22214280871792,61.24492645263672,773000,47342328.14788818
2016-07-26 00:00:00,61.260124645360015,61.2753118111314,61.19176791334743,61.237335205078125,1057500,64758481.97937012
2016-07-27 00:00:00,61.305709838867195,61.33608997369776,61.23735308689386,61.30570983886719,1369000,83927516.76940918
2016-07-28 00:00:00,61.30569611942603,61.3360762474579,61.26771951078195,61.3284797668457,1344100,82431609.65461731
2016-07-29 00:00:00,61.41200424063612,61.46516799926758,61.36643696021348,61.46516799926758,952100,58520986.45210266
2016-08-01 00:00:00,61.513110197558674,61.513110197558674,61.277254732590976,61.32290267944336,1117900,68552872.90534973
2016-08-02 00:00:00,61.2772556170608,61.3305134907149,61.26203576477513,61.26964569091797,1012800,62053897.15576172
2016-08-03 00:00:00,61.262074033018266,61.35337578974663,61.262074033018266,61.3077278137207,1402100,85959565.1676178
2016-08-04 00:00:00,61.40661304283622,61.45226100350867,61.35335515382685,61.3837890625,1652400,101430573.046875
2016-08-05 00:00:00,61.40660377404634,61.42182362842288,61.27726403521407,61.284873962402344,1805700,110662096.91390991
2016-08-08 00:00:00,61.30008697509765,61.33813080572176,61.262043144473544,61.300086975097656,1112300,68184086.74240112
2016-08-09 00:00:00,61.27726631120673,61.360958099365234,61.27726631120673,61.360958099365234,1379200,84629033.41064453
2016-08-10 00:00:00,61.368592510872354,61.46749838875899,61.368592510872354,61.45988845825195,1554900,95563980.56373596
2016-08-11 00:00:00,61.4598643319512,61.49790816487592,61.36095849289043,61.368568420410156,1310300,80411235.20126343
2016-08-12 00:00:00,61.47508239746094,61.49029644738359,61.42182451572101,61.47508239746094,876500,53882909.72137451
2016-08-15 00:00:00,61.47510580829192,61.47510580829192,61.39901811568181,61.41423797607422,1223900,75164885.85891724
2016-08-16 00:00:00,61.41419267745882,61.42180260204201,61.338110845642035,61.35332489013672,1640800,100668535.47973633
2016-08-17 00:00:00,61.398967667385776,61.49787926463809,61.36092965701052,61.467445373535156,3563400,219033094.84405518
2016-08-18 00:00:00,61.490295016232416,61.490295016232416,61.44464706285313,61.48268508911133,900800,55383602.728271484
2016-08-19 00:00:00,61.437007506458855,61.490265361274524,61.39135957509423,61.42939758300781,679200,41722846.838378906
2016-08-22 00:00:00,61.482670071914335,61.49027999717669,61.429412204422235,61.45223617553711,700600,43053436.6645813
2016-08-23 00:00:00,61.51312042460445,61.51312042460445,61.42942863834546,61.47508239746094,1143700,70309051.73797607
2016-08-24 00:00:00,61.49032237560389,61.50553643194175,61.41424048456216,61.45988845825195,2779500,170827759.9697113
2016-08-25 00:00:00,61.47510831926603,61.497932306110926,61.42945454090002,61.45988845825195,965000,59308792.362213135
2016-08-26 00:00:00,61.482663948252195,61.482663948252195,61.338110210698154,61.37614822387695,1210100,74271276.9657135
2016-08-29 00:00:00,61.33813451500517,61.42182630370041,61.33813451500517,61.368568420410156,1218200,74759190.04974365
2016-08-30 00:00:00,61.42939758300781,61.444617429909904,61.383749651643186,61.42939758300781,1086100,66718468.714904785
2016-08-31 00:00:00,61.43701195530201,61.45222599863497,61.39896813996274,61.406578063964844,795300,48836651.53427124
2016-09-01 00:00:00,61.406579732221715,61.4446896539823,61.376092957764776,61.429443359375,937100,57565531.37207031
2016-09-02 00:00:00,61.452312185971955,61.4599353339206,61.39134444665731,61.42182540893555,919200,56458941.915893555
2016-09-06 00:00:00,61.42946707052564,61.52092742919922,61.39136294881491,61.52092742919922,1098100,67556130.41000366
2016-09-07 00:00:00,61.49804992297846,61.55140033314878,61.49042677445167,61.51329040527344,1084100,66686558.12835693
2016-09-08 00:00:00,61.513317345855434,61.52856364958634,61.437103271484375,61.437103271484375,870800,53499429.528808594
2016-09-09 00:00:00,61.42947653862433,61.42947653862433,61.34563931727506,61.36088562011719,828900,50862038.09051514
2016-09-12 00:00:00,61.31513270007597,61.383729411163145,61.31513270007597,61.37610626220703,766200,47026372.61810303
2016-09-13 00:00:00,61.39896794911981,61.39896794911981,61.28464979219447,61.32275390625,1370400,84036701.953125
2016-09-14 00:00:00,61.33035398638066,61.42180847752155,61.29986721774817,61.39894485473633,2347700,144146302.83546448
2016-09-15 00:00:00,61.42180847752155,61.437054769216076,61.322730840533396,61.39894485473633,1553000,95352561.35940552
2016-09-16 00:00:00,61.39897614144224,61.42946292560969,61.338008387866864,61.38373565673828,850300,52194590.42892456
2016-09-19 00:00:00,61.3989262368316,61.42178985268393,61.35319900512695,61.35319900512695,891100,54671835.63346863
2016-09-20 00:00:00,61.383748216843586,61.414235007249125,61.322774636032506,61.345638275146484,685200,42034031.34613037
2016-09-21 00:00:00,61.35326246869612,61.406612899121946,61.307535189691365,61.36088562011719,1026800,63005357.35473633
2016-09-22 00:00:00,61.429443359375,61.437066506678654,61.38371610506843,61.429443359375,1115200,68506115.234375
2016-09-23 00:00:00,61.42181091211236,61.43705720441121,61.36084318718736,61.40657043457031,796900,48934895.97930908
2016-09-26 00:00:00,61.444709501589806,61.452326836596306,61.40659956751911,61.414222717285156,1496900,91930949.98550415
2016-09-27 00:00:00,61.50565080257942,61.50565080257942,61.39895001078368,61.44468307495117,1556100,95614071.33293152
2016-09-28 00:00:00,61.45992355316897,61.475169846143814,61.437059928463746,61.44468307495117,1048900,64449328.077316284
2016-09-29 00:00:00,61.43707441921849,61.459938049316406,61.38372401073722,61.459938049316406,750900,46150267.48123169
2016-09-30 00:00:00,61.45997505635042,61.45997505635042,61.38376097188027,61.39138412475586,1092200,67051669.74105835
2016-10-03 00:00:00,61.353171703950544,61.46005829586581,61.3073648288104,61.368438720703125,1154800,70868273.03466797
2016-10-04 00:00:00,61.307383285183526,61.36082659723008,61.284474015834306,61.33791732788086,1263600,77506592.33551025
2016-10-05 00:00:00,61.34553466504807,61.34553466504807,61.253920915690834,61.292091369628906,1369400,83933389.92156982
2016-10-06 00:00:00,61.29209578696105,61.307368629542864,61.24628890898112,61.29973220825195,1187600,72799561.97052002
2016-10-07 00:00:00,61.307372446682415,61.337906483981655,61.25392914408408,61.32263946533203,1135600,69637989.37683105
2016-10-10 00:00:00,61.33792997724728,61.33792997724728,61.27685605437354,61.330299377441406,695800,42673622.30682373
2016-10-11 00:00:00,61.29978620992128,61.307422637939446,61.24634286356986,61.30742263793945,864900,53024789.83955383
2016-10-12 00:00:00,61.28447402208265,61.3073832914342,61.26157057761524,61.26920700073242,524000,32105064.46838379
2016-10-13 00:00:00,61.2768141381229,61.37606429167558,61.26917771865536,61.3531608581543,1211800,74347760.32791138
2016-10-14 00:00:00,61.3226197872358,61.37606307268448,61.31498336791992,61.31498336791992,650100,39860870.68748474
2016-10-17 00:00:00,61.33790708969772,61.3989868146656,61.330276492739124,61.37608337402344,1051300,64524676.45111084
2016-10-18 00:00:00,61.36845076703803,61.45243393786872,61.360820169605084,61.42189407348633,994900,61108642.41371155
2016-10-19 00:00:00,61.4447473374272,61.46001434326172,61.41420750087995,61.46001434326172,798600,49081967.45452881
2016-10-20 00:00:00,61.4600703601852,61.4600703601852,61.391360033987475,61.42189407348633,1445900,88809916.64085388
2016-10-21 00:00:00,61.42191494401622,61.44482421875,61.383744469230955,61.44482421875,1007300,61893371.435546875
2016-10-24 00:00:00,61.44480334043577,61.4600703601852,61.4066270537369,61.42189407348633,917500,56354587.812423706
2016-10-25 00:00:00,61.40666138996538,61.42192841825154,61.39139436167922,61.399024963378906,918000,56364304.916381836
2016-10-26 00:00:00,61.39134798315559,61.39897857909068,61.353171703950544,61.368438720703125,1502000,92175394.9584961
2016-10-27 00:00:00,61.33795670023636,61.368496587421156,61.29978620992128,61.30742263793945,2166400,132816400.40283203
2016-10-28 00:00:00,61.32263564724192,61.33027206853283,61.27682876926199,61.29973220825195,628600,38533011.66610718
2016-10-31 00:00:00,61.31500304356567,61.368446346164006,61.31500304356567,61.32263946533203,933200,57226287.14904785
2016-11-01 00:00:00,61.320343017578125,61.381527099688824,61.274457873412715,61.320343017578125,1633800,100185176.42211914
2016-11-02 00:00:00,61.3126610939104,61.40443716849652,61.3126610939104,61.36619567871094,1393700,85526066.91741943
2016-11-03 00:00:00,61.39681241879813,61.419754987972134,61.350927280450115,61.38151931762695,1266500,77739694.21577454
2016-11-04 00:00:00,61.40448580109477,61.41977890822193,61.36624428102175,61.38918685913086,1090600,66951047.188568115
2016-11-07 00:00:00,61.41213326589808,61.41977690179358,61.37389174707431,61.404483795166016,874400,53692080.630493164
2016-11-08 00:00:00,61.343321748442214,61.41979897874243,61.31272968935439,61.35097122192383,1004700,61639320.78666687
2016-11-09 00:00:00,61.27447543806843,61.305067487893155,61.113871552616295,61.15210723876953,1333500,81546335.00289917
2016-11-10 00:00:00,61.106206971459315,61.167391055979515,61.07561492919922,61.07561492919922,979400,59817457.261657715
2016-11-11 00:00:00,61.10623886498832,61.10623886498832,60.90739340393085,60.915042877197266,1451500,88418184.73625183
2016-11-14 00:00:00,60.807917574113546,60.87674526559127,60.76967607784829,60.83086013793945,3340800,203223737.54882812
2016-11-15 00:00:00,60.84619305756218,60.9456186789897,60.83854942117309,60.93796920776367,2746000,167335663.44451904
2016-11-16 00:00:00,60.90736106032641,60.94560257151265,60.846176976362585,60.88441848754883,988000,60153805.46569824
2016-11-17 00:00:00,60.85383523619283,60.892076752903236,60.81559371948242,60.81559371948242,1364600,82988959.18960571
2016-11-18 00:00:00,60.84621829782338,60.869160886181575,60.76974105834961,60.76974105834961,2900600,176268710.91384888
2016-11-21 00:00:00,60.746743107634835,60.838519212265595,60.746743107634835,60.80027770996094,1269000,77155552.41394043
2016-11-22 00:00:00,60.78501214074651,60.869132981215586,60.77736266985416,60.85383987426758,1393900,84824167.40074158
2016-11-23 00:00:00,60.75441758493083,60.75441758493083,60.67029091309663,60.693233489990234,1107700,67229894.73686218
2016-11-25 00:00:00,60.693220232977694,60.72381227376587,60.654978723283676,60.677921295166016,353700,21461780.76210022
2016-11-28 00:00:00,60.76205625418891,60.7773551940918,60.723820574103634,60.7773551940918,1273400,77393884.1041565
2016-11-29 00:00:00,60.76202661162861,60.83086013793945,60.731440416416156,60.83086013793945,1397000,84980711.61270142
2016-11-30 00:00:00,60.73147303320948,60.80030076165221,60.73147303320948,60.73911666870117,1508400,91618883.58306885
2016-12-01 00:00:00,60.6057870018698,60.697720522826415,60.5981244139129,60.62876892089844,1703000,103250793.47229004
2016-12-02 00:00:00,60.68244232340159,60.812677195278134,60.552207451525035,60.774375915527344,2272400,138103691.83044434
2016-12-05 00:00:00,60.74373138481876,60.812677195278134,60.690104917290384,60.774375915527344,1272600,77341470.7901001
2016-12-06 00:00:00,60.75138034443964,60.82798873159479,60.743717752270534,60.79734420776367,1994500,121260303.02238464
2016-12-07 00:00:00,60.812660217285156,60.873949261591335,60.79734087863109,60.812660217285156,2474600,150487008.97369385
2016-12-08 00:00:00,60.820328893079676,60.843310825782204,60.78968436786111,60.8279914855957,1255900,76393874.50675964
2016-12-09 00:00:00,60.82798873159479,60.84330807108771,60.76669968393255,60.79734420776367,1811600,110140468.76678467
2016-12-12 00:00:00,60.77437048457075,60.78968982613277,60.72074402183458,60.75138854980469,1331600,80896548.99291992
2016-12-13 00:00:00,60.78200701309844,60.789669603753445,60.71306123173585,60.74370574951172,1367700,83079166.35360718
2016-12-14 00:00:00,60.82032666053075,60.82032666053075,60.605820836720326,60.61348342895508,1367400,82882877.24075317
2016-12-15 00:00:00,60.544534488523176,60.590498354290794,60.475588689871756,60.50623321533203,1471300,89022820.92971802
2016-12-16 00:00:00,60.521551977517994,60.590497775510826,60.51388938501472,60.55219650268555,956200,57900010.29586792
2016-12-19 00:00:00,60.628802768579256,60.65178470043818,60.582838904861404,60.61348342895508,1223400,74154535.62698364
2016-12-20 00:00:00,60.598182736353095,60.636489868164055,60.575200795205596,60.63648986816406,1187800,72024022.66540527
2016-12-21 00:00:00,60.644155681219345,60.69011956595315,60.63649308548104,60.682456970214844,1217500,73880891.36123657
2016-12-22 00:00:00,60.66093171625122,60.69931733808294,60.65325927734375,60.65325927734375,1248800,75743790.18554688
2016-12-23 00:00:00,60.699344235365835,60.71469497680664,60.66095859652455,60.71469497680664,794100,48213539.28108215
2016-12-27 00:00:00,60.683981473154724,60.699332211554726,60.637917544304656,60.66862487792969,1193000,72377669.47937012
2016-12-28 00:00:00,60.69161462879872,60.73767852783203,60.645556586586636,60.73767852783203,932000,56607516.38793945
2016-12-29 00:00:00,60.699310059315806,60.86819740420549,60.69163176450549,60.83749008178711,1591500,96822865.46516418
2016-12-30 00:00:00,60.88355873009283,60.95265168176136,60.84517896300934,60.929622650146484,1252300,76302166.44477844
2017-01-03 00:00:00,60.822161834821806,60.89124894318737,60.80680523952386,60.85286331176758,920300,56002890.1058197
2017-01-04 00:00:00,60.860528713871815,60.91426507237847,60.84517797865155,60.8989143371582,1109500,67567345.45707703
2017-01-05 00:00:00,60.94499020423848,61.03711221294424,60.929639464533615,61.006404876708984,1046500,63843202.70347595
2017-01-06 00:00:00,60.98335802292921,61.00638705417152,60.8989143371582,60.8989143371582,2429700,147966092.1649933
2017-01-09 00:00:00,60.968029422688055,60.99105846450352,60.93732208132527,60.95267868041992,2705500,164907472.1698761
2017-01-10 00:00:00,60.975662923134976,60.99101365412486,60.95263389823904,60.983341217041016,1993200,121551995.71380615
2017-01-11 00:00:00,61.01408317497418,61.0524629526491,60.968019242208534,61.006404876708984,1924200,117388524.26376343
2017-01-12 00:00:00,61.06012558436843,61.067803880663554,60.97568189559406,61.0217399597168,1083600,66123157.42034912
2017-01-13 00:00:00,60.99104279932833,61.00639939447873,60.92195569162654,60.968013763427734,1098500,66973363.119125366
2017-01-17 00:00:00,61.07548522949219,61.106192562328104,61.02174886123555,61.07548522949219,1114100,68044198.09417725
2017-01-18 00:00:00,61.029428430379326,61.05245746627992,60.94498472752714,60.968013763427734,1042200,63540863.944244385
2017-01-19 00:00:00,60.92193083815316,60.92960913259596,60.88354522276182,60.90657424926758,987200,60126970.09887695
2017-01-20 00:00:00,60.93727241916028,60.99868705183465,60.906565102823095,60.99100875854492,1110600,67736614.32723999
2017-01-23 00:00:00,61.029381725686875,61.129176090493615,60.99867441571083,61.09846878051758,2303900,140764762.22343445
2017-01-24 00:00:00,61.09849419362144,61.11385078340709,61.04475784301758,61.04475784301758,1455500,88850645.04051208
2017-01-25 00:00:00,61.02941414391442,61.037092439692195,60.975677787117256,60.99870681762695,1116800,68123355.77392578
2017-01-26 00:00:00,61.021736834713316,61.04476586559534,60.96032803796917,61.029415130615234,1056900,64501988.85154724
2017-01-27 00:00:00,61.083163526907384,61.083163526907384,61.03710545606595,61.07548522949219,1345800,82195388.02185059
2017-01-30 00:00:00,61.09082175555157,61.10617248851426,61.04475784301758,61.04475784301758,1497800,91432838.29727173
2017-01-31 00:00:00,61.106194918249415,61.13690225226924,61.09084417965205,61.121551513671875,1696100,103668263.52233887
2017-02-01 00:00:00,61.05926227648326,61.12076886043678,61.01313527131346,61.11307907104492,851200,52019452.90527344
2017-02-02 00:00:00,61.174613512895725,61.174613512895725,61.09773318073914,61.10542297363281,1548600,94627858.01696777
2017-02-03 00:00:00,61.1668744097046,61.205317477588295,61.11305763402059,61.1515007019043,1851300,113209773.24943542
2017-02-06 00:00:00,61.220704407664435,61.25914748385096,61.1822671970678,61.236083984375,2631500,161142755.0048828
2017-02-07 00:00:00,61.25144560551933,61.28219888728041,61.21300840250954,61.2283821105957,1092200,66873638.94119263
2017-02-08 00:00:00,61.297590880501915,61.31296459170296,61.25145801571892,61.28221130371094,1993300,122153831.79168701
2017-02-09 00:00:00,61.30527448280288,61.30527448280288,61.236083984375,61.236083984375,1568500,96048797.72949219
2017-02-10 00:00:00,61.213011573958646,61.25144877895987,61.205321786722784,61.22069549560547,1099300,67299910.55831909
2017-02-13 00:00:00,61.213035583496094,61.22071950815677,61.189966212740025,61.213035583496094,1002700,61378310.77957153
2017-02-14 00:00:00,61.22839194938221,61.22839194938221,61.1053846681606,61.16688537597656,1331200,81425357.8125
2017-02-15 00:00:00,61.128459290204844,61.14383300355894,61.082326418961074,61.12076950073242,2247700,137381153.60679626
2017-02-16 00:00:00,61.14383887256224,61.25147247314453,61.1361490823517,61.25147247314453,3948100,241826938.47122192
2017-02-17 00:00:00,61.2668293228605,61.28220303198644,61.20532275517847,61.274513244628906,1242500,76133582.70645142
2017-02-21 00:00:00,61.2668293228605,61.28220303198644,61.24376582637702,61.274513244628906,1866200,114350496.61712646
2017-02-22 00:00:00,61.320685065444074,61.320685065444074,61.23611494754395,61.30530548095703,2180500,133676218.6012268
2017-02-23 00:00:00,61.359078261657366,61.38983154296875,61.32832498034598,61.38983154296875,1607700,98696432.17163086
2017-02-24 00:00:00,61.42828766628345,61.47441466525951,61.40522416679542,61.451351165771484,1387500,85263749.74250793
2017-02-27 00:00:00,61.459036010763256,61.459036010763256,61.36677615464202,61.37446594238281,1557100,95566180.91888428
2017-02-28 00:00:00,61.41287878529484,61.42056856998484,61.33599853515625,61.33599853515625,1371700,84134589.19067383
2017-03-01 00:00:00,61.274447086910456,61.312957763671875,61.25134303121532,61.312957763671875,1923100,117910949.07531738
2017-03-02 00:00:00,61.259033877134605,61.259033877134605,61.20512246618076,61.212825775146484,1156800,70810996.85668945
2017-03-03 00:00:00,61.22049346677427,61.26670742221436,61.17428538723443,61.25130081176758,1556000,95307024.06311035
2017-03-06 00:00:00,61.24360498863745,61.25130829480195,61.21280351578139,61.22050094604492,1277100,78184701.75819397
2017-03-07 00:00:00,61.22047869827567,61.228182001640754,61.15886989905147,61.17427062988281,1439100,88035892.86346436
2017-03-08 00:00:00,61.104956150539486,61.12806606195812,61.08185211502002,61.1126594543457,1102000,67346150.71868896
2017-03-09 00:00:00,61.0742086141476,61.08960935945934,61.02799462640367,61.03569793701172,1594400,97315316.79077148
2017-03-10 00:00:00,61.074185851682316,61.081883283517165,61.03567518889943,61.06648254394531,944100,57652866.16973877
2017-03-13 00:00:00,61.058772269059375,61.066475575917394,61.020267486572266,61.020267486572266,964300,58841843.937301636
2017-03-14 00:00:00,61.02029194216159,61.058796740080574,61.02029194216159,61.04339599609375,944700,57667696.197509766
2017-03-15 00:00:00,61.03569851849471,61.2436408996582,61.03569851849471,61.2436408996582,963900,59032745.46318054
2017-03-16 00:00:00,61.22819855745041,61.23590186289843,61.11267247933174,61.13577651977539,3347700,204664239.05525208
2017-03-17 00:00:00,61.19737243652344,61.212779042692816,61.15886767289722,61.19737243652344,1012000,61931740.90576172
2017-03-20 00:00:00,61.21278301506771,61.243584477608074,61.20507971148311,61.22818374633789,1193800,73094205.75637817
2017-03-21 00:00:00,61.23590323717779,61.32831940102643,61.23590323717779,61.29751205444336,1322100,81041440.68717957
2017-03-22 00:00:00,61.374526024683945,61.374526024683945,61.32831207238157,61.3591194152832,1193700,73244380.84602356
2017-03-23 00:00:00,61.35912403177875,61.382228071718295,61.29750934133976,61.34372329711914,946300,58049565.35606384
2017-03-24 00:00:00,61.351421986482684,61.374526024683945,61.32061464358105,61.3591194152832,1015700,62322457.59010315
2017-03-27 00:00:00,61.38996124267579,61.42076860288279,61.36685719149632,61.38996124267578,1624800,99746409.02709961
2017-03-28 00:00:00,61.39767655182355,61.41307729698554,61.297551142605585,61.312957763671875,1529200,93759775.01220703
2017-03-29 00:00:00,61.351445818546594,61.374549865722656,61.312935155985066,61.374549865722656,945500,58029636.89804077
2017-03-30 00:00:00,61.35912942719699,61.397640081082734,61.35143199714048,61.3668327331543,1117000,68546752.16293335
2017-03-31 00:00:00,61.39763179780221,61.42073583665633,61.3745277589481,61.41303253173828,1323300,81267865.94924927
2017-04-03 00:00:00,61.46707915262588,61.497938685280765,61.43621373299414,61.49022674560547,1294100,79574502.43148804
2017-04-04 00:00:00,61.49791579558294,61.51335144314205,61.467056274414055,61.46705627441406,921400,56635745.65124512
2017-04-05 00:00:00,61.49019935275914,61.55192427754835,61.451616123663435,61.544212341308594,4531500,278887598.2246399
2017-04-06 00:00:00,61.51334762573243,61.55192496828682,61.49020004280493,61.51334762573242,863800,53135229.679107666
2017-04-07 00:00:00,61.54424881275097,61.55967858134848,61.428504943847656,61.428504943847656,1372700,84322908.73641968
2017-04-10 00:00:00,61.46707221905564,61.49021980942415,61.45935439327407,61.48250198364258,1399500,86044761.52610779
2017-04-11 00:00:00,61.54422446912418,61.59823746831735,61.50564123242531,61.582801818847656,714900,44025545.02029419
2017-04-12 00:00:00,61.58282711732403,61.63684013870597,61.55196169268037,61.62141036987305,803200,49494316.80908203
2017-04-13 00:00:00,61.65225287948018,61.69083023071288,61.5982398781739,61.69083023071289,730600,45071320.56655884
2017-04-17 00:00:00,61.721709531543645,61.721709531543645,61.659984578287805,61.68313217163086,1110100,68474445.02372742
2017-04-18 00:00:00,61.713958059957726,61.775682973674755,61.70624023812816,61.76797103881836,1654900,102219815.2721405
2017-04-19 00:00:00,61.75257944213623,61.75257944213623,61.6985664247491,61.72171401977539,868700,53617652.96897888
2017-04-20 00:00:00,61.7139663696289,61.72939612839245,61.67538314225907,61.713966369628906,946900,58436954.75540161
2017-04-21 00:00:00,61.74484323201917,61.752561057055956,61.69083023071288,61.69083023071289,989100,61018400.18119812
2017-04-24 00:00:00,61.65225288460584,61.706265885916615,61.62910529646917,61.66768264770508,1460000,90034816.66564941
2017-04-25 00:00:00,61.61366966178473,61.652252900005905,61.567374485499826,61.59823989868164,1387600,85473717.68341064
2017-04-26 00:00:00,61.60592444655298,61.652225489227924,61.59049469031001,61.62907791137695,1237900,76290635.54649353
2017-04-27 00:00:00,61.66768264770508,61.69083023584175,61.64453505956841,61.66768264770508,756900,46676268.99604797
2017-04-28 00:00:00,61.64453505956841,61.69083023584175,61.63681723453098,61.66768264770508,784400,48372130.26885986
2017-05-01 00:00:00,61.7039919665111,61.71945015628614,61.6421474117682,61.649879455566406,969400,59763393.144226074
2017-05-02 00:00:00,61.66537369399419,61.73495033320875,61.66537369399419,61.719486236572266,897300,55380895.000076294
2017-05-03 00:00:00,61.711724010309304,61.711724010309304,61.63442126579136,61.649879455566406,1243100,76636965.1512146
2017-05-04 00:00:00,61.61897693809729,61.642167179107155,61.595786697087426,61.626708984375,984700,60683820.33691406
2017-05-05 00:00:00,61.6421474117682,61.649879455566406,61.60349898841991,61.649879455566406,863400,53228505.921936035
2017-05-08 00:00:00,61.634472260230986,61.64219841260021,61.588085856884476,61.60354995727539,928900,57223537.55531311
2017-05-09 00:00:00,61.61127610964461,61.62674021003553,61.58035970451525,61.60354995727539,1131000,69673615.00167847
2017-05-10 00:00:00,61.665357420117026,61.67308946639473,61.60351874336513,61.626708984375,868800,53541284.765625
2017-05-11 00:00:00,61.618957178194954,61.67306968913965,61.611225134396754,61.649879455566406,728700,44924267.15927124
2017-05-12 00:00:00,61.74264873580677,61.78129716068749,61.71945260349242,61.7735710144043,611000,37743651.889801025
2017-05-15 00:00:00,61.76584555958586,61.77357760451551,61.73492327768949,61.75038146972656,737500,45540906.33392334
2017-05-16 00:00:00,61.78132974976898,61.812252044677734,61.76587155122695,61.812252044677734,915600,56595297.97210693
2017-05-17 00:00:00,61.85866505516131,61.92824172973632,61.85093890074127,61.92824172973633,752000,46570037.78076172
2017-05-18 00:00:00,61.86636734008789,61.90502168490058,61.850909140857794,61.86636734008789,935300,57863613.373184204
2017-05-19 00:00:00,61.87406020768269,61.92044067382813,61.84313793097865,61.920440673828125,2477900,153432659.9456787
2017-05-22 00:00:00,61.86636421183234,61.897286506553925,61.86636421183234,61.88182830810547,1196800,74060172.11914062
2017-05-23 00:00:00,61.89729068306714,61.905022731725424,61.8277199386178,61.85091018676758,1326100,82020491.99867249
2017-05-24 00:00:00,61.83544191711076,61.889554458417365,61.8199837186623,61.88182830810547,996800,61683806.45751953
2017-05-25 00:00:00,61.86635659504827,61.88182068941751,61.83543430413374,61.84316635131836,1371900,84842639.91737366
2017-05-26 00:00:00,61.85863216369578,61.90501855469049,61.850906013383884,61.88182830810547,820500,50774040.12680054
2017-05-30 00:00:00,61.88954855567559,61.92820289484706,61.881822406100575,61.91273880004883,679300,42057323.46687317
2017-05-31 00:00:00,61.92820703965413,61.966861381412706,61.920474991737514,61.959129333496094,872000,54028360.778808594
2017-06-01 00:00:00,61.91261452577465,61.959081946393326,61.897121446316085,61.935848236083984,1424200,88209035.05783081
2017-06-02 00:00:00,61.966845859810256,62.02105983535822,61.966845859810256,62.01331329345703,1245000,77206575.050354
2017-06-05 00:00:00,61.95911518096902,62.005582626512606,61.95136863708453,61.966861724853516,957800,59351860.1600647
2017-06-06 00:00:00,61.990082286730335,62.04429626464844,61.990082286730335,62.04429626464844,776600,48183600.47912598
2017-06-07 00:00:00,62.02105441373125,62.028795046075615,61.97458107526681,61.990074157714844,1351900,83804381.2538147
2017-06-08 00:00:00,61.9668725533418,61.990106280173606,61.935892281271826,61.974613189697266,1073600,66535944.720458984
2017-06-09 00:00:00,61.92809947524246,61.95133318471849,61.904865765766424,61.920352935791016,1298700,80415962.35771179
2017-06-12 00:00:00,61.94359255414535,61.94359255414535,61.91261230521787,61.920352935791016,1202200,74440648.29940796
2017-06-13 00:00:00,61.91261452577465,61.95133540666404,61.90486798604537,61.935848236083984,1177200,72910880.54351807
2017-06-14 00:00:00,62.04433663823125,62.09855065142757,61.982376077754225,62.02110290527344,1006200,62405633.74328613
2017-06-15 00:00:00,61.96685249372476,61.97459312757446,61.93587223168357,61.94361877441406,1423800,88195324.41101074
2017-06-16 00:00:00,61.982333034732456,62.02105983535822,61.97458649283127,62.01331329345703,786500,48773470.905303955
2017-06-19 00:00:00,61.99784851871954,62.0055891545373,61.93588797888369,61.95912170410156,1211300,75051084.12017822
2017-06-20 00:00:00,61.951359904079,62.01332042865727,61.951359904079,61.997833251953125,1114900,69121384.29260254
2017-06-21 00:00:00,61.99008449417586,62.02106475535803,61.966850775509386,61.982337951660156,2463000,152662498.37493896
2017-06-22 00:00:00,62.021071773936235,62.04430549523193,61.99783805264053,62.028812408447266,1012200,62785563.91983032
2017-06-23 00:00:00,62.04431804764511,62.05206459260468,62.021084321648914,62.03657150268555,919900,57067442.125320435
2017-06-26 00:00:00,62.06754253761877,62.0752890814256,62.03656227127305,62.05205535888672,1265800,78545491.67327881
2017-06-27 00:00:00,62.02106475535803,62.0288053889931,61.966850775509386,61.982337951660156,1647100,102091108.84017944
2017-06-28 00:00:00,62.03654972240859,62.05204280688829,61.997828828970185,62.04429626464844,2467400,153088096.60339355
2017-06-29 00:00:00,61.990074157714844,62.013307872507234,61.95909390169844,61.990074157714844,994300,61636730.73501587
2017-06-30 00:00:00,62.02105441373125,62.036541587299624,61.990074157714844,61.990074157714844,3038100,188332044.29855347
2017-07-03 00:00:00,62.043616545244234,62.043616545244234,61.93498637331614,61.973785400390625,751800,46591891.86401367
2017-07-05 00:00:00,61.94280814666898,61.981601291910465,61.92728615264743,61.9350471496582,1371500,84943917.16575623
2017-07-06 00:00:00,61.95052102408969,61.96604300753791,61.903966913549326,61.91172790527344,1598700,98978279.40216064
2017-07-07 00:00:00,61.96608521779511,61.96608521779511,61.91953107554285,61.9350471496582,1243400,77010037.62588501
2017-07-10 00:00:00,61.98931313634034,61.997074127197266,61.96603608367106,61.997074127197266,1072900,66516660.83106995
2017-07-11 00:00:00,61.98933053236543,62.03588465076845,61.98156953933054,62.02812957763672,742900,46080697.46322632
2017-07-12 00:00:00,62.11344717633523,62.12120224502656,62.074648153279526,62.10568618774414,1287300,79948649.82948303
2017-07-13 00:00:00,62.105705240000525,62.105705240000525,62.066906205042386,62.09018325805664,806200,50057105.74264526
2017-07-14 00:00:00,62.15226151546476,62.191060551777184,62.11346839905411,62.13674545288086,898700,55842293.13850403
2017-07-17 00:00:00,62.15226151546476,62.1755385692915,62.10570740781127,62.13674545288086,931300,57867951.040267944
2017-07-18 00:00:00,62.175546655452884,62.19882963220945,62.15226959859888,62.18330764770508,1034300,64316195.10002136
2017-07-19 00:00:00,62.20658090805798,62.222102891615044,62.18330385262458,62.19882583618164,1850800,115117586.85760498
2017-07-20 00:00:00,62.198858255345186,62.22989039882943,62.18333626369778,62.191097259521484,1193600,74231293.68896484
2017-07-21 00:00:00,62.237617512652335,62.26089456754619,62.214340457758475,62.25313949584961,1694300,105475494.247818
2017-07-24 00:00:00,62.2375962887169,62.26863432462497,62.19104219480482,62.22208023071289,876300,54525208.906173706
2017-07-25 00:00:00,62.1988084002854,62.1988084002854,62.13673232326303,62.15224838256836,999600,62127387.48321533
2017-07-26 00:00:00,62.175568075958,62.26092126042998,62.1367749411373,62.23764419555664,1496900,93163529.59632874
2017-07-27 00:00:00,62.20656396150762,62.22208594083612,62.17552592275119,62.214324951171875,932300,58002415.15197754
2017-07-28 00:00:00,62.21433854137763,62.26089264973134,62.206577550018054,62.24537658691406,872400,54302866.53442383
2017-07-31 00:00:00,62.260902404785156,62.2764243899363,62.25314733211239,62.260902404785156,872600,54328863.43841553
2017-08-01 00:00:00,62.26944181947175,62.32385932268364,62.26166619585205,62.31608963012695,904200,56346208.24356079
2017-08-02 00:00:00,62.316097259457194,62.32386695296512,62.26944944309092,62.29277038574219,1831300,114076750.40740967
2017-08-03 00:00:00,62.33166714630104,62.36276372578105,62.292794939184496,62.35498809814453,2254300,140566849.66964722
2017-08-04 00:00:00,62.30831400650725,62.33941056992305,62.27721744309146,62.31608963012695,1786900,111352620.56007385
2017-08-07 00:00:00,62.308330107052775,62.33942667850396,62.300554481423845,62.323875427246094,948000,59083033.9050293
2017-08-08 00:00:00,62.323854651711436,62.323854651711436,62.26166152954102,62.261661529541016,1075600,66968643.14117432
2017-08-09 00:00:00,62.27724075317383,62.30833732822893,62.26168950011366,62.27724075317383,1645200,102458516.48712158
2017-08-10 00:00:00,62.27720429668956,62.28497991866787,62.238332117859784,62.253883361816406,1037100,64563502.434539795
2017-08-11 00:00:00,62.32385932268364,62.33163494630334,62.26944181947175,62.31608963012695,1166700,72704181.77146912
2017-08-14 00:00:00,62.308324178355875,62.323869497070035,62.27722760986356,62.3005485534668,1517800,94559772.5944519
2017-08-15 00:00:00,62.26167085609243,62.269446480294135,62.230580221412545,62.23834991455078,1055400,65686354.499816895
2017-08-16 00:00:00,62.261682712858565,62.34719680217174,62.24613739255826,62.30833053588867,1307100,81443218.84346008
2017-08-17 00:00:00,62.27724961497753,62.36276372578105,62.27724961497753,62.35498809814453,2073000,129261890.32745361
2017-08-18 00:00:00,62.38606857014846,62.40161389034178,62.31610573268171,62.323875427246094,1142400,71198795.28808594
2017-08-21 00:00:00,62.37829632811662,62.38607195416733,62.33943005999282,62.36275100708008,1657800,103384968.61953735
2017-08-22 00:00:00,62.354963093370536,62.37051434240743,62.31609683290572,62.331642150878906,1449300,90337248.9692688
2017-08-23 00:00:00,62.38603041731686,62.40935134887695,62.3549338648831,62.40935134887695,1803000,112524060.48202515
2017-08-24 00:00:00,62.37052154541015,62.4016121849471,62.354970294577285,62.370521545410156,1195100,74539010.29891968
2017-08-25 00:00:00,62.36276372578105,62.40163000183151,62.347212470508005,62.35498809814453,1085100,67661397.58529663
2017-08-28 00:00:00,62.39381239736187,62.41713333129883,62.37826115402955,62.41713333129883,1034500,64570524.43122864
2017-08-29 00:00:00,62.50267198722516,62.51044761195302,62.43270322680216,62.456024169921875,961900,60076449.64904785
2017-08-30 00:00:00,62.45605258214674,62.45605258214674,62.42496193121942,62.43273162841797,1734200,108270843.19000244
2017-08-31 00:00:00,62.47157160475084,62.487116922193465,62.44825066305515,62.479347229003906,1055200,65928207.19604492
2017-09-01 00:00:00,62.46454584280568,62.48012636452308,62.40224158261993,62.417816162109375,1554000,96997286.31591797
2017-09-05 00:00:00,62.48789615363456,62.54241607732822,62.48010589532803,62.511260986328125,1466500,91672764.2364502
2017-09-06 00:00:00,62.53464284831232,62.542433108740276,62.464542388916016,62.464542388916016,2961600,184994988.73901367
2017-09-07 00:00:00,62.558035980935976,62.59698135846221,62.534671131312365,62.54246139526367,950800,59465372.2946167
2017-09-08 00:00:00,62.589191094510895,62.589191094510895,62.534671131312365,62.54246139526367,1295900,81048775.72212219
2017-09-11 00:00:00,62.5268703774427,62.5268703774427,62.472350423390786,62.480140686035156,987500,61699138.92745972
2017-09-12 00:00:00,62.44895488888902,62.48790024074291,62.433380313483305,62.45674514770508,653600,40821728.62854004
2017-09-13 00:00:00,62.46454072747295,62.46454072747295,62.417811050603426,62.43339157104492,1995200,124567102.86254883
2017-09-14 00:00:00,62.37887144876211,62.41002655029297,62.37108713005042,62.41002655029297,840000,52424422.302246094
2017-09-15 00:00:00,62.41004098339972,62.41004098339972,62.371101554151934,62.394466400146484,941900,58769347.90229797
2017-09-18 00:00:00,62.38663780610585,62.39442806406071,62.35548271651214,62.371063232421875,1393600,86920313.72070312
2017-09-19 00:00:00,62.38663780610585,62.417792895699556,62.36327297446701,62.371063232421875,1398600,87232169.03686523
2017-09-20 00:00:00,62.425587891268876,62.425587891268876,62.29318320711645,62.30875778198242,1608300,100211175.14076233
2017-09-21 00:00:00,62.347703132486636,62.36327770735261,62.300967523436334,62.30875778198242,870300,54227311.8976593
2017-09-22 00:00:00,62.378867272700546,62.378867272700546,62.339927855064865,62.3632926940918,1042400,65007496.30432129
2017-09-25 00:00:00,62.38664497668425,62.43338058755937,62.37107040121016,62.402225494384766,1467200,91556545.24536133
2017-09-26 00:00:00,62.402225494384766,62.41780006985885,62.37107040121016,62.402225494384766,1161700,72492665.35682678
2017-09-27 00:00:00,62.371063232421875,62.38663780610585,62.31654331118932,62.371063232421875,1175900,73342133.25500488
2017-09-28 00:00:00,62.39446293755729,62.441192626953125,62.37109809285938,62.441192626953125,783500,48922674.42321777
2017-09-29 00:00:00,62.45676217370327,62.45676217370327,62.37887144876211,62.41002655029297,3134500,195624228.2218933
2017-10-02 00:00:00,62.42717762278208,62.45839192601583,62.39596331954834,62.41937255859375,1658700,103535013.26293945
2017-10-03 00:00:00,62.458380090322315,62.46618515303161,62.4193607302943,62.43497085571289,1447600,90380863.81072998
2017-10-04 00:00:00,62.48182161325382,62.48182161325382,62.419392986355554,62.45060729980469,1368400,85457411.02905273
2017-10-05 00:00:00,62.45841081535946,62.45841081535946,62.41159232310929,62.42719650268555,998100,62308584.829330444
2017-10-06 00:00:00,62.403768383736676,62.42717762278208,62.3647490163146,62.41937255859375,1508700,94172107.37915039
2017-10-09 00:00:00,62.43501436357978,62.45842361450195,62.41940422728326,62.45842361450195,719900,44963819.160079956
2017-10-10 00:00:00,62.43501436357978,62.46622868265021,62.427209295431524,62.45842361450195,1456800,90989431.52160645
2017-10-11 00:00:00,62.47402779727586,62.48183286542412,62.43501436357978,62.45842361450195,1491500,93156738.82102966
2017-10-12 00:00:00,62.46622848510742,62.46622848510742,62.44281328073669,62.46622848510742,1060100,66220448.81706238
2017-10-13 00:00:00,62.51301574707031,62.52861992199697,62.48180144369737,62.51301574707031,875400,54723893.98498535
2017-10-16 00:00:00,62.48963773595556,62.49743685055654,62.4350141661357,62.46622848510742,1694100,105824037.67662048
2017-10-17 00:00:00,62.458380090322315,62.46618515303161,62.427165793003596,62.43497085571289,1396900,87215410.78834534
2017-10-18 00:00:00,62.42719650268555,62.442800682261804,62.40378725656046,62.42719650268555,1524000,95139047.47009277
2017-10-19 00:00:00,62.48962823079656,62.48962823079656,62.419394535412636,62.47401809692383,1102600,68883852.35366821
2017-10-20 00:00:00,62.41159232310929,62.42719650268555,62.39598219001164,62.42719650268555,958400,59830225.12817383
2017-10-23 00:00:00,62.43500311984089,62.45841236654736,62.42719805309822,62.45060729980469,1218700,76108555.11627197
2017-10-24 00:00:00,62.42719475531136,62.42719475531136,62.3881753771808,62.411590576171875,1158300,72291345.36437988
2017-10-25 00:00:00,62.388160511701265,62.40377064064249,62.35695216085843,62.395965576171875,1459300,91054432.56530762
2017-10-26 00:00:00,62.39596226578267,62.39596226578267,62.333533660369504,62.35694885253906,1207400,75289780.04455566
2017-10-27 00:00:00,62.388158255360004,62.42717762278208,62.35694990564586,62.41937255859375,836000,52182595.458984375
2017-10-30 00:00:00,62.42719805309822,62.47401654651115,62.419392986355554,62.45060729980469,1088000,67946260.7421875
2017-10-31 00:00:00,62.48183286542412,62.48183286542412,62.43501436357978,62.45842361450195,1272700,79490835.73417664
2017-11-01 00:00:00,62.406028861860854,62.46075703765919,62.39820884676858,62.413848876953125,1248300,77911207.55310059
2017-11-02 00:00:00,62.4294598138396,62.46855390989391,62.382551670511695,62.39818572998047,3458400,215797885.52856445
2017-11-03 00:00:00,62.468551521983386,62.468551521983386,62.38254928588867,62.38254928588867,1091700,68103029.05540466
2017-11-06 00:00:00,62.40600061588774,62.42163467407227,62.39818060433493,62.421634674072266,782300,48832444.80552673
2017-11-07 00:00:00,62.43732574260037,62.43732574260037,62.39823161779615,62.40605163574219,992200,61919284.4329834
2017-11-08 00:00:00,62.42166545848354,62.42166545848354,62.35912322998046,62.35912322998047,962200,60001948.37188721
2017-11-09 00:00:00,62.32786034657575,62.35131443209949,62.320040329759465,62.3434944152832,1751200,109175927.42004395
2017-11-10 00:00:00,62.296578663964276,62.312212730769375,62.26530456542969,62.26530456542969,1025300,63840616.77093506
2017-11-13 00:00:00,62.280963564260254,62.280963564260254,62.24186943795517,62.257503509521484,1166400,72617152.09350586
2017-11-14 00:00:00,62.241855395512786,62.257489463551885,62.22621536254883,62.22621536254883,2292200,142634930.85403442
2017-11-15 00:00:00,62.24967049862459,62.26530456542969,62.18712230155542,62.26530456542969,1479800,92140197.69592285
2017-11-16 00:00:00,62.241855395512786,62.257489463551885,62.22621536254883,62.22621536254883,895100,55698685.371017456
2017-11-17 00:00:00,62.26532352776774,62.280963564260254,62.24968945620142,62.257503509521484,1135500,70693395.23506165
2017-11-20 00:00:00,62.2418759179554,62.25750999114938,62.20278178758022,62.210601806640625,939700,58459302.517700195
2017-11-21 00:00:00,62.234055898895,62.2418759179554,62.194967733446646,62.210601806640625,1651000,102709703.58276367
2017-11-22 00:00:00,62.25745414791674,62.35909640975114,62.24182008874608,62.35127639770508,2313500,144249677.9460907
2017-11-24 00:00:00,62.31223048705832,62.32787052324454,62.27314232644495,62.28877639770508,405600,25264327.70690918
2017-11-27 00:00:00,62.28873848285527,62.304378509521484,62.249650346034656,62.304378509521484,2406000,149904334.6939087
2017-11-28 00:00:00,62.32786034657575,62.3434944152832,62.304406261052,62.3434944152832,1882800,117380331.28509521
2017-11-29 00:00:00,62.280941009521484,62.296575075426,62.24184689737414,62.280941009521484,1995500,124281617.78450012
2017-11-30 00:00:00,62.280963564260254,62.30441765407283,62.24968945620142,62.257503509521484,2073900,129115836.5283966
2017-12-01 00:00:00,62.25197812896408,62.33814593423139,62.22064383828462,62.291141510009766,2074100,129198056.60591125
2017-12-04 00:00:00,62.197161932878444,62.23632532482899,62.197161932878444,62.22066116333008,1916000,119214786.78894043
2017-12-05 00:00:00,62.204969983119994,62.23629829251038,62.19713491757043,62.212799072265625,1936400,120468864.12353516
2017-12-06 00:00:00,62.283337019119735,62.29116611257814,62.244167646198825,62.25200271606445,3732100,232330699.33662415
2017-12-07 00:00:00,62.251990578520996,62.29115396739883,62.244155510183006,62.275489807128906,1619600,100861383.29162598
2017-12-08 00:00:00,62.244167646198825,62.283337019119735,62.2363325763332,62.25200271606445,1111700,69205551.41944885
2017-12-11 00:00:00,62.259837785930074,62.27550194925411,62.2363325763332,62.25200271606445,2215100,137894411.21635437
2017-12-12 00:00:00,62.228496232282794,62.244160393781705,62.20499700183116,62.22066116333008,2160900,134452626.70783997
2017-12-13 00:00:00,62.23635365689407,62.33035659790039,62.220689488264306,62.33035659790039,1120400,69834931.5322876
2017-12-14 00:00:00,62.27547735287247,62.30681164355193,62.25981319573517,62.291141510009766,1793300,111706704.06990051
2017-12-15 00:00:00,62.23632462962113,62.26765892867546,62.2206604682972,62.24415969848633,2022600,125895037.40615845
2017-12-18 00:00:00,62.275491195079695,62.275491195079695,62.2206576683038,62.228492736816406,2556000,159056027.43530273
2017-12-19 00:00:00,62.204969983119994,62.22846920336474,62.17363569732568,62.212799072265625,2154300,134025033.04138184
2017-12-20 00:00:00,62.181491794973006,62.228496232282794,62.165827633474095,62.22066116333008,1978700,123116022.24388123
2017-12-21 00:00:00,62.22066605369699,62.228501123265524,62.15799744996272,62.16583251953125,1954500,121503119.65942383
2017-12-22 00:00:00,62.17365931934869,62.18932347999526,62.14232502164934,62.15015411376953,1289400,80136408.71429443
2017-12-26 00:00:00,62.22315023486605,62.22315023486605,62.13679413696855,62.15249252319336,1630800,101358284.80682373
2017-12-27 00:00:00,62.191798044517625,62.25460361941636,62.1760936560583,62.23889923095703,1523800,94839634.64813232
2017-12-28 00:00:00,62.254575365714835,62.26242156691429,62.22317259251735,62.24672317504883,1795500,111763991.46080017
2017-12-29 00:00:00,62.27030273877126,62.286001137942904,62.23889995095861,62.25460433959961,1437400,89484768.27774048
2018-01-02 00:00:00,62.23103713989258,62.254593718835274,62.17608376796295,62.23103713989258,1772300,110292067.12303162
2018-01-03 00:00:00,62.246751425186694,62.270302018406404,62.23104703672737,62.23889923095703,1533100,95418456.41098022
2018-01-04 00:00:00,62.22313234969084,62.238830731403375,62.183877411215484,62.207427978515625,1439300,89535151.08947754
2018-01-05 00:00:00,62.238842916035836,62.238842916035836,62.168191200303774,62.22314453125,2285900,142235886.08398438
2018-01-08 00:00:00,62.23888933287348,62.23888933287348,62.199640346905646,62.23103713989258,1764900,109831557.44819641
2018-01-09 00:00:00,62.23099072891099,62.238842916035836,62.2074401570003,62.22314453125,1718100,106905584.61914062
2018-01-10 00:00:00,62.16823756445038,62.23888933287348,62.16823756445038,62.23103713989258,2382200,148246776.6746521
2018-01-11 00:00:00,62.20748655041822,62.254593718835274,62.20748655041822,62.23103713989258,1686300,104940197.92900085
2018-01-12 00:00:00,62.18388958508961,62.23099072891099,62.17603739796476,62.22314453125,1548900,96377428.56445312
2018-01-16 00:00:00,62.231002351478026,62.231002351478026,62.168202811142066,62.19175338745117,2273200,141374293.800354
2018-01-17 00:00:00,62.18390001036057,62.19175219880186,62.13679885864258,62.13679885864258,1476400,91738769.8348999
2018-01-18 00:00:00,62.074012570204545,62.113267535113394,62.074012570204545,62.10541534423828,1669400,103678780.37567139
2018-01-19 00:00:00,62.0975848864151,62.0975848864151,62.04263150999004,62.05048370361328,1561000,96860805.06134033
2018-01-22 00:00:00,62.07402893231012,62.097579521676444,62.05833053588867,62.05833053588867,2985500,185275145.81489563
2018-01-23 00:00:00,62.105401448477885,62.13680421548541,62.09754925935966,62.12895202636719,1259100,78226563.49639893
2018-01-24 00:00:00,62.121089935302734,62.136794311035956,62.105391549033946,62.121089935302734,1083000,67277140.39993286
2018-01-25 00:00:00,62.10538829642393,62.168193817138665,62.081837723521936,62.16819381713867,2087700,129788538.2320404
2018-01-26 00:00:00,62.105381180831735,62.105381180831735,62.05828004042425,62.073978424072266,1138400,70665017.03796387
2018-01-29 00:00:00,62.06617673936524,62.081881125254995,62.02692775357747,62.05833053588867,2004200,124377306.06002808
2018-01-30 00:00:00,62.10535461995941,62.10535461995941,62.03469695010323,62.04254913330078,2583700,160299334.19570923
2018-01-31 00:00:00,62.06609969343255,62.08180405982764,62.01899857316901,62.04254913330078,1263800,78409373.59466553
2018-02-01 00:00:00,62.068564002404365,62.092157276555184,61.97419090580109,61.98991775512695,1810400,112226547.10388184
2018-02-02 00:00:00,61.98990949415124,62.00563634138129,61.91126325735448,61.96631622314453,1608100,99648033.11843872
2018-02-05 00:00:00,61.974173225485984,62.1314656751676,61.974173225485984,62.068546295166016,3936300,244320418.781662
2018-02-06 00:00:00,62.092158425656535,62.100024850627065,61.982052477365684,62.005645751953125,2850800,176765694.90966797
2018-02-07 00:00:00,61.99777591792789,62.044962459941296,61.93485652836118,61.96631622314453,2237400,138643435.91766357
2018-02-08 00:00:00,61.950557194049814,61.9662900349541,61.91123709243051,61.95842361450195,2072900,128433616.3105011
2018-02-09 00:00:00,61.919145342380716,62.00565202451107,61.89554606508179,61.927005767822266,2033700,125940951.63002014
2018-02-12 00:00:00,61.91914142057961,61.92700184552329,61.887681719831704,61.89554214477539,1288700,79764785.16197205
2018-02-13 00:00:00,61.871928016786384,61.89552128431465,61.83260790434674,61.856201171875,1503000,92969870.36132812
2018-02-14 00:00:00,61.753947573513635,61.76968041668243,61.714627466234816,61.73035430908203,1904900,117590151.92337036
2018-02-15 00:00:00,61.7382502128427,61.79330318958003,61.7382502128427,61.746116638183594,1605300,99121041.03927612
2018-02-16 00:00:00,61.76186804590033,61.78546133097956,61.75400161743164,61.75400161743164,1270100,78433757.45429993
2018-02-20 00:00:00,61.73038316053231,61.738249585793305,61.691063034876116,61.7225227355957,1575200,97225317.81311035
2018-02-21 00:00:00,61.69892768745686,61.7539806674073,61.66747398490643,61.68320083618164,2083600,128523117.26226807
2018-02-22 00:00:00,61.70678988507372,61.738249585793305,61.691063034876116,61.7225227355957,1522700,93984885.36949158
2018-02-23 00:00:00,61.73040833235241,61.76973447436901,61.71468147574186,61.75400161743164,1358200,83874284.99679565
2018-02-26 00:00:00,61.824732457123744,61.824732457123744,61.76967950748647,61.77754592895508,2919900,180384256.35795593
2018-02-27 00:00:00,61.80117322188252,61.80903364735774,61.659607559106426,61.68320083618164,3963900,244506039.7945404
2018-02-28 00:00:00,61.698905427624,61.73036511914914,61.698905427624,61.70677185058594,1733800,106987201.0345459
2018-03-01 00:00:00,61.7399108722462,61.802944382716596,61.708394117011004,61.7793083190918,2371300,146497273.81706238
2018-03-02 00:00:00,61.73992558952272,61.763561658781775,61.7084088267747,61.71628952026367,1426700,88050630.25856018
2018-03-05 00:00:00,61.78718299949579,61.79506369110619,61.72414948902539,61.7793083190918,2460700,152020343.98078918
2018-03-06 00:00:00,61.755627047196576,61.771388420413444,61.70835494995117,61.70835494995117,1314500,81115632.58171082
2018-03-07 00:00:00,61.74780628301169,61.74780628301169,61.69265345100462,61.71628952026367,1541500,95135660.29548645
2018-03-08 00:00:00,61.75563831123463,61.77139968732632,61.73200225830078,61.73200225830078,2190100,135199258.14590454
2018-03-09 00:00:00,61.71623563655961,61.73199099857388,61.70047426334274,61.70835494995117,1609200,99301084.78546143
2018-03-12 00:00:00,61.71623563655961,61.72411031196544,61.70047426334274,61.70835494995117,887700,54778506.689071655
2018-03-13 00:00:00,61.716227345915684,61.72410202026367,61.69259130046813,61.72410202026367,2435100,150304360.82954407
2018-03-14 00:00:00,61.68471890132847,61.74775237179074,61.66108285270577,61.70835494995117,1269600,78344927.44445801
2018-03-15 00:00:00,61.72411479125666,61.73199547843699,61.684723377761074,61.692604064941406,1505000,92847369.11773682
2018-03-16 00:00:00,61.68471460978499,61.700469970703125,61.66895323766468,61.700469970703125,1151300,71035751.07727051
2018-03-19 00:00:00,61.653221605828605,61.692619040090484,61.653221605828605,61.661102294921875,933000,57529808.44116211
2018-03-20 00:00:00,61.62166994771317,61.63743131696981,61.5980339050293,61.5980339050293,1546900,95285998.64768982
2018-03-21 00:00:00,61.566513668109465,61.6374278033197,61.51136090125738,61.629547119140625,1238900,76352845.92590332
2018-03-22 00:00:00,61.65319127231632,61.700463361209,61.62955522786998,61.63743591308594,2243300,138271259.98382568
2018-03-23 00:00:00,61.62960748141511,61.66899891849042,61.62172678951739,61.645362854003906,1502300,92609828.61557007
2018-03-26 00:00:00,61.64530199574209,61.66893803689433,61.60591059755525,61.621665954589844,1024900,63156045.43685913
2018-03-27 00:00:00,61.65320216609734,61.73199099857388,61.62956611747464,61.70835494995117,1321500,81547591.06636047
2018-03-28 00:00:00,61.74774407691302,61.7634994368108,61.69259130046813,61.72410202026367,1946700,120158309.40284729
2018-03-29 00:00:00,61.72413738653065,61.79505157470703,61.71626270767069,61.79505157470703,1700600,105088664.70794678
2018-04-02 00:00:00,61.79737789921612,61.82106922063113,61.7578883466846,61.781585693359375,2707900,167298355.89904785
2018-04-03 00:00:00,61.78159459984655,61.821078132810285,61.77369548314955,61.81317901611328,4486200,277306283.7020874
2018-04-04 00:00:00,61.82903574928631,61.860626220703125,61.805344402040284,61.860626220703125,5942000,367575841.00341797
2018-04-05 00:00:00,61.836844272509424,61.836844272509424,61.79735473478036,61.82894515991211,2504300,154838227.3639679
2018-04-06 00:00:00,61.85266020361701,61.915841078121275,61.83686799762086,61.88425064086914,1455600,90078715.23284912
2018-04-09 00:00:00,61.89219998183989,61.90009307861328,61.84481127487598,61.90009307861328,1094400,67743461.86523438
2018-04-10 00:00:00,61.892167712157594,61.90006080481564,61.852678147821074,61.87636947631836,937400,58002908.74710083
2018-04-11 00:00:00,61.86847686767578,61.900067317416365,61.8526846554366,61.86847686767578,1148600,71062132.5302124
2018-04-12 00:00:00,61.86842867238366,61.86842867238366,61.821046047314795,61.82894515991211,932200,57636942.67807007
2018-04-13 00:00:00,61.79738680797992,61.82897724950728,61.78159459984655,61.81317901611328,817300,50519911.209869385
2018-04-16 00:00:00,61.77370329043243,61.85267639160156,61.77370329043243,61.85267639160156,1827500,113035766.10565186
2018-04-17 00:00:00,61.8368841814723,61.8605755092969,61.82898506377696,61.85267639160156,1828100,113072877.71148682
2018-04-18 00:00:00,61.81320922093969,61.81320922093969,61.742135211718505,61.75003433227539,1122500,69314413.53797913
2018-04-19 00:00:00,61.75788815307286,61.75788815307286,61.71840462592489,61.742095947265625,1611500,99497387.61901855
2018-04-20 00:00:00,61.71840202566127,61.73419423080316,61.65522115457469,61.66312026977539,1131000,69740989.02511597
2018-04-23 00:00:00,61.66312026977539,61.71050291046057,61.647322039374,61.66312026977539,1431200,88252257.73010254
2018-04-24 00:00:00,61.64735969057852,61.68684926544081,61.64735969057852,61.671051025390625,1131500,69780794.23522949
2018-04-25 00:00:00,61.65523734707245,61.66313646434769,61.63154602050781,61.63154602050781,1597700,98468721.07696533
2018-04-26 00:00:00,61.67890725344036,61.702598571777344,61.65521593510338,61.702598571777344,2225500,137319133.12149048
2018-04-27 00:00:00,61.69474411010742,61.71053632380005,61.678945871152024,61.69474411010742,1224300,75532875.21400452
2018-04-30 00:00:00,61.710539193171364,61.73423052744327,61.70264007332638,61.72633743286133,1747700,107879119.93141174
2018-05-01 00:00:00,61.72473998977266,61.740564189695,61.661431115150144,61.67726135253906,760500,46905557.25860596
2018-05-02 00:00:00,61.6930625907686,61.73263213204683,61.67723839673591,61.708892822265625,999300,61665696.59729004
2018-05-03 00:00:00,61.77222945614955,61.78014457623159,61.740575013289025,61.764320373535156,1442100,89070326.41067505
2018-05-04 00:00:00,61.75638961791992,61.77221381660998,61.72473518307369,61.75638961791992,866000,53481033.40911865
2018-05-07 00:00:00,61.748473665730266,61.772212982177734,61.748473665730266,61.772212982177734,842300,52030734.994888306
2018-05-08 00:00:00,61.74057807410564,61.75640831505452,61.72475387062471,61.74849319458008,912600,56351674.88937378
2018-05-09 00:00:00,61.71683158454611,61.74057090574523,61.708922502457895,61.72474670410156,1048400,64712224.44458008
2018-05-10 00:00:00,61.74849013337107,61.764320373535156,61.73266593067463,61.764320373535156,885500,54692305.69076538
2018-05-11 00:00:00,61.748474499841834,61.77221381660998,61.73265030115178,61.75638961791992,807800,49886811.53335571
2018-05-14 00:00:00,61.72474670410156,61.74057090574523,61.708922502457895,61.72474670410156,780800,48194682.2265625
2018-05-15 00:00:00,61.677233951700266,61.677233951700266,61.61392510520345,61.6297492980957,1026600,63269100.62942505
2018-05-16 00:00:00,61.64561433005231,61.661438531878005,61.598129649640605,61.60604476928711,885300,54539831.43424988
2018-05-17 00:00:00,61.637653350830085,61.6693077683973,61.621829160777885,61.63765335083008,1178700,72652302.00462341
2018-05-18 00:00:00,61.6614378225924,61.73266182365702,61.6614378225924,61.72474670410156,1819300,112295831.67877197
2018-05-21 00:00:00,61.693053753921916,61.724708174917495,61.685138639307155,61.716793060302734,790900,48811811.63139343
2018-05-22 00:00:00,61.7247467869885,61.7247467869885,61.693092346191406,61.693092346191406,964200,59484479.640197754
2018-05-23 00:00:00,61.764330886156834,61.81972466122416,61.72476131647932,61.81180953979492,1188400,73457154.45709229
2018-05-24 00:00:00,61.85134842299592,61.88299681807372,61.85134842299592,61.87508773803711,1003900,62116400.580215454
2018-05-25 00:00:00,61.91468811035156,61.946342561739925,61.89094878117761,61.91468811035156,1451100,89844403.91693115
2018-05-29 00:00:00,61.97797620662099,62.159987731634,61.96215200497376,62.11250305175781,1093800,67938655.8380127
2018-05-30 00:00:00,62.06502998309762,62.120423750038434,62.00963621615681,62.0492057800293,4098500,254308669.88945007
2018-05-31 00:00:00,62.01750958922131,62.02541866669757,61.93837051474895,61.954200744628906,4030300,249694015.26107788
2018-06-01 00:00:00,61.89393615722657,61.9256610942183,61.87014396721102,61.89393615722656,859400,53191648.73352051
2018-06-04 00:00:00,61.878080136439785,61.90187838101172,61.83842849731445,61.83842849731445,938700,58047732.83042908
2018-06-05 00:00:00,61.88600357829656,61.90979576837671,61.85427864121868,61.87807083129883,955200,59105933.25805664
2018-06-06 00:00:00,61.83840195807815,61.85426139673908,61.80667702984493,61.82253646850586,1269100,78458981.03218079
2018-06-07 00:00:00,61.80668846241933,61.93358214791278,61.80668846241933,61.8859977722168,2296100,142096439.484787
2018-06-08 00:00:00,61.86225509643555,61.90191280853096,61.854322343833005,61.86225509643555,1539600,95243127.94647217
2018-06-11 00:00:00,61.854274671463344,61.854274671463344,61.80669029435696,61.830482482910156,915700,56618172.80960083
2018-06-12 00:00:00,61.8463612455051,61.89394563282107,61.83842849731445,61.83842849731445,2944100,182058517.33894348
2018-06-13 00:00:00,61.846349722314606,61.86220916482702,61.767034357014055,61.81462478637695,1151300,71167177.51655579
2018-06-14 00:00:00,61.85427474975586,61.870140242753166,61.83841530767121,61.85427474975586,874500,54091563.2686615
2018-06-15 00:00:00,61.91774924941858,61.9256819990727,61.87809155206302,61.90188980102539,2020900,125097529.09889221
2018-06-18 00:00:00,61.90186517783513,61.90186517783513,61.85427474975586,61.85427474975586,1005400,62188287.83340454
2018-06-19 00:00:00,61.90979560026592,61.9256610942183,61.87807066327419,61.89393615722656,818600,50666376.138305664
2018-06-20 00:00:00,61.93358406200442,61.94151680850308,61.846348054169866,61.85427474975586,908900,56219350.3200531
2018-06-21 00:00:00,61.862245471287956,61.90982987766494,61.862245471287956,61.87017822265625,879700,54427195.7824707
2018-06-22 00:00:00,61.88603767447645,61.90982987766494,61.85431271991967,61.87017822265625,1025500,63447867.767333984
2018-06-25 00:00:00,61.90983951021619,61.90983951021619,61.86225509643555,61.86225509643555,777400,48091717.111968994
2018-06-26 00:00:00,61.90981299739047,61.933605194091804,61.878088051483786,61.9336051940918,983000,60880733.90579224
2018-06-27 00:00:00,61.973266496915265,62.02085089308801,61.949474298828896,62.01292419433594,1026100,63631461.515808105
2018-06-28 00:00:00,61.989155054891164,62.012947261827726,61.95743009533663,61.9970817565918,1396200,86560325.54855347
2018-06-29 00:00:00,61.973268527894774,61.98913402774901,61.91775138023548,61.94154357910156,3557600,220363235.43701172
2018-07-02 00:00:00,61.985237827079644,61.993187369456955,61.953445721294564,61.961395263671875,2554500,158280384.2010498
2018-07-03 00:00:00,61.9455215954032,61.99320673711633,61.913729479685756,61.969364166259766,711400,44085005.6678772
2018-07-05 00:00:00,61.99317099269542,62.048805647191244,61.98522145241814,62.01701354980469,3878700,240545390.45562744
2018-07-06 00:00:00,62.072678323072644,62.072678323072644,62.04088621025999,62.04883575439453,1139500,70704648.34213257
2018-07-09 00:00:00,62.01704435225874,62.04883646543571,62.009094808033105,62.024993896484375,1036000,64257893.67675781
2018-07-10 00:00:00,61.99317099269542,62.048805647191244,61.99317099269542,62.01701354980469,1185700,73533572.96600342
2018-07-11 00:00:00,61.9931944434941,62.040879575750985,61.985244900209665,62.032936096191406,1154000,71586008.25500488
2018-07-12 00:00:00,62.02499318571642,62.05678529852907,62.001150617038306,62.04883575439453,720100,44681366.6267395
2018-07-13 00:00:00,62.08061218261719,62.104454745271504,62.056769619962864,62.08061218261719,1048800,65110146.057128906
2018-07-16 00:00:00,62.07269005513533,62.08063960077237,62.0329544544034,62.05679702758789,1877700,116524047.77870178
2018-07-17 00:00:00,62.08858914640942,62.10448217395686,62.048847481950844,62.05679702758789,1647000,102207544.70443726
2018-07-18 00:00:00,62.08063960077237,62.08858914640942,62.05679702758789,62.05679702758789,1026700,63713713.50822449
2018-07-19 00:00:00,62.064720304453594,62.128304521396934,62.064720304453594,62.11241149902344,956300,59398099.11651611
2018-07-20 00:00:00,62.12036428591018,62.13625730911359,62.09651565551758,62.09651565551758,821500,51012287.61100769
2018-07-23 00:00:00,62.11241998001984,62.11241998001984,62.04883575439453,62.04883575439453,1234300,76586877.97164917
2018-07-24 00:00:00,62.08062391218245,62.10446647934161,62.0567813450233,62.08857345581055,1175500,72985118.0973053
2018-07-25 00:00:00,62.104454745271504,62.12829730792583,62.07266264049109,62.08061218261719,1190200,73888344.61975098
2018-07-26 00:00:00,62.10446647934161,62.160101157288004,62.08857345581055,62.08857345581055,1597400,99180287.23831177
2018-07-27 00:00:00,62.12037220296836,62.136265228197296,62.10447311401367,62.10447311401367,998300,61998895.50971985
2018-07-30 00:00:00,62.10447311401367,62.11242265849102,62.088580088784745,62.10447311401367,633500,39343183.71772766
2018-07-31 00:00:00,62.152174089562685,62.152174089562685,62.112438484503,62.12038803100586,3309800,205606060.3050232
2018-08-01 00:00:00,62.112401994434194,62.15222930908203,62.09646620639716,62.15222930908203,4417100,274532612.08114624
2018-08-02 00:00:00,62.152211246480704,62.192044627274576,62.13628154079551,62.160179138183594,1117700,69476432.2227478
2018-08-03 00:00:00,62.18412276337706,62.271751403808594,62.18412276337706,62.271751403808594,1104500,68779149.42550659
2018-08-06 00:00:00,62.263765364823726,62.311560576386064,62.25579747032243,62.303592681884766,1843200,114837982.03125
2018-08-07 00:00:00,62.295621840323385,62.295621840323385,62.255794525146484,62.255794525146484,1319500,82146520.87593079
2018-08-08 00:00:00,62.263765226222986,62.2796949374674,62.23189972601145,62.24782943725586,1732500,107844364.50004578
2018-08-09 00:00:00,62.271751403808594,62.30361691648597,62.26378958393307,62.271751403808594,1627100,101322366.70913696
2018-08-10 00:00:00,62.26376737919285,62.343428093614854,62.25579948443377,62.31953048706055,1407000,87683579.39529419
2018-08-13 00:00:00,62.34344147008961,62.36733908177141,62.30360806547045,62.359371185302734,1021400,63693861.72866821
2018-08-14 00:00:00,62.32749658223307,62.38325969392832,62.32749658223307,62.33546447753906,940300,58614037.24822998
2018-08-15 00:00:00,62.351383351855496,62.43105013562021,62.351383351855496,62.40714645385742,1604200,100113544.34127808
2018-08-16 00:00:00,62.37526267421538,62.42305786363092,62.37526267421538,62.38322448730469,992200,61896635.33630371
2018-08-17 00:00:00,62.42308044433594,62.46291383507136,62.42308044433594,62.42308044433594,1025300,64002384.37957764
2018-08-20 00:00:00,62.48681820488013,62.49478002171168,62.43901691527698,62.470882415771484,884100,55230507.14378357
2018-08-21 00:00:00,62.502709275349645,62.502709275349645,62.45491409301758,62.45491409301758,711600,44442916.86859131
2018-08-22 00:00:00,62.534574756144025,62.534574756144025,62.45491409301758,62.45491409301758,1783700,111400830.26771545
2018-08-23 00:00:00,62.486786194467406,62.494748007220316,62.44695281982422,62.44695281982422,1041300,65026011.97128296
2018-08-24 00:00:00,62.44695281982422,62.462888600769354,62.423055226126166,62.44695281982422,1106600,69103797.99041748
2018-08-27 00:00:00,62.44697469868411,62.4629104852125,62.43900680541992,62.43900680541992,1238300,77318222.12715149
2018-08-28 00:00:00,62.45491392019478,62.45491392019478,62.39915084838867,62.39915084838867,975800,60889091.397857666
2018-08-29 00:00:00,62.407134541063144,62.42307032586305,62.3752751269056,62.391204833984375,1066500,66540219.955444336
2018-08-30 00:00:00,62.42306035938951,62.43899006392495,62.41509246826172,62.41509246826172,826600,51592315.43426514
2018-08-31 00:00:00,62.46288198264593,62.470843794555265,62.44694620338923,62.45491409301758,749600,46816203.60412598
2018-09-04 00:00:00,62.458166876687045,62.46614640562764,62.402279717885584,62.41025924682617,880900,54977197.370529175
2018-09-05 00:00:00,62.410253973996475,62.44219036079104,62.40227444573005,62.41823959350586,646900,40378359.19303894
2018-09-06 00:00:00,62.46613783164828,62.50605983584549,62.450172684714985,62.48210906982422,821700,51341549.02267456
2018-09-07 00:00:00,62.41820116815957,62.442151920700404,62.362314048484556,62.38626480102539,752500,46945664.26277161
2018-09-10 00:00:00,62.362314048484556,62.394250415618735,62.362314048484556,62.38626480102539,919100,57339215.97862244
2018-09-11 00:00:00,62.362338754053724,62.37830389832599,62.30645161223837,62.33040237426758,4153700,258901792.34199524
2018-09-12 00:00:00,62.39425277709961,62.40223839199519,62.34634517896554,62.39425277709961,1253200,78192477.58026123
2018-09-13 00:00:00,62.42618914544251,62.42618914544251,62.38626716220402,62.39425277709961,1831600,114281313.38653564
2018-09-14 00:00:00,62.36236718267658,62.37833233422675,62.33841640972913,62.3543815612793,926200,57752628.202056885
2018-09-17 00:00:00,62.35435194594335,62.37830270751534,62.32241556676687,62.370323181152344,840200,52403545.5368042
2018-09-18 00:00:00,62.362345749024065,62.362345749024065,62.322423747003064,62.34637451171875,1050900,65519804.974365234
2018-09-19 00:00:00,62.330373028552145,62.33835864254938,62.2824715270462,62.29045104980469,1347300,83923924.69940186
2018-09-20 00:00:00,62.28250085020916,62.362338754053724,62.28250085020916,62.33040237426758,855500,53323659.23118591
2018-09-21 00:00:00,62.3303991949716,62.338384812321216,62.31443405151367,62.31443405151367,1110200,69181484.68399048
2018-09-24 00:00:00,62.298462816814435,62.338384812321216,62.298462816814435,62.31443405151367,738900,46044135.32066345
2018-09-25 00:00:00,62.33039065845126,62.33039065845126,62.28248914339656,62.29845428466797,1661600,103515111.6394043
2018-09-26 00:00:00,62.29849439398711,62.37035280407385,62.29849439398711,62.3543815612793,1334000,83180745.00274658
2018-09-27 00:00:00,62.37032318115234,62.37830270751534,62.34636632833886,62.370323181152344,913000,56944105.06439209
2018-09-28 00:00:00,62.394308536903466,62.426244933786904,62.394308536903466,62.40229415893555,919000,57347708.33206177
2018-10-01 00:00:00,62.413423530082476,62.42942428588867,62.38141591364146,62.42942428588867,1440500,89929585.68382263
2018-10-02 00:00:00,62.42943914995834,62.453449446627275,62.39743763072658,62.4454460144043,3481300,217391331.20994568
2018-10-03 00:00:00,62.413439401659694,62.42944016153485,62.31741652791828,62.37342834472656,2148100,133984361.42730713
2018-10-04 00:00:00,62.301372720035474,62.34938107131905,62.253364368751896,62.29336929321289,3188500,198622407.9914093
2018-10-05 00:00:00,62.26143052072197,62.293438158570765,62.221425552035505,62.28543472290039,2643500,164651546.68998718
2018-10-08 00:00:00,62.27743188823667,62.29343265333063,62.26142501831054,62.26142501831055,965600,60119631.997680664
2018-10-09 00:00:00,62.26143075924513,62.28543496151551,62.24542999267578,62.24542999267578,1422200,88525450.5355835
2018-10-10 00:00:00,62.245399672036825,62.293408053192,62.22939280843193,62.237396240234375,1424600,88663394.68383789
2018-10-11 00:00:00,62.2774177262624,62.34943031005771,62.2774177262624,62.309425354003906,1805800,112518360.30426025
2018-10-12 00:00:00,62.30144159424114,62.34145266776031,62.28543472290039,62.28543472290039,2971500,185081169.2790985
2018-10-15 00:00:00,62.29341337231477,62.33342442991372,62.26140574720166,62.2694091796875,1133600,70588602.24609375
2018-10-16 00:00:00,62.29339750389001,62.3254051208496,62.29339750389001,62.32540512084961,1722300,107343045.23963928
2018-10-17 00:00:00,62.30942023728645,62.32542099742788,62.26140574720166,62.2694091796875,911900,56783474.23095703
2018-10-18 00:00:00,62.25342768817964,62.31743685338766,62.23742081825352,62.26142501831055,1268700,78991069.92073059
2018-10-19 00:00:00,62.293408053192,62.301411484994446,62.237396240234375,62.237396240234375,1194800,74361241.02783203
2018-10-22 00:00:00,62.269434194946164,62.29343839721655,62.24542999267578,62.24542999267578,2460600,153161105.03997803
2018-10-23 00:00:00,62.269428453273605,62.32544028835072,62.26142501831054,62.26142501831055,1311100,81630954.34150696
2018-10-24 00:00:00,62.34941081496487,62.36541767624607,62.325406627871935,62.35741424560547,1220500,76107224.08676147
2018-10-25 00:00:00,62.349423560486514,62.397438049316406,62.32541936848663,62.397438049316406,1114900,69566903.68118286
2018-10-26 00:00:00,62.40544891357422,62.46146074200059,62.40544891357422,62.40544891357422,2089400,130389944.96002197
2018-10-29 00:00:00,62.381446838378906,62.41345447068726,62.333438442332195,62.381446838378906,2448400,152734734.4390869
2018-10-30 00:00:00,62.37342834472656,62.405435969307035,62.357427584851415,62.37342834472656,1286100,80218466.19415283
2018-10-31 00:00:00,62.34941081496487,62.373415002057804,62.333410058512534,62.35741424560547,1243500,77541444.6144104
2018-11-01 00:00:00,62.35743625499176,62.421607971191406,62.33337339135481,62.421607971191406,1385900,86510106.48727417
2018-11-02 00:00:00,62.34943572316718,62.365475596545586,62.25317812363689,62.30130386352539,1478500,92112477.76222229
2018-11-05 00:00:00,62.29324366534477,62.31730651855469,62.27719768337214,62.31730651855469,2441100,152122776.94244385
2018-11-06 00:00:00,62.31730651855469,62.325323389791976,62.27719768337214,62.31730651855469,1508100,93980729.96063232
2018-11-07 00:00:00,62.325351028893266,62.341397017981734,62.28524829567559,62.3333740234375,2249200,140200224.85351562
2018-11-08 00:00:00,62.32535930191244,62.32535930191244,62.245147705078125,62.245147705078125,856900,53337867.068481445
2018-11-09 00:00:00,62.26917443534352,62.30928327036052,62.26115756413933,62.293243408203125,1202600,74913854.52270508
2018-11-12 00:00:00,62.32535841371773,62.32535841371773,62.27723268025348,62.30931854248047,1076700,67088443.27468872
2018-11-13 00:00:00,62.31734153797534,62.34942740020232,62.30129554698561,62.30931854248047,1083500,67512146.64077759
2018-11-14 00:00:00,62.3013029346627,62.357451670279914,62.27724006507721,62.28526306152344,1275500,79444853.03497314
2018-11-15 00:00:00,62.341401520032406,62.34942451515603,62.285252793671425,62.325355529785156,1575700,98206062.70828247
2018-11-16 00:00:00,62.373460228867714,62.40554607564267,62.32532839883052,62.35741424560547,1292900,80621900.87814331
2018-11-19 00:00:00,62.33337852490878,62.38150425614614,62.325355529785156,62.325355529785156,1155900,72041878.45687866
2018-11-20 00:00:00,62.30932950780265,62.325369381862636,62.245157772055606,62.26120376586914,2340900,145747251.89552307
2018-11-21 00:00:00,62.33338096574386,62.38150669886571,62.285255232622,62.34140396118164,2577200,160666266.28875732
2018-11-23 00:00:00,62.38952725126976,62.38952725126976,62.2772297985478,62.325355529785156,620700,38685348.17733765
2018-11-26 00:00:00,62.341401520032406,62.34942451515603,62.29327578879505,62.325355529785156,1549100,96548208.25119019
2018-11-27 00:00:00,62.31730651855469,62.33334638077829,62.27719768337214,62.31730651855469,1970500,122796252.49481201
2018-11-28 00:00:00,62.293247306999454,62.44564742615458,62.2451154780168,62.37345886230469,1976200,123262429.40368652
2018-11-29 00:00:00,62.36542035233412,62.397506190422106,62.293231806447054,62.34938049316406,2761300,172165344.35577393
2018-11-30 00:00:00,62.33338140921259,62.33338140921259,62.27723268025348,62.30931854248047,1561800,97314693.699646
2018-12-03 00:00:00,62.307701699911,62.36397937867477,62.307701699911,62.35593795776367,2790200,173985538.0897522
2018-12-04 00:00:00,62.35594716326948,62.46850253741338,62.29163418790714,62.33987045288086,1928800,120241142.1295166
2018-12-06 00:00:00,62.39614872197794,62.4443849874016,62.30771147949596,62.38810729980469,5089500,317524272.10235596
2018-12-07 00:00:00,62.388059306785536,62.42826025291864,62.347864494455635,62.36394119262695,1928200,120250151.40762329
2018-12-10 00:00:00,62.404186832838995,62.46046451744968,62.38810398934589,62.452423095703125,3750600,234234058.06274414
2018-12-11 00:00:00,62.420240101134475,62.45239964223585,62.396121978759766,62.396121978759766,2010700,125459882.46269226
2018-12-12 00:00:00,62.420266854689764,62.4443849874016,62.380065877631445,62.38810729980469,2378700,148402590.8340454
2018-12-13 00:00:00,62.42829576539111,62.48457344170921,62.412212924267834,62.46849060058594,3574100,223268632.2555542
2018-12-14 00:00:00,62.492632242069746,62.54086851124117,62.48459081927171,62.50870895385742,1521300,95094498.9315033
2018-12-17 00:00:00,62.508665355183666,62.597102542853534,62.4925886546092,62.54082489013672,2412500,150879740.04745483
2018-12-18 00:00:00,62.581018648331316,62.6533791342009,62.581018648331316,62.6292610168457,2488100,155827864.3360138
2018-12-19 00:00:00,62.66146037556348,62.685578508246884,62.58909984370538,62.59714126586914,1826300,114321159.09385681
2018-12-20 00:00:00,62.637336303086954,62.66145443348327,62.54085764769435,62.55693435668945,2236600,139914839.38217163
2018-12-21 00:00:00,62.58104312832007,62.62928551570556,62.573007841927826,62.605167388916016,2451300,153464046.82044983
2018-12-24 00:00:00,62.59305953979492,62.64948574687542,62.57693425206031,62.59305953979492,2471700,154711265.2645111
2018-12-26 00:00:00,62.45603774694306,62.64949818820973,62.45603774694306,62.552764892578125,2258000,141244143.1274414
2018-12-27 00:00:00,62.63335744009344,62.697846287932755,62.617238303131124,62.64948272705078,2764400,173188230.05065918
2018-12-28 00:00:00,62.689778029051396,62.77844864938907,62.673658893532945,62.7381477355957,3412500,214093929.14772034
2018-12-31 00:00:00,62.730106151453796,62.842958587951166,62.730106151453796,62.826839447021484,2265100,142309074.03144836
2019-01-02 00:00:00,62.82685604445281,62.875219630014946,62.82685604445281,62.867156982421875,1307100,82173660.89172363
2019-01-03 00:00:00,62.85104479677951,62.98807907104492,62.84298214829365,62.98807907104492,1217700,76700583.8848114
2019-01-04 00:00:00,62.883264039046,62.89938317955882,62.75428631495791,62.81877517700195,4358700,273808195.3639984
2019-01-07 00:00:00,62.899375957933756,62.92355774092481,62.69785289968073,62.794586181640625,2292300,143944029.9041748
2019-01-08 00:00:00,62.80266288511547,62.826844673519915,62.5930771356152,62.76235580444336,2590600,162592158.94699097
2019-01-09 00:00:00,62.83488706093089,62.899375915527344,62.81070527795614,62.899375915527344,1908500,120043458.93478394
2019-01-10 00:00:00,62.96386900779684,62.96386900779684,62.87519836425781,62.87519836425781,1468800,92351091.35742188
2019-01-11 00:00:00,62.97196211695508,62.980018615722656,62.955836819421826,62.980018615722656,1424700,89727632.52182007
2019-01-14 00:00:00,62.96388788372265,63.004194970140794,62.94776258915621,62.97195053100586,1799000,113286539.00527954
2019-01-15 00:00:00,63.036407470703125,63.052532758672605,63.004169194754994,63.036407470703125,1355000,85414332.12280273
2019-01-16 00:00:00,63.036453858890376,63.141249857824555,62.99615290930026,63.08482360839844,41829100,2638781395.198059
2019-01-17 00:00:00,63.076760958480435,63.117068058070494,63.04451650880838,63.08482360839844,4263700,268974762.4191284
2019-01-18 00:00:00,63.092843307172764,63.149269523686286,63.08478681195394,63.12508773803711,2555400,161309849.20578003
2019-01-22 00:00:00,63.12509014582127,63.19764165553247,63.12509014582127,63.189579010009766,4325100,273301248.17619324
2019-01-23 00:00:00,63.18152257983138,63.27825588563006,63.165403437196865,63.25407409667969,2144000,135616734.86328125
2019-01-24 00:00:00,63.31856932684676,63.34275111822592,63.26214309696279,63.32662582397461,1952500,123645236.92131042
2019-01-25 00:00:00,63.31858062744141,63.34276242313634,63.302455330312185,63.318580627441406,1245000,78831632.88116455
2019-01-28 00:00:00,63.32662582397461,63.334688471100264,63.27826224121629,63.32662582397461,2232100,141351361.50169373
2019-01-29 00:00:00,63.37496362753942,63.39108276367188,63.35883834141225,63.391082763671875,1916100,121463653.68347168
2019-01-30 00:00:00,63.39111820709395,63.536215113391904,63.38305555952236,63.52815246582031,1872800,118975523.93798828
2019-01-31 00:00:00,63.60874636188916,63.6651725769043,63.56037664187891,63.6651725769043,3433500,218594370.0428009
2019-02-01 00:00:00,63.60784377674473,63.66439101796389,63.551296535525566,63.59169006347656,3157100,200765324.69940186
2019-02-04 00:00:00,63.54317206852035,63.575479469283245,63.52701220495676,63.567405700683594,1230400,78213335.9741211
2019-02-05 00:00:00,63.59974783278141,63.648215118878745,63.57550802654783,63.62398147583008,3019400,192106249.66812134
2019-02-06 00:00:00,63.6563030953896,63.672456805067625,63.615909576416016,63.615909576416016,1962600,124852584.13467407
2019-02-07 00:00:00,63.65629618311307,63.680529826591474,63.61590266852571,63.648216247558594,1513400,96325210.46905518
2019-02-08 00:00:00,63.67244452018682,63.70475809649401,63.63205100900671,63.696678161621094,1519100,96761623.7953186
2019-02-11 00:00:00,63.66437911987305,63.68053899330818,63.648225409623805,63.66437911987305,1531500,97501996.62208557
2019-02-12 00:00:00,63.67243916980994,63.688592875013896,63.65628546460598,63.680519104003906,1275000,81192661.85760498
2019-02-13 00:00:00,63.64013518346756,63.65629505428994,63.60782160500769,63.62398147583008,1554800,98922566.3986206
2019-02-14 00:00:00,63.720908392693,63.73706826157396,63.656287406721646,63.688594818115234,1457600,92832495.80688477
2019-02-15 00:00:00,63.67244452018682,63.696678161621094,63.6643645853139,63.696678161621094,933100,59435370.39260864
2019-02-19 00:00:00,63.72091212114029,63.74515192588006,63.70475841449831,63.7370719909668,1245800,79403644.28634644
2019-02-20 00:00:00,63.76130563252204,63.76130563252204,63.72091212114029,63.7370719909668,1561300,99512690.49949646
2019-02-21 00:00:00,63.69667847958505,63.74515192588006,63.680524772943066,63.7370719909668,1196500,76261406.63719177
2019-02-22 00:00:00,63.769381331243515,63.80976867675781,63.7532214624905,63.80976867675781,2755500,175827817.58880615
2019-02-25 00:00:00,63.76940308213418,63.817870378556535,63.76132314500172,63.78555679321289,2289100,146011518.05534363
2019-02-26 00:00:00,63.85017929791425,63.8744129443545,63.825945651474,63.8663330078125,1788100,114199390.05126953
2019-02-27 00:00:00,63.85021632428416,63.89868364527058,63.82598266379095,63.84213638305664,1787200,114098666.14379883
2019-02-28 00:00:00,63.8582451249148,63.87439883124387,63.80977167955879,63.825931549072266,3845800,245461767.55142212
2019-03-01 00:00:00,63.86155087703727,63.86155087703727,63.78868949378335,63.79678726196289,3545300,226178749.87983704
2019-03-04 00:00:00,63.83727049586485,63.86155762618292,63.812983365546785,63.85346603393555,1201800,76739095.47958374
2019-03-05 00:00:00,63.8372601055343,63.902029893699016,63.732013832356856,63.877742767333984,2505400,160039296.72927856
2019-03-06 00:00:00,63.87775332419053,63.94252312305953,63.86155778607929,63.934425354003906,1174200,75071802.25067139
2019-03-07 00:00:00,63.98303131125253,64.03970336914062,63.958744168842074,64.03970336914062,1897600,121521741.11328125
2019-03-08 00:00:00,64.01541622673017,64.05589891527497,63.98303131125253,64.03970336914062,1247400,79883125.98266602
2019-03-11 00:00:00,64.04778289794922,64.04778289794922,64.00730022093606,64.04778289794922,1256000,80444015.31982422
2019-03-12 00:00:00,64.05589481071861,64.10446909242701,64.05589481071861,64.0882797241211,1255800,80482061.67755127
2019-03-13 00:00:00,64.08824963552316,64.1206283569336,64.0720540980302,64.1206283569336,1011700,64870839.70870972
2019-03-14 00:00:00,64.1287441602353,64.14493970228285,63.95063025844918,64.09635925292969,1293800,82927869.60144043
2019-03-15 00:00:00,64.16114064890954,64.1854277895753,64.1287557357583,64.17733001708984,1493500,95848842.38052368
2019-03-18 00:00:00,64.16109764498762,64.18538476937496,64.14490828765821,64.15299987792969,1095600,70286026.66625977
2019-03-19 00:00:00,64.15300154798204,64.18538644027039,64.15300154798204,64.16919708251953,1522700,97710436.39755249
2019-03-20 00:00:00,64.17728308394798,64.34730529785156,64.16919149417055,64.34730529785156,1421600,91476129.21142578
2019-03-21 00:00:00,64.34730827719237,64.4606523071853,64.323014976377,64.3392105102539,1808700,116370330.04989624
2019-03-22 00:00:00,64.4040092539116,64.49306619992339,64.37162434838102,64.4687728881836,1624800,104748862.1887207
2019-03-25 00:00:00,64.50116805130207,64.60642055521197,64.47688091248907,64.57403564453125,1176600,75977810.33935547
2019-03-26 00:00:00,64.55784010079581,64.59832278334426,64.50116805130207,64.57403564453125,5714300,368995411.8835449
2019-03-27 00:00:00,64.63880414551812,64.67118905863198,64.59832763671875,64.59832763671875,1575700,101787584.85717773
2019-03-28 00:00:00,64.59832278334426,64.61451215028956,64.56593787266353,64.57403564453125,1564400,101019621.36230469
2019-03-29 00:00:00,64.51736359503751,64.57403564453125,64.50926582316978,64.57403564453125,2375800,153414993.88427734
2019-04-01 00:00:00,64.53747287526646,64.5455925305579,64.25334687488943,64.41570281982422,2870500,184905274.94430542
2019-04-02 00:00:00,64.46441650390625,64.4806496214968,64.44817719283321,64.46441650390625,3677000,237035659.48486328
2019-04-03 00:00:00,64.45629490279907,64.47252801989963,64.41570281982422,64.41570281982422,2545300,163957288.38729858
2019-04-04 00:00:00,64.46440296383528,64.46440296383528,64.41569123433005,64.43193054199219,1822400,117420750.21972656
2019-04-05 00:00:00,64.4400405883789,64.48875231530343,64.34262952149156,64.4400405883789,2048400,131998979.14123535
2019-04-08 00:00:00,64.4644108535553,64.47252431489817,64.44005188908082,64.45629119873047,957300,61704007.56454468
2019-04-09 00:00:00,64.47254770400399,64.52125945714245,64.47254770400399,64.50502014160156,1343500,86662494.5602417
2019-04-10 00:00:00,64.52939796916452,64.57810974121094,64.51316484080677,64.57810974121094,2054100,132649895.21942139
2019-04-11 00:00:00,64.53748321533203,64.58618876791951,64.52936355873969,64.53748321533203,1144900,73888964.53323364
2019-04-12 00:00:00,64.4887926648184,64.51314544677734,64.46443988285945,64.51314544677734,1562400,100795338.44604492
2019-04-15 00:00:00,64.50501028021954,64.52124959327779,64.4806575041154,64.48877716064453,1165200,75142323.14758301
2019-04-16 00:00:00,64.49687708589069,64.49687708589069,64.45629119873047,64.45629119873047,898300,57901086.38381958
2019-04-17 00:00:00,64.45629119873047,64.47252431489817,64.4156991180883,64.45629119873047,3393200,218713087.29553223
2019-04-18 00:00:00,64.48064422607422,64.50499699716356,64.43193868389554,64.48064422607422,2294500,147950838.1767273
2019-04-22 00:00:00,64.4806496214968,64.4806496214968,64.44817719283321,64.46441650390625,1271000,81934273.37646484
2019-04-23 00:00:00,64.52129807971397,64.55376434326172,64.4969390918213,64.55376434326172,2254300,145523550.9590149
2019-04-24 00:00:00,64.61052703857422,64.63488600288245,64.5942939225173,64.61052703857422,1005300,64952962.83187866
2019-04-25 00:00:00,64.61054769644244,64.61866735380794,64.58619491782981,64.59431457519531,793400,51249129.18395996
2019-04-26 00:00:00,64.69176705303316,64.70800018310547,64.68364739125337,64.70800018310547,1002700,64882711.78359985
2019-04-29 00:00:00,64.69174001611046,64.69174001611046,64.62679513598941,64.64302825927734,1013300,65502780.53512573
2019-04-30 00:00:00,64.67549326585542,64.72420501708984,64.65926014443325,64.72420501708984,3050800,197460604.6661377
2019-05-01 00:00:00,64.72496711027931,64.83889036632853,64.65986633300781,64.65986633300781,1004600,64957301.71813965
2019-05-02 00:00:00,64.65989744644939,64.66803659961273,64.58666369304376,64.60293579101562,1852100,119651097.37854004
2019-05-03 00:00:00,64.6110438542301,64.69241672164357,64.6110438542301,64.65986633300781,3922900,253654189.63775635
2019-05-06 00:00:00,64.72502136230469,64.74129346608579,64.69247094638541,64.72502136230469,1572200,101760678.58581543
2019-05-07 00:00:00,64.76566032758838,64.77379947807788,64.74124908447266,64.74124908447266,971700,62909071.73538208
2019-05-08 00:00:00,64.76566995849903,64.77380911019885,64.6842970665619,64.69243621826172,1975600,127806376.99279785
2019-05-09 00:00:00,64.77384529078567,64.77384529078567,64.72502277002344,64.73316192626953,1533900,99294197.07870483
2019-05-10 00:00:00,64.74942779541016,64.76569989797827,64.71687738191736,64.74942779541016,1844700,119443269.45419312
2019-05-13 00:00:00,64.82264568344988,64.85518987749361,64.81450653076172,64.81450653076172,1031000,66823756.23321533
2019-05-14 00:00:00,64.82264568344988,64.83891778047175,64.79009528105169,64.81450653076172,1715700,111202248.85482788
2019-05-15 00:00:00,64.90402703658008,64.91215998197279,64.83892622330677,64.8796157836914,1849600,120001337.35351562
2019-05-16 00:00:00,64.84711315876865,64.87152442964444,64.80642356840244,64.83897399902344,3347300,217035497.66693115
2019-05-17 00:00:00,64.88776739598121,64.88776739598121,64.81453361624732,64.85521697998047,867600,56268386.251831055
2019-05-20 00:00:00,64.8470569331599,64.86332903018177,64.7982282253854,64.81450653076172,871500,56485842.44155884
2019-05-21 00:00:00,64.78197338337169,64.80638463958378,64.7575621271596,64.77383422851562,1190000,77080862.7319336
2019-05-22 00:00:00,64.78200669886945,64.81455712667734,64.77386753982765,64.79827880859375,1200400,77783853.88183594
2019-05-23 00:00:00,64.83079749678491,64.90403747558594,64.81452539502705,64.90403747558594,1452500,94273114.43328857
2019-05-24 00:00:00,64.89588165283203,64.93657120931047,64.87147040228683,64.89588165283203,986100,63993828.897857666
2019-05-28 00:00:00,64.94475073512561,64.96102905273438,64.89592819901758,64.96102905273438,1221600,79356393.09082031
2019-05-29 00:00:00,64.96914954195877,65.01797827706048,64.96914954195877,64.98542785644531,1648000,107095985.10742188
2019-05-30 00:00:00,65.00167446507203,65.09932568861292,64.96912405722506,65.08305358886719,2473200,160963408.13598633
2019-05-31 00:00:00,65.09933210423779,65.22139459360446,65.09119294938505,65.19698333740234,2479300,161642880.78842163
2019-06-03 00:00:00,65.2842472014237,65.36583709716797,65.21898399903746,65.36583709716797,4272500,279275538.99765015
2019-06-04 00:00:00,65.27612365416039,65.33323287317177,65.24348892551987,65.30059814453125,1403100,91623269.2565918
2019-06-05 00:00:00,65.43112502204352,65.47191998532962,65.37401580810547,65.37401580810547,5086700,332538006.2110901
2019-06-06 00:00:00,65.38216458504155,65.40663906894817,65.32505538111397,65.34136962890625,1543300,100841335.74829102
2019-06-07 00:00:00,65.46372601752006,65.49636072644637,65.39846282410171,65.43109130859375,1189400,77823740.0024414
2019-06-10 00:00:00,65.36590314625401,65.38221740722656,65.35774290354703,65.38221740722656,791200,51730410.412597656
2019-06-11 00:00:00,65.3413804729806,65.35770094791783,65.32506622248081,65.34954071044922,1164800,76119145.01953125
2019-06-12 00:00:00,65.38217224174288,65.42296720265554,65.37401200467292,65.40664672851562,966400,63208983.3984375
2019-06-13 00:00:00,65.43110660448693,65.52085051890525,65.40663212317935,65.49637603759766,2345700,153634849.27139282
2019-06-14 00:00:00,65.45559692382812,65.48822542073997,65.43927645093555,65.45559692382812,1845200,120778667.44384766
2019-06-17 00:00:00,65.45558347745839,65.48821196766744,65.43926300791848,65.46373748779297,1580500,103465437.09945679
2019-06-18 00:00:00,65.56983305054386,65.6106217949214,65.52087784307716,65.55351257324219,1350500,88530018.73016357
2019-06-19 00:00:00,65.5045674172301,65.74116455642064,65.47193268515844,65.71669006347656,1758400,115556227.80761719
2019-06-20 00:00:00,65.82271633812486,65.84719081919427,65.7656071408177,65.78192138671875,1476600,97133585.1196289
2019-06-21 00:00:00,65.7329820365876,65.74114227294922,65.6840330672911,65.74114227294922,879700,57832482.85751343
2019-06-24 00:00:00,65.79012679699797,65.82276153564453,65.76565229912303,65.82276153564453,1037700,68304279.64553833
2019-06-25 00:00:00,65.8227113474816,65.86350629579466,65.76560215450442,65.83087158203125,1342200,88358195.83740234
2019-06-26 00:00:00,65.79007778594159,65.81455226558398,65.72480835727167,65.74928283691406,1821100,119736018.9743042
2019-06-27 00:00:00,65.77381253989466,65.82276153564453,65.7574920583514,65.82276153564453,2233700,147028302.4421692
2019-06-28 00:00:00,65.80644727854123,65.84723603351947,65.79012679699797,65.82276153564453,1470300,96779206.28585815
2019-07-01 00:00:00,65.87341506434747,65.89794792549183,65.7834570806294,65.8570556640625,4978400,327862765.91796875
2019-07-02 00:00:00,65.85706458117834,65.91431001136064,65.84071141796223,65.89795684814453,1602000,105568526.87072754
2019-07-03 00:00:00,65.91431427001953,65.93067367357655,65.89796110574686,65.91431427001953,914900,60305006.12564087
2019-07-05 00:00:00,65.81617607890526,65.81617607890526,65.70985868450411,65.77528381347656,1054300,69346881.72454834
2019-07-08 00:00:00,65.76712146513108,65.78348087133247,65.69352285508094,65.71805572509766,1031500,67788174.48043823
2019-07-09 00:00:00,65.72626269655241,65.73443616375873,65.68537040336902,65.69355010986328,952800,62592814.544677734
2019-07-10 00:00:00,65.76713124986848,65.81620323648812,65.7425983762018,65.79166412353516,769100,50600368.87741089
2019-07-11 00:00:00,65.7998449399232,65.816204348835,65.74259948730469,65.74259948730469,1090200,71672581.96105957
2019-07-12 00:00:00,65.75895254088735,65.7998385806426,65.74259313355662,65.78348541259766,1185900,78012635.35079956
2019-07-15 00:00:00,65.77528173442401,65.83252716064453,65.77528173442401,65.83252716064453,825900,54371084.18197632
2019-07-16 00:00:00,65.76713236138599,65.77531206584189,65.70988690876749,65.74259948730469,1053800,69279551.33972168
2019-07-17 00:00:00,65.79983211885725,65.8652572631836,65.77529924955616,65.8652572631836,1884800,124142836.88964844
2019-07-18 00:00:00,65.84074741931755,65.97159151444309,65.8325677135949,65.95523834228516,1559700,102870385.24246216
2019-07-19 00:00:00,65.91431001136064,65.92248971261067,65.85706458117834,65.89795684814453,1713800,112935918.4463501
2019-07-22 00:00:00,65.93067693993294,65.94703010501578,65.92249723774918,65.93885040283203,862800,56892040.12756348
2019-07-23 00:00:00,65.92249723774918,65.93885040283203,65.90613783338168,65.93885040283203,1175400,77504524.76348877
2019-07-24 00:00:00,65.9634180480078,65.98795092588838,65.93887893083986,65.95523834228516,1299100,85682450.13046265
2019-07-25 00:00:00,65.95520653962774,65.95520653962774,65.87342823969568,65.91431427001953,1117100,73632880.47103882
2019-07-26 00:00:00,65.92249723774918,65.93885040283203,65.87343150321598,65.93885040283203,1424900,93956267.93899536
2019-07-29 00:00:00,65.94703010501578,65.95520980719954,65.93067693993294,65.93885040283203,924500,60960467.19741821
2019-07-30 00:00:00,65.93884049422215,65.93884049422215,65.88159506610745,65.9061279296875,842200,55506140.94238281
2019-07-31 00:00:00,65.94702019517673,65.99608592233683,65.8079964753673,65.9061279296875,1231500,81163396.54541016
2019-08-01 00:00:00,65.95286753502563,66.15784287544493,65.94466676991058,66.14144134521484,1349400,89251260.95123291
2019-08-02 00:00:00,66.12505340576172,66.14964944848438,66.0840558309895,66.12505340576172,984500,65100115.07797241
2019-08-05 00:00:00,66.22342990908129,66.28902351898151,66.18243859440683,66.28082275390625,2587100,171475116.54663086
2019-08-06 00:00:00,66.29721861820313,66.31361389160156,66.23162501390863,66.31361389160156,2091300,138681660.73150635
2019-08-07 00:00:00,66.3956090246449,66.42839957144176,66.28901785382872,66.31361389160156,1153700,76506016.34674072
2019-08-08 00:00:00,66.28083121629957,66.33002955768161,66.24804066251387,66.28903198242188,1289600,85486335.64453125
2019-08-09 00:00:00,66.32181155777329,66.32181155777329,66.20702588329527,66.25621795654297,1393100,92301537.23526001
2019-08-12 00:00:00,66.29723666106194,66.36283028320783,66.28903589445568,66.35462951660156,997200,66168836.55395508
2019-08-13 00:00:00,66.313618970178,66.34641577483697,66.23163008620601,66.24803161621094,757200,50163009.53979492
2019-08-14 00:00:00,66.30542504913204,66.33822185408215,66.26442747910666,66.28082275390625,1058800,70178135.13183594
2019-08-15 00:00:00,66.3218453470168,66.44483184814453,66.3136445788474,66.44483184814453,1635700,108683811.45401001
2019-08-16 00:00:00,66.40384300222631,66.46943664550781,66.37104618058555,66.46943664550781,1679100,111608831.07147217
2019-08-19 00:00:00,66.43664439392771,66.44484516374054,66.39565305557264,66.41204833984375,834100,55394289.52026367
2019-08-20 00:00:00,66.48581182322877,66.51041412353516,66.48581182322877,66.51041412353516,1088800,72416538.89770508
2019-08-21 00:00:00,66.4858327586258,66.51862958067598,66.45304219192982,66.4776382446289,1022100,67946794.0498352
2019-08-22 00:00:00,66.4776049316966,66.51040173731181,66.43660736083984,66.43660736083984,1092800,72601924.52392578
2019-08-23 00:00:00,66.47760348205067,66.59238917152526,66.42021063731337,66.5513916015625,1192300,79349224.20654297
2019-08-26 00:00:00,66.55958557128906,66.59238237284072,66.51039349663672,66.55958557128906,878100,58445972.090148926
2019-08-27 00:00:00,66.56781230069124,66.62520516195549,66.55141076584275,66.61700439453125,865600,57663679.00390625
2019-08-28 00:00:00,66.62524524687558,66.6662365979537,66.62524524687558,66.64984130859375,1530300,101994252.15454102
2019-08-29 00:00:00,66.6415840495136,66.64978481492068,66.58419120236636,66.59239196777344,1401300,93315918.86444092
2019-08-30 00:00:00,66.60875899376511,66.65795730999093,66.5759622013974,66.64155578613281,1770000,117955553.74145508
2019-09-03 00:00:00,66.62189006258382,66.72051836298832,66.58901396244899,66.6629867553711,2032100,135465855.3855896
2019-09-04 00:00:00,66.69585958071814,66.76161177775934,66.67941839622051,66.74517059326172,1503000,100317991.40167236
2019-09-05 00:00:00,66.67118380757273,66.68761871659979,66.52324454443828,66.57255554199219,1238500,82450110.03875732
2019-09-06 00:00:00,66.61363474293661,66.63006964765167,66.57253807544235,66.6218490600586,1353300,90159348.3329773
2019-09-09 00:00:00,66.53968167471241,66.55612285476104,66.50680558508809,66.52324676513672,997400,66350286.32354736
2019-09-10 00:00:00,66.4903708929381,66.4903708929381,66.35065221443254,66.3835220336914,1141700,75790067.10586548
2019-09-11 00:00:00,66.36706661841868,66.39994269799269,66.34241112635593,66.35063171386719,1085600,72030245.78857422
2019-09-12 00:00:00,66.41643959344316,66.42466018862726,66.29316201806623,66.30137634277344,1170600,77612391.14685059
2019-09-13 00:00:00,66.27669462612243,66.27669462612243,66.16985201287554,66.18628692626953,1053500,69727253.27682495
2019-09-16 00:00:00,66.2437847538247,66.27666083432487,66.21090867332452,66.26844024658203,911000,60370549.06463623
2019-09-17 00:00:00,66.26024794863946,66.35065563244105,66.25202735816478,66.31777954101562,1171200,77671383.3984375
2019-09-18 00:00:00,66.4081746557575,66.46570623724469,66.30132581122983,66.34242248535156,1193000,79146510.02502441
2019-09-19 00:00:00,66.41641085175513,66.41641085175513,66.36709984294369,66.37532043457031,1391800,92381170.98083496
2019-09-20 00:00:00,66.40816564879452,66.49857330322266,66.3835038853831,66.49857330322266,1085100,72157601.8913269
2019-09-23 00:00:00,66.52324659992968,66.57255759900724,66.4985911003909,66.50680541992188,2661300,176994561.2640381
2019-09-24 00:00:00,66.54791815417299,66.64654017612071,66.50682146471182,66.6136703491211,1047000,69744512.85552979
2019-09-25 00:00:00,66.60543385396106,66.60543385396106,66.47392949546376,66.52324676513672,1464100,97396685.58883667
2019-09-26 00:00:00,66.57256810108453,66.58900301321208,66.53147141505478,66.54791259765625,1111600,73974659.64355469
2019-09-27 00:00:00,66.53966690986978,66.60541907452833,66.53966690986978,66.59719848632812,883600,58845284.58251953
2019-09-30 00:00:00,66.54791815417299,66.6301052626209,66.53969756218588,66.6136703491211,1368100,91134162.40463257
2019-10-01 00:00:00,66.58812099270442,66.76111918803353,66.57164138259894,66.6952133178711,2957000,197217745.78094482
2019-10-02 00:00:00,66.74462575969308,66.8270112229046,66.72815243812782,66.81053161621094,2385500,159376523.1704712
2019-10-03 00:00:00,66.85999456228814,66.9835602430522,66.84351494809874,66.95060729980469,1161100,77736350.13580322
2019-10-04 00:00:00,66.94237359492847,67.00003967417122,66.91766045884319,66.97532653808594,884700,59253071.38824463
2019-10-07 00:00:00,66.93411418592008,66.9423539905792,66.8846879282242,66.8929214477539,1160100,77602478.1715393
2019-10-08 00:00:00,66.95057818391012,66.98353111282685,66.89291212958798,66.94234466552734,1114400,74600548.89526367
2019-10-09 00:00:00,66.93412933317101,66.95884246761156,66.86822345124234,66.90941619873047,1034400,69211100.1159668
2019-10-10 00:00:00,66.90115065497871,66.90115065497871,66.7940583518917,66.80229187011719,1259300,84124126.15203857
2019-10-11 00:00:00,66.72817394605495,66.73641375205766,66.65403454742194,66.68698120117188,1550000,103364820.8618164
2019-10-14 00:00:00,66.73637390136719,66.76108701948776,66.71166078324661,66.73637390136719,765000,51053326.0345459
2019-10-15 00:00:00,66.76111307147839,66.7693528757762,66.66225427529203,66.67049407958984,1362700,90851882.28225708
2019-10-16 00:00:00,66.7693574120101,66.7693574120101,66.71169134826589,66.72816467285156,1175400,78432284.75646973
2019-10-17 00:00:00,66.74462879099538,66.78582152447197,66.71991566496091,66.7611083984375,1585900,105876441.80908203
2019-10-18 00:00:00,66.81053155896491,66.83524468385583,66.79405823741376,66.81877136230469,1867100,124757328.01055908
2019-10-21 00:00:00,66.77758166311651,66.80229478912966,66.75286853710337,66.76934814453125,1139900,76110379.94995117
2019-10-22 00:00:00,66.81877141955778,66.8270112229046,66.76934516973358,66.81053161621094,1011100,67552128.51715088
2019-10-23 00:00:00,66.84348454446986,66.8517243478167,66.49748822544373,66.81053161621094,1153200,77045905.05981445
2019-10-24 00:00:00,66.85173046269324,66.8682037857653,66.81877753142012,66.83525085449219,1307200,87367039.91699219
2019-10-25 00:00:00,66.83523104379425,66.83523104379425,66.73637856440487,66.7775650024414,948600,63345198.16131592
2019-10-28 00:00:00,66.7611083984375,66.7611083984375,66.70344234264749,66.7611083984375,1185600,79151970.1171875
2019-10-29 00:00:00,66.78582927390089,66.79406907857803,66.72816321141964,66.74463653564453,1079000,72017462.82196045
2019-10-30 00:00:00,66.73642419021857,66.80232379315615,66.67875810944105,66.7940902709961,1353500,90405801.18179321
2019-10-31 00:00:00,66.85999456228814,66.97532672108876,66.82704161904063,66.95060729980469,1553700,104021158.56170654
2019-11-01 00:00:00,66.93407295081778,66.98362114097911,66.90103872383203,66.95884704589844,2416000,161772574.46289062
2019-11-04 00:00:00,66.9010341176532,66.9010341176532,66.85973976160552,66.88451385498047,1928400,128980096.51794434
2019-11-05 00:00:00,66.84323160191293,66.8680056974384,66.75238905122974,66.7854232788086,2983500,199254310.35232544
2019-11-06 00:00:00,66.85152421592883,66.88455846267186,66.82675010603114,66.87630462646484,2097400,140266361.32354736
2019-11-07 00:00:00,66.81021923068768,66.81021923068768,66.71111651553055,66.75241088867188,2350600,156908217.0349121
2019-11-08 00:00:00,66.75238444467317,66.78541866997234,66.71109008789062,66.71109008789062,1780200,118759082.57446289
2019-11-11 00:00:00,66.73586050260258,66.7688947260806,66.69457244873047,66.69457244873047,841600,56130152.17285156
2019-11-12 00:00:00,66.77715814168818,66.77715814168818,66.71108969148241,66.7688980102539,932200,62241966.72515869
2019-11-13 00:00:00,66.80194196637409,66.83497619628906,66.79368183373657,66.83497619628906,1217100,81344849.52850342
2019-11-14 00:00:00,66.89279541987709,66.92582965517312,66.85150105059802,66.90930938720703,1059900,70917177.01950073
2019-11-15 00:00:00,66.88450872915995,66.9010289905666,66.85147450698028,66.89276885986328,1697200,113530407.30895996
2019-11-18 00:00:00,66.9257979543243,66.93405808439475,66.89276373467564,66.9010238647461,2509800,167908189.69573975
2019-11-19 00:00:00,66.92581176757812,66.92581176757812,66.90103767288663,66.92581176757812,1296400,86762622.37548828
2019-11-20 00:00:00,66.95884704589844,66.97536100907404,66.93407295081778,66.95884704589844,1168200,78221325.11901855
2019-11-21 00:00:00,66.93405808439475,66.9505720439025,66.9010238647461,66.9010238647461,841500,56297211.58218384
2019-11-22 00:00:00,66.95057717351929,66.95057717351929,66.88450872915995,66.89276885986328,1449100,96934311.35482788
2019-11-25 00:00:00,66.91755413768718,66.94232823330492,66.89278004206945,66.93407440185547,1664800,111431847.06420898
2019-11-26 00:00:00,66.96708417146336,66.98360443115234,66.95057021240737,66.98360443115234,2478300,166005466.86172485
2019-11-27 00:00:00,67.01665286312317,67.01665286312317,66.93407044906273,66.9505844116211,1161900,77789884.02786255
2019-11-29 00:00:00,66.95884704589844,66.97536100907404,66.9258128189127,66.95884704589844,2366000,158424632.1105957
2019-12-02 00:00:00,66.95305950079208,66.95305950079208,66.88684158269103,66.93650817871094,3827500,256199485.0540161
2019-12-03 00:00:00,67.05234974897213,67.12684012997744,67.01924080800818,67.06890106201172,2079300,139456365.97824097
2019-12-04 00:00:00,67.05240370637644,67.07723385335915,66.98618577116262,67.01929473876953,2942900,197231082.48672485
2019-12-05 00:00:00,67.0027084350586,67.02754488630663,66.97787829869773,67.0027084350586,2453100,164364344.06204224
2019-12-06 00:00:00,66.95303160332817,66.99441936361825,66.95303160332817,66.96958923339844,4361200,292067772.56469727
2019-12-09 00:00:00,66.99444765171009,67.00272015535265,66.97789001464844,66.97789001464844,2175000,145676910.78186035
2019-12-10 00:00:00,66.96963016145594,66.99446030685053,66.93652119596666,66.94479370117188,1105700,74020858.39538574
2019-12-11 00:00:00,66.98620009354474,67.04413922052237,66.94481229646446,67.027587890625,1363300,91378710.57128906
2019-12-12 00:00:00,67.07722509236592,67.07722509236592,66.91995909549617,66.92823791503906,1286200,86083099.60632324
2019-12-13 00:00:00,66.9944106810064,67.0771798759739,66.96958055400464,67.06890106201172,1193200,80026612.74719238
2019-12-16 00:00:00,67.04411371586755,67.04411371586755,66.99445343017578,66.99445343017578,1099200,73640303.21044922
2019-12-17 00:00:00,67.05240370637644,67.05240370637644,67.01101591814533,67.01929473876953,1827900,122504568.85299683
2019-12-18 00:00:00,67.03581646414348,67.03581646414348,66.98615619210652,67.010986328125,1179500,79039458.37402344
2019-12-19 00:00:00,67.06064158880919,67.10202935567186,67.027538953183,67.0440902709961,1701100,114048701.95999146
2019-12-20 00:00:00,67.03583880102042,67.07722658476668,67.02756629618253,67.0606689453125,2349400,157552335.6201172
2019-12-23 00:00:00,67.08803646237415,67.08803646237415,67.02165222167969,67.02165222167969,3100900,207827441.37420654
2019-12-24 00:00:00,67.02995857912579,67.08804321289062,67.02995857912579,67.08804321289062,629000,42198379.1809082
2019-12-26 00:00:00,67.12123767243648,67.12123767243648,67.07974593369612,67.10464477539062,784500,52643593.826293945
2019-12-27 00:00:00,67.21252338021168,67.22082299521468,67.16273835169639,67.19593048095703,1438600,96668065.58990479
2019-12-30 00:00:00,67.19590438291043,67.24568939208984,67.16271226654119,67.24568939208984,1393200,93686694.46105957
2019-12-31 00:00:00,67.24565770112987,67.2622505861203,67.20416599253497,67.23735809326172,824100,55410306.80465698
2020-01-02 00:00:00,67.24565770112987,67.28714307897889,67.22076520827129,67.23735809326172,2575000,173136197.09014893
2020-01-03 00:00:00,67.28721308222292,67.34530406698995,67.26232056346703,67.32870483398438,1224200,82423800.45776367
2020-01-06 00:00:00,67.36185559426671,67.37844848632812,67.26227924965245,67.37844848632812,2032400,136939958.70361328
2020-01-07 00:00:00,67.34526369954713,67.34526369954713,67.29547236112833,67.30377197265625,1093100,73569753.14331055
2020-01-08 00:00:00,67.32867519588483,67.34527442158343,67.04655166650569,67.26229095458984,1390400,93521489.34326172
2020-01-09 00:00:00,67.24568735345821,67.3203648649634,67.24568735345821,67.30377197265625,1668300,112282882.78198242
2020-01-10 00:00:00,67.3369685079709,67.36186101343988,67.31207600250191,67.35356140136719,1422000,95776764.31274414
2020-01-13 00:00:00,67.34529526959564,67.34529526959564,67.32039642333984,67.32039642333984,1198800,80703691.2322998
2020-01-14 00:00:00,67.33699565417704,67.34529526959564,67.2955039078357,67.32039642333984,25194300,1696090263.608551
2020-01-15 00:00:00,67.38674809773313,67.38674809773313,67.3452627022053,67.37844848632812,3466300,233553915.98815918
2020-01-16 00:00:00,67.38675468851822,67.38675468851822,67.3452692889329,67.36186218261719,2172800,146363854.15039062
2020-01-17 00:00:00,67.37844848632812,67.40334732054313,67.21249424271961,67.37844848632812,3376800,227523544.8486328
2020-01-21 00:00:00,67.42824879084982,67.46973419189453,67.41994917834111,67.46973419189453,2594200,175029984.4406128
2020-01-22 00:00:00,67.49463653564453,67.50293614936287,67.47804363895821,67.49463653564453,2848900,192285470.0263977
2020-01-23 00:00:00,67.54443889078536,67.56933140524522,67.51124676125508,67.52783966064453,1337700,90331991.11404419
2020-01-24 00:00:00,67.544412915035,67.59419792480875,67.52781369127777,67.56930541992188,1992400,134625084.11865234
2020-01-27 00:00:00,67.65230443634142,67.65230443634142,67.61081902502306,67.64400482177734,2913100,197053750.44631958
2020-01-28 00:00:00,67.65231219959762,67.68550433091178,67.59422755248578,67.6357192993164,4087800,276481293.3517456
2020-01-29 00:00:00,67.66056399566017,67.7269482113711,67.63567149745538,67.69375610351562,2162900,146414825.07629395
2020-01-30 00:00:00,67.74354097279938,67.76014019206958,67.68545636684813,67.7020492553711,1502200,101702018.39141846
2020-01-31 00:00:00,67.76844804893952,67.85142517089844,67.73525593400623,67.85142517089844,2239800,151973622.09777832
2020-02-03 00:00:00,67.7982255420893,67.85644260898087,67.7566455487007,67.82318115234375,3033300,205728055.3894043
2020-02-04 00:00:00,67.74833429438559,67.75665283203125,67.71506648898803,67.75665283203125,2411400,163388392.63916016
2020-02-05 00:00:00,67.71507776223899,67.73171484030007,67.68180995130298,67.72339630126953,2403900,162800272.36862183
2020-02-06 00:00:00,67.71503448486328,67.72335301857736,67.67345450665707,67.71503448486328,1919300,129965465.6867981
2020-02-07 00:00:00,67.74833827609469,67.78992462158203,67.72338900687647,67.78992462158203,2393400,162248405.58929443
2020-02-10 00:00:00,67.82318115234375,67.83981188066231,67.7982255420893,67.82318115234375,1328900,90130225.43334961
2020-02-11 00:00:00,67.82318101303521,67.83149320458521,67.78159467454762,67.79822540283203,1271600,86212223.42224121
2020-02-12 00:00:00,67.78160723283051,67.78160723283051,67.74833942491361,67.76497650146484,1220700,82720706.81533813
2020-02-13 00:00:00,67.7815881892588,67.80653745189046,67.75663892662712,67.77326965332031,1478100,100175669.87457275
2020-02-14 00:00:00,67.79820764952588,67.83979397712388,67.79820764952588,67.80652618408203,1258100,85307390.5921936
2020-02-18 00:00:00,67.80654407884079,67.8481304174138,67.80654407884079,67.82318115234375,2897000,196483755.79833984
2020-02-19 00:00:00,67.83149334391084,67.83981188066231,67.80654407884079,67.82318115234375,1460300,99042191.43676758
2020-02-20 00:00:00,67.83149618459728,67.89803179102675,67.83149618459728,67.88140106201172,1975100,134072555.23757935
2020-02-21 00:00:00,67.92296101420571,67.98117806635645,67.89801175545294,67.9395980834961,1636800,111203534.1430664
2020-02-24 00:00:00,68.05603640386161,68.07266712899947,68.00613153808168,68.01445007324219,2615800,177912198.5015869
2020-02-25 00:00:00,68.04774340227665,68.13090974953883,68.03111267089844,68.03111267089844,2990700,203460648.66485596
2020-02-26 00:00:00,68.05602400201386,68.16413955866598,68.02275621261735,68.0726547241211,3577100,243502693.21365356
2020-02-27 00:00:00,68.10595419381077,68.19743907091095,68.04773712158203,68.04773712158203,3839400,261262481.90460205
2020-02-28 00:00:00,68.28889465332031,68.31384390997486,68.07265718701049,68.28889465332031,4266100,291327253.4805298
2020-03-02 00:00:00,68.37392135637783,68.40724856782356,68.19058990478516,68.19058990478516,3282200,223815154.18548584
2020-03-03 00:00:00,68.25723655982503,68.66556153364746,68.24890158060073,68.49889373779297,3559800,243842361.9277954
2020-03-04 00:00:00,68.61557870584456,68.70724443177313,68.59058011836008,68.59891510009766,3078800,211202339.81018066
2020-03-05 00:00:00,68.68223719841126,68.74890432846315,68.60724144539849,68.61557006835938,2974900,204124459.3963623
2020-03-06 00:00:00,68.74055653679069,68.74889151592566,68.39056370583664,68.5322265625,7601100,520920307.32421875
2020-03-09 00:00:00,68.35724552330363,68.38224410860549,67.61559115661915,67.98225402832031,5668000,385323415.83251953
2020-03-10 00:00:00,67.82390075836005,67.94056502646366,67.58223724365234,67.58223724365234,8495300,574131380.0559998
2020-03-11 00:00:00,67.36558070256025,67.6739113682478,66.82392782931208,66.84059143066406,6553300,438026447.8225708
2020-03-12 00:00:00,65.58228577251401,66.51560652271239,64.72396713326918,65.515625,11454300,750435623.4375
2020-03-13 00:00:00,65.58228651405837,66.1572793928696,64.95729646586445,65.48229217529297,8527300,558387150.0663757
2020-03-16 00:00:00,63.31566966554637,64.99897362089206,60.12405187087083,63.857322692871094,10230800,653311497.0062256
2020-03-17 00:00:00,63.640653208239684,65.24896112621977,63.232321814510854,63.973976135253906,16539500,1058097578.289032
2020-03-18 00:00:00,62.61565412215723,63.53230470174129,61.54067073381488,61.91566848754883,14890300,921942878.4801483
2020-03-19 00:00:00,61.149035376076384,61.707364754631264,59.32406841988192,59.79072570800781,11930300,713321294.9142456
2020-03-20 00:00:00,60.140725694908255,62.007367780780385,60.09072851040918,60.8073844909668,10301200,626389029.1183472
2020-03-23 00:00:00,62.49898483494931,64.1739594086891,62.49898483494931,62.940643310546875,9559900,601706255.9844971
2020-03-24 00:00:00,63.182301914392184,64.31561726011694,63.023969130618504,63.732295989990234,7073300,450797649.2259979
2020-03-25 00:00:00,63.94065699743789,65.1406336731148,63.86565487898602,64.96563720703125,7067000,459112158.14208984
2020-03-26 00:00:00,64.69894511662892,65.2322692499501,64.29895519550062,65.07393646240234,5777000,375932130.94329834
2020-03-27 00:00:00,64.8906359780304,65.46562250164328,64.732303130652,65.34062957763672,3762300,245831050.65994263
2020-03-30 00:00:00,65.21562725458185,65.79894873183457,65.21562725458185,65.70728302001953,4537500,298146796.7033386
2020-03-31 00:00:00,65.79897743831962,66.1406418510041,65.69064807606189,65.91564178466797,5274000,347639094.77233887
2020-04-01 00:00:00,65.65827401541752,65.93397514353339,65.49118589934896,65.52460479736328,3330500,218229696.2776184
2020-04-02 00:00:00,65.78360209727941,65.86714616649947,65.50790730625366,65.64993286132812,2673600,175521660.49804688
2020-04-03 00:00:00,65.58306765155157,65.79193092432722,65.39091063603743,65.45774841308594,3775100,247109546.03424072
2020-04-06 00:00:00,65.81702212146075,65.89221624684303,65.51625836793967,65.8003158569336,3894300,256246170.0416565
2020-04-07 00:00:00,66.07602371011083,66.26818084716797,65.95071076638364,66.26818084716797,3266600,216471639.5553589
2020-04-08 00:00:00,66.25981805079607,66.83628303162533,66.22639914439969,66.75273895263672,4945700,330139021.0380554
2020-04-09 00:00:00,66.60239890800094,69.76041424562622,66.60239890800094,67.73861694335938,9055000,613373176.4221191
2020-04-13 00:00:00,67.67173769657681,67.76363809719625,67.27071718714612,67.64667510986328,4407700,298166249.8817444
2020-04-14 00:00:00,67.81377963476329,67.90568005755922,67.64669143368324,67.79707336425781,8956700,607238047.001648
2020-04-15 00:00:00,67.79708309477255,67.83885196403425,67.64670114261453,67.81378936767578,2470200,167513622.4960327
2020-04-16 00:00:00,67.83046819231285,67.8805933600359,67.72185516357422,67.72185516357422,3543700,239985938.14315796
2020-04-17 00:00:00,67.88058688915152,67.88058688915152,67.74691128929432,67.82210540771484,3663800,248486629.79278564
2020-04-20 00:00:00,67.81373153103289,67.83879410601611,67.44613647460938,67.44613647460938,2623000,176911215.9729004
2020-04-21 00:00:00,67.42106081763383,67.4962549091039,67.2121975482186,67.33751678466797,3359500,226220387.63809204
2020-04-22 00:00:00,67.37934100673802,67.58820442810175,67.2957969129937,67.4795913696289,2518500,169947350.8644104
2020-04-23 00:00:00,67.53805117779834,67.56312013447409,67.38767568176624,67.52970123291016,2377800,160572123.59161377
2020-04-24 00:00:00,67.57146246407271,67.57146246407271,67.45449950878252,67.50463104248047,2333000,157488304.22210693
2020-04-27 00:00:00,67.54641180905807,67.54641180905807,67.44616147196973,67.4628677368164,1632500,110133131.58035278
2020-04-28 00:00:00,67.45449950878252,67.63830025966797,67.37931176924012,67.50463104248047,9437300,637061454.5372009
2020-04-29 00:00:00,67.58816525288137,67.63829040527344,67.54639004321992,67.63829040527344,3198900,216368127.1774292
2020-04-30 00:00:00,67.621653884485,67.74696689470136,67.59659128244174,67.73861694335938,2757500,186789236.22131348
2020-05-01 00:00:00,67.66237867083625,67.68749360243874,67.52005646687734,67.64563751220703,2234000,151120354.2022705
2020-05-04 00:00:00,67.62893445494824,67.77125675253176,67.62893445494824,67.72940063476562,4260000,288527246.70410156
2020-05-05 00:00:00,67.78798242917536,67.80472359341387,67.71263122180348,67.7544937133789,2245200,152122389.28527832
2020-05-06 00:00:00,67.72100624815003,67.72938002408364,67.62054009890542,67.6707763671875,2265100,153281075.5493164
2020-05-07 00:00:00,67.7460741423774,67.7460741423774,67.65398183301988,67.71258544921875,1869900,126615763.53149414
2020-05-08 00:00:00,67.71262586750457,67.74611458065293,67.65402221632465,67.69588470458984,5036600,340957092.9031372
2020-05-11 00:00:00,67.6958857340821,67.72100067249558,67.64565585725512,67.67913818359375,1824800,123500891.35742188
2020-05-12 00:00:00,67.86327155639742,67.93862270193145,67.67908696433001,67.85490417480469,3664200,248633939.87731934
2020-05-13 00:00:00,67.91354802924047,67.98051905824154,67.82145567863128,67.9051742553711,2905100,197271321.72927856
2020-05-14 00:00:00,67.88007890310912,67.93030878617972,67.79636030221819,67.89682006835938,2927200,198747571.70410156
2020-05-15 00:00:00,67.92187610702429,68.08931955091651,67.87164626751377,68.03071594238281,3063000,208378082.93151855
2020-05-18 00:00:00,68.04751461627254,68.15635454363759,67.99728473430078,68.13123321533203,3420700,233056509.45968628
2020-05-19 00:00:00,68.13124185664597,68.26519674198684,68.12287446680253,68.1982192993164,3471500,236750118.2975769
2020-05-20 00:00:00,68.2484250519304,68.39075366410138,68.20656895555395,68.32377624511719,3039900,207697447.40753174
2020-05-21 00:00:00,68.3823722627353,68.39911342195497,68.34888355697842,68.36563110351562,3968000,271274824.21875
2020-05-22 00:00:00,68.41583910659185,68.43258026046198,68.35723548707315,68.3907241821289,2204600,150774190.5319214
2020-05-26 00:00:00,68.45770922893163,68.49957170316821,68.42422691432252,68.4325942993164,6796700,465115813.6741638
2020-05-27 00:00:00,68.49959234172817,68.5247072789104,68.39912620568055,68.49121856689453,3805000,260609086.6470337
2020-05-28 00:00:00,68.54146018286153,68.63355255126953,68.51633885639818,68.63355255126953,5210000,357580808.79211426
2020-05-29 00:00:00,68.63353812274269,68.72562408447266,68.61679057528788,68.72562408447266,4530500,311361439.91470337
2020-06-01 00:00:00,68.73738655574485,68.83806610107422,68.71221826963415,68.83806610107422,7036000,484344633.0871582
2020-06-02 00:00:00,68.85482134576392,68.87998962402344,68.812869948075,68.87998962402344,4007100,276009006.4224243
2020-06-03 00:00:00,68.97230782360658,68.98069938700111,68.85485153963282,68.86324310302734,4050700,278944338.83743286
2020-06-04 00:00:00,68.96389756545354,68.96389756545354,68.80449630949249,68.81288146972656,3474400,239083475.37841797
2020-06-05 00:00:00,69.02259308186929,69.02259308186929,68.854800344062,68.91352844238281,6372100,439123894.5877075
2020-06-08 00:00:00,69.02262473990324,69.03940786191133,68.92195161139702,68.93872833251953,6976200,480930356.59332275
2020-06-09 00:00:00,68.95551145452762,68.98067973665418,68.88000020726237,68.93872833251953,4703600,324260202.58483887
2020-06-10 00:00:00,69.00583726110493,69.08134209571377,68.90515774740858,69.01422882080078,4924200,339839865.5593872
2020-06-11 00:00:00,69.00584177542267,69.01423333566748,68.75414617515831,68.80448913574219,3599400,247654878.19519043
2020-06-12 00:00:00,68.79609898614399,68.89677850849114,68.77093070577848,68.846435546875,2882100,198422311.88964844
2020-06-15 00:00:00,68.7625211873232,69.39175363567082,68.75412962909786,69.22396087646484,3699600,256100965.65856934
2020-06-16 00:00:00,69.40015174352729,69.40015174352729,69.13167946293059,69.19879913330078,4806800,332624787.6739502
2020-06-17 00:00:00,69.34144720027699,69.36661548499912,69.0897515512833,69.23237609863281,3116400,215755776.8737793
2020-06-18 00:00:00,69.23235256760181,69.24913568563639,69.19879913330078,69.19879913330078,4352200,301167013.58795166
2020-06-19 00:00:00,69.17363925431526,69.26592722059608,69.17363925431526,69.20719909667969,2492600,172505864.4683838
2020-06-22 00:00:00,69.24913057168608,69.26590728759766,69.19040246467017,69.26590728759766,3721400,257766147.38006592
2020-06-23 00:00:00,69.28269040439282,69.30785867870199,69.25752213008367,69.26590728759766,2248600,155751319.1268921
2020-06-24 00:00:00,69.28271438792316,69.3078826709448,69.16525813323163,69.29109954833984,3279800,227260948.29864502
2020-06-25 00:00:00,69.24915454359905,69.29109954833984,69.19042641625327,69.29109954833984,1625100,112604965.87600708
2020-06-26 00:00:00,69.24913134699109,69.29107633768143,69.2155715139086,69.27429962158203,1892600,131108539.46380615
2020-06-29 00:00:00,69.2743083457746,69.32464490129571,69.2407485084657,69.29947662353516,2064300,143054909.59396362
2020-06-30 00:00:00,69.34145432349898,69.36662261080656,69.30789447345991,69.34984588623047,3129100,217002602.76260376
2020-07-01 00:00:00,69.35151016792032,69.45236875929437,69.35151016792032,69.3851318359375,2343800,162624871.9970703
2020-07-02 00:00:00,69.43557796313999,69.51962894721855,69.25066195055975,69.44398498535156,1742900,121033921.43096924
2020-07-06 00:00:00,69.51959890281644,69.51959890281644,69.43554795506232,69.46916961669922,2091100,145266980.58547974
2020-07-07 00:00:00,69.4859909289399,69.49439794917426,69.39353294439458,69.41034698486328,1950400,135377940.75927734
2020-07-08 00:00:00,69.46075280030257,69.46915981769502,69.39350948651382,69.40191650390625,1611100,111813427.67944336
2020-07-09 00:00:00,69.46077620924082,69.46918322946651,69.38513226524226,69.42715454101562,2379700,165215799.66125488
2020-07-10 00:00:00,69.49439794917426,69.51120557696544,69.37672531660338,69.41034698486328,1610800,111806186.92321777
2020-07-13 00:00:00,69.46917502156515,69.48598264735314,69.41873931884766,69.41873931884766,1775400,123246029.78668213
2020-07-14 00:00:00,69.47760601513052,69.47760601513052,69.41036266342167,69.45238494873047,1766600,122694583.25042725
2020-07-15 00:00:00,69.44398597457344,69.51122291518665,69.43557895224211,69.49441528320312,2588300,179872395.07751465
2020-07-16 00:00:00,69.5364232316275,69.57003848556332,69.51120217215981,69.56163787841797,2389800,166238402.20184326
2020-07-17 00:00:00,69.56160082444103,69.59522247314453,69.55319380909671,69.59522247314453,4388400,305411674.30114746
2020-07-20 00:00:00,69.61205997305471,69.68771031827994,69.58684532887182,69.60365295410156,2412000,167884010.92529297
2020-07-21 00:00:00,69.63729965046123,69.6877353696342,69.62049201918947,69.6709213256836,2258700,157365709.99832153
2020-07-22 00:00:00,69.7297353206157,69.7297353206157,69.64568436581966,69.67930603027344,4078900,284214921.3668823
2020-07-23 00:00:00,69.70454300090596,69.70454300090596,69.6709213256836,69.6709213256836,1419200,98876971.54541016
2020-07-24 00:00:00,69.69611365616193,69.71292769472721,69.66249199170815,69.67930603027344,2339600,163021704.38842773
2020-07-27 00:00:00,69.72134307061047,69.72134307061047,69.63729209800967,69.65410614013672,1810400,126101793.75610352
2020-07-28 00:00:00,69.6793283476589,69.75497230740008,69.66251430370829,69.6709213256836,1770000,123317530.74645996
2020-07-29 00:00:00,69.69613041206986,69.78018138707293,69.67932278214059,69.75496673583984,2320300,161852449.3171692
2020-07-30 00:00:00,69.72973905205839,69.81379001135225,69.72133203232588,69.80538940429688,2533200,176831012.43896484
2020-07-31 00:00:00,69.79698281602238,69.8558191291595,69.77176816934606,69.847412109375,2195400,153343008.54492188
2020-08-03 00:00:00,69.85411624600606,69.89622497558594,69.80359091042227,69.89622497558594,1970100,137702552.82440186
2020-08-04 00:00:00,69.90468440218613,69.92152404785156,69.8878383316273,69.92152404785156,1571900,109909643.65081787
2020-08-05 00:00:00,69.94676401339022,69.94676401339022,69.87097599516804,69.91307830810547,1835000,128290498.69537354
2020-08-06 00:00:00,69.92151466619475,69.95520037789927,69.91309163204548,69.94677734375,2327100,162773145.55664062
2020-08-07 00:00:00,69.94680943873048,69.97207212787748,69.92154674958348,69.92996978759766,2234200,156237538.49945068
2020-08-10 00:00:00,69.92150134064948,69.98044971867496,69.91307830810547,69.91307830810547,1831000,128010846.38214111
2020-08-11 00:00:00,69.92152029357729,69.93836636323164,69.8541488647461,69.8541488647461,2330900,162823035.58883667
2020-08-12 00:00:00,69.87940979003906,69.88782639898801,69.85414068851523,69.87940979003906,3649100,254996954.26483154
2020-08-13 00:00:00,69.82046739039885,69.83730703463316,69.73624989454865,69.76993560791016,1852700,129262759.70077515
2020-08-14 00:00:00,69.84573006919676,69.87099274799466,69.76993560791016,69.76993560791016,2026200,141367843.52874756
2020-08-17 00:00:00,69.77834301956835,69.81202872538786,69.76991998689063,69.7867660522461,1265600,88322131.11572266
2020-08-18 00:00:00,69.8036248924987,69.85415025267945,69.76151614241927,69.84573364257812,4437100,309912504.7454834
2020-08-19 00:00:00,69.88783772425484,69.89626075946106,69.81204968207894,69.82047271728516,5427100,378922687.4839783
2020-08-20 00:00:00,69.86254864766371,69.87939471171129,69.82044633732667,69.8709716796875,1723000,120387684.20410156
2020-08-21 00:00:00,69.87096230779404,69.89622497558594,69.85411624600606,69.89622497558594,1307700,91403293.40057373
2020-08-24 00:00:00,69.89624943282928,69.92151210946079,69.87098675619778,69.87940979003906,2942400,205613175.36621094
2020-08-25 00:00:00,69.87944831085562,69.8878649244442,69.82049989125622,69.86260223388672,2242100,156638940.4685974
2020-08-26 00:00:00,69.86255470944012,69.8878173828125,69.84571506882236,69.8878173828125,3364300,235123584.0209961
2020-08-27 00:00:00,69.92155065348614,69.92997369197057,69.8289165048448,69.86260223388672,1821000,127219798.66790771
2020-08-28 00:00:00,69.89628406043649,69.93839282561183,69.89628406043649,69.92996978759766,1538200,107566279.52728271
2020-08-31 00:00:00,69.95517574338342,69.98886144322562,69.92991307472434,69.97201538085938,1900700,132995809.63439941
2020-09-01 00:00:00,69.99229447631984,70.0176010131836,69.95855028181917,70.0176010131836,1690000,118329745.71228027
2020-09-02 00:00:00,70.01763213327479,70.06824522949782,69.99232558516327,70.05137634277344,3382100,236920759.92889404
2020-09-03 00:00:00,70.05978286532118,70.08508940218493,70.0176010131836,70.0176010131836,2578900,180568391.25289917
2020-09-04 00:00:00,70.05131351332167,70.05131351332167,69.90790557861328,69.90790557861328,2466300,172413867.52853394
2020-09-08 00:00:00,69.90793580861087,70.00073073261831,69.89949815114286,69.9248046875,3280700,229402306.73828125
2020-09-09 00:00:00,69.94165773780888,69.97539548484737,69.93322008302685,69.95852661132812,1317800,92191346.3684082
2020-09-10 00:00:00,69.95855741854534,69.97542629949302,69.9248132206023,69.94168853759766,1184700,82859918.41049194
2020-09-11 00:00:00,69.89106889540393,70.00073914753104,69.89106889540393,69.9838638305664,1820800,127426619.26269531
2020-09-14 00:00:00,69.9670097547852,70.00075395980711,69.95857209451745,69.9754409790039,1213900,84943187.80441284
2020-09-15 00:00:00,69.9754261720841,70.00917036996569,69.96699494964943,69.9838638305664,1841700,128889282.01675415
2020-09-16 00:00:00,69.99229447631984,70.04290755004735,69.975419161046,70.0176010131836,3145200,220219358.70666504
2020-09-17 00:00:00,70.00914792824395,70.03445445953112,69.97540374117919,69.99227905273438,1442800,100984860.21728516
2020-09-18 00:00:00,70.00918518402584,70.01762284429357,69.9670097547852,69.9754409790039,1546600,108224017.01812744
2020-09-21 00:00:00,69.99227797256246,70.01758450345908,69.93322725512185,69.9500961303711,2068900,144719753.88412476
2020-09-22 00:00:00,69.96696426611017,69.96696426611017,69.94165773780888,69.95852661132812,2258200,157980344.79370117
2020-09-23 00:00:00,69.9416717488815,69.95854062577999,69.88261458962144,69.89105224609375,1632100,114069186.37084961
2020-09-24 00:00:00,69.74764302331086,69.89105100055384,69.74764302331086,69.82356262207031,5095400,355778980.9844971
2020-09-25 00:00:00,69.80669386206364,69.84043805136177,69.78138732910156,69.78138732910156,2063900,144021805.3085327
2020-09-28 00:00:00,69.7898483571166,69.85733032226562,69.77297303879321,69.85733032226562,1862400,130102291.9921875
2020-09-29 00:00:00,69.8741752868967,69.89948181734033,69.82355578996408,69.88260650634766,1534700,107248836.20529175
2020-09-30 00:00:00,69.87418336919525,69.89948990256606,69.85730805625063,69.89105224609375,2074700,145002966.0949707
2020-10-01 00:00:00,69.86654741057342,69.96795255755607,69.84964977625201,69.94259643554688,3530500,246932336.71569824
2020-10-02 00:00:00,69.93419163102442,69.98489101057714,69.90038989564866,69.95954132080078,5732900,401071054.4380188
2020-10-05 00:00:00,69.96796151758622,69.98485915407153,69.93415979759672,69.95105743408203,2548500,178270269.87075806
2020-10-06 00:00:00,69.95105743408203,70.00175679055684,69.91725571409253,69.95105743408203,2924700,204585857.67745972
2020-10-07 00:00:00,69.90881011935932,69.96796151758622,69.90035807760722,69.95105743408203,2315800,161992658.80584717
2020-10-08 00:00:00,69.96795934354635,69.9933090209961,69.9510552605674,69.9933090209961,2237200,156589030.94177246
2020-10-09 00:00:00,70.00175874220085,70.02711486816406,69.98486110524443,70.02711486816406,1981900,138786738.95721436
2020-10-12 00:00:00,70.06936778155583,70.07781982421875,70.04401810058661,70.07781982421875,1521000,106588363.95263672
2020-10-13 00:00:00,70.08627054008397,70.10316817807036,70.05246881709172,70.06936645507812,2594300,181780957.39440918
2020-10-14 00:00:00,70.10316950518796,70.10316950518796,70.0186684196174,70.07781982421875,2432500,170464296.7224121
2020-10-15 00:00:00,70.08626276361413,70.09470835816052,70.0609130859375,70.0609130859375,1567600,109827487.35351562
2020-10-16 00:00:00,70.08627186688167,70.09471746252504,70.06092218591246,70.07781982421875,2036700,142727495.63598633
2020-10-19 00:00:00,70.06091658909595,70.06936218406463,70.01021078418859,70.02711486816406,1812000,126889132.14111328
2020-10-20 00:00:00,70.04402160644531,70.05247364953128,70.01867192420728,70.04402160644531,1605800,112476689.89562988
2020-10-21 00:00:00,70.04401530386595,70.06091938851687,70.0186656239089,70.0524673461914,1906600,133562034.24224854
2020-10-22 00:00:00,70.03553624195236,70.06089235914638,70.01018657177517,70.01863861083984,2502700,175235646.85134888
2020-10-23 00:00:00,70.04400900280726,70.08626276361413,70.03555696124214,70.0609130859375,1818900,127433794.81201172
2020-10-26 00:00:00,70.05247364953128,70.06092569261726,70.01867192420728,70.04402160644531,1896800,132859500.18310547
2020-10-27 00:00:00,70.0524714690875,70.08627319335938,70.0524714690875,70.08627319335938,2015200,141237857.7392578
2020-10-28 00:00:00,70.05250284810056,70.1032022337086,70.0102490620788,70.03559875488281,2345000,164233479.0802002
2020-10-29 00:00:00,70.01865869844583,70.03555633440611,69.96795934354635,69.9933090209961,2466500,172638496.70028687
2020-10-30 00:00:00,70.01020883230893,70.01866087406103,69.95105743408203,69.95105743408203,3495400,244506926.15509033
2020-11-02 00:00:00,70.0102983100368,70.0102983100368,69.95951307219957,69.96797943115234,5663500,396263651.5083313
2020-11-03 00:00:00,69.98494720458984,69.99341356856466,69.95108820663407,69.98494720458984,2729800,191044908.87908936
2020-11-04 00:00:00,70.02726705751591,70.15423021743254,69.98494169891504,70.12883758544922,3492200,244903926.61590576
2020-11-05 00:00:00,70.12034098045407,70.20499166114749,70.11188107873693,70.16266632080078,3577900,251035003.82919312
2020-11-06 00:00:00,70.13729405235335,70.15422031863959,70.120361328125,70.120361328125,3786600,265517760.20507812
2020-11-09 00:00:00,70.17961377219373,70.25579165128075,70.06957044736814,70.09496307373047,4885200,342427913.6077881
2020-11-10 00:00:00,70.04415467328317,70.10340626786143,70.02722841394916,70.06108093261719,2767500,193894041.48101807
2020-11-11 00:00:00,70.04415467328317,70.06108093261719,70.02722841394916,70.06108093261719,1427100,99984168.59893799
2020-11-12 00:00:00,70.11190142395294,70.12882769023918,70.06957607132418,70.120361328125,4235600,297001802.44140625
2020-11-13 00:00:00,70.12037122214043,70.15423021743254,70.09497859015711,70.12883758544922,1726700,121091463.85879517
2020-11-16 00:00:00,70.14576520677885,70.17115783691406,70.12883248139366,70.17115783691406,2897500,203320929.8324585
2020-11-17 00:00:00,70.17960693984516,70.2049995637354,70.16267421862436,70.196533203125,2748000,192900073.2421875
2020-11-18 00:00:00,70.19655046704928,70.20501682974187,70.15422511152887,70.17115783691406,5056800,354841510.94970703
2020-11-19 00:00:00,70.15419624625042,70.2642395421486,70.15419624625042,70.24730682373047,5898000,414318615.6463623
2020-11-20 00:00:00,70.28118307066129,70.28964943195054,70.15421348308853,70.22193145751953,3141000,220567086.70806885
2020-11-23 00:00:00,70.14575357974077,70.24732408344579,70.14575357974077,70.22193145751953,2568900,180393119.72122192
2020-11-24 00:00:00,70.24729184619385,70.2811508178711,70.23883194672842,70.2811508178711,2625300,184509105.24215698
2020-11-25 00:00:00,70.28962281403841,70.31501543034875,70.28115645595527,70.30654907226562,2234000,157064830.6274414
2020-11-27 00:00:00,70.31502106707606,70.34041368542198,70.31502106707606,70.33194732666016,1142800,80375349.40490723
2020-11-30 00:00:00,70.33194025571764,70.399658203125,70.33194025571764,70.399658203125,3092100,217682783.1298828
2020-12-01 00:00:00,70.37341196937089,70.44970818909292,70.32254135491567,70.35645294189453,4053500,285189881.9999695
2020-12-02 00:00:00,70.35645294189453,70.36493245563271,70.32254135491567,70.35645294189453,2609100,183567021.37069702
2020-12-03 00:00:00,70.36493352695805,70.4242771880811,70.36493352695805,70.39036560058594,2465600,173554485.4248047
2020-12-04 00:00:00,70.44970818909292,70.44970818909292,70.34797989613021,70.35645294189453,2182100,153524815.96450806
2020-12-07 00:00:00,70.35645071421804,70.4157943725586,70.33949815525231,70.4157943725586,2896000,203924140.5029297
2020-12-08 00:00:00,70.38185119628906,70.45815384732113,70.35641913526862,70.38185119628906,2099800,147787811.14196777
2020-12-09 00:00:00,70.37341089688307,70.37341089688307,70.305587723959,70.32254028320312,2107000,148169592.37670898
2020-12-10 00:00:00,70.30558558578853,70.39036131537851,70.30558558578853,70.34797668457031,3153300,221828274.87945557
2020-12-11 00:00:00,70.39036230012317,70.43275339949798,70.36493022768774,70.4157943725586,2650200,186615938.2461548
2020-12-14 00:00:00,70.44972564666413,70.70405937804297,70.39886148757854,70.40734100341797,3773300,265668019.80819702
2020-12-15 00:00:00,70.47512058455423,70.47512058455423,70.40730389750588,70.45816802978516,2454300,172925481.7955017
2020-12-16 00:00:00,70.45819849991139,70.49211009208689,70.41580739269831,70.47515106201172,2863200,201784452.52075195
2020-12-17 00:00:00,70.48360876325253,70.50904083251953,70.44969718157225,70.50904083251953,3103300,218810706.41555786
2020-12-18 00:00:00,70.50904083251953,70.52599985734611,70.48360876325253,70.50904083251953,3979600,280597778.8970947
2020-12-21 00:00:00,70.4836000959248,70.49207960729535,70.43273596364553,70.45816802978516,3093500,217962342.80014038
2020-12-22 00:00:00,70.48360876325253,70.51752034493282,70.47512925083925,70.50904083251953,2194200,154710937.39471436
2020-12-23 00:00:00,70.56085595332668,70.58632815048203,70.48443936186062,70.54387664794922,5398900,380859335.63461304
2020-12-24 00:00:00,70.55234878343589,70.59480675555454,70.55234878343589,70.57782745361328,1179900,83274778.61251831
2020-12-28 00:00:00,70.61179489229569,70.62028130446105,70.56084402841746,70.60330200195312,2612500,184451126.48010254
2020-12-29 00:00:00,70.61179334885142,70.645751953125,70.59480756853753,70.645751953125,3000000,211937255.859375
2020-12-30 00:00:00,70.6457591861313,70.69671005411242,70.6287798822561,70.68821716308594,2590100,183089551.2741089
2020-12-31 00:00:00,70.67972427205946,70.70519646696114,70.66274496818426,70.68821716308594,1950800,137898574.04174805
2021-01-04 00:00:00,70.68817275629665,70.68817275629665,70.62873551280569,70.67967987060547,3556400,251365213.4918213
2021-01-05 00:00:00,70.62877265098821,70.65424484328194,70.62877265098821,70.645751953125,2265100,160019692.74902344
2021-01-06 00:00:00,70.59480675555454,70.60329964561367,70.54386237155376,70.57782745361328,3474300,245208545.92208862
2021-01-07 00:00:00,70.55232864556814,70.58629371793295,70.5353493484733,70.56082153320312,4035800,284769363.5437012
2021-01-08 00:00:00,70.56933495529495,70.56933495529495,70.50989768090508,70.53536987304688,4828200,340558872.8210449
2021-01-11 00:00:00,70.52686210877621,70.52686210877621,70.37402250998241,70.4928970336914,2727700,192283475.23880005
2021-01-12 00:00:00,70.50140479079882,70.53536987304688,70.45895329662152,70.53536987304688,9757400,688241817.9992676
2021-01-13 00:00:00,70.54386472590953,70.62028130446105,70.53537183556695,70.60330200195312,2632200,185842011.52954102
2021-01-14 00:00:00,70.60328575408766,70.62875794107629,70.56082779032282,70.56932067871094,3068400,216534903.57055664
2021-01-15 00:00:00,70.62026505268817,70.62026505268817,70.5523349019347,70.56932067871094,2738200,193232913.8824463
2021-01-19 00:00:00,70.5693396665575,70.59481186039983,70.54386747271516,70.58631896972656,6853600,483770395.69091797
2021-01-20 00:00:00,70.57781592788233,70.60328811572298,70.57781592788233,70.59479522705078,2516900,177680040.1069641
2021-01-21 00:00:00,70.50989964271645,70.61179489229569,70.45895525701543,70.60330200195312,4200800,296590351.0498047
2021-01-22 00:00:00,70.5693396665575,70.62028405424216,70.51839527887283,70.58631896972656,4937000,348484656.75354004
2021-01-25 00:00:00,70.5863138654954,70.62027894755492,70.56933456355415,70.57782745361328,2587400,182613070.753479
2021-01-26 00:00:00,70.57781592788233,70.62026741489143,70.56932303921013,70.59479522705078,3794500,267871950.4890442
2021-01-27 00:00:00,70.62875167793275,70.8749935939463,70.56082153320312,70.56082153320312,3240100,228624117.84973145
2021-01-28 00:00:00,70.57781356709906,70.60328575408766,70.56082779032282,70.56932067871094,4145200,292523948.0773926
2021-01-29 00:00:00,70.56932067871094,70.61177864247578,70.56082779032282,70.56932067871094,3767800,265891086.45324707
2021-02-01 00:00:00,70.62459773406725,70.65860748291016,70.5990806905344,70.65860748291016,2738000,193463267.288208
2021-02-02 00:00:00,70.6161367671148,70.65015302543061,70.59912539398795,70.64164733886719,2706400,191184554.35791016
2021-02-03 00:00:00,70.62461743892186,70.66713288080456,70.6161117553711,70.6161117553711,3162100,223295206.98165894
2021-02-04 00:00:00,70.62464245367822,70.65865222405615,70.60763108055137,70.64164733886719,2966700,209572575.1602173
2021-02-05 00:00:00,70.65859331955077,70.68411035796878,70.6415884485379,70.66709899902344,2653700,187529280.6137085
2021-02-08 00:00:00,70.6586259662392,70.70114789531665,70.65012677077208,70.69264221191406,2328500,164607817.3904419
2021-02-09 00:00:00,70.6671011893555,70.69261174063175,70.65009631781558,70.68411254882812,2959800,209210836.32202148
2021-02-10 00:00:00,70.69261278937579,70.72662902089297,70.68411359744607,70.70111846923828,3441100,243289618.76449585
2021-02-11 00:00:00,70.71813855444711,70.72663774742549,70.68412231873286,70.70963287353516,2747500,194274716.32003784
2021-02-12 00:00:00,70.69264221191406,70.71815926212182,70.67563733304436,70.69264221191406,3071300,217118312.02545166
2021-02-16 00:00:00,70.65863592219942,70.65863592219942,70.61612047506691,70.62462615966797,3692700,260795557.0198059
2021-02-17 00:00:00,70.63308934747812,70.65859990033958,70.60757879461666,70.65010070800781,3915400,276623404.3121338
2021-02-18 00:00:00,70.65010828966632,70.66711316408777,70.63309692731109,70.65860748291016,2590600,183048188.54522705
2021-02-19 00:00:00,70.65012800163859,70.65862719725378,70.60760607182033,70.6161117553711,4239200,299355820.95336914
2021-02-22 00:00:00,70.59060128286785,70.5991004784939,70.5395736694336,70.5395736694336,4142400,292203129.9682617
2021-02-23 00:00:00,70.51406845669938,70.59910583496094,70.50556926042849,70.59910583496094,5896900,416315867.19818115
2021-02-24 00:00:00,70.53957798207846,70.59060559863244,70.50556822162379,70.58209991455078,2809300,198286293.2899475
2021-02-25 00:00:00,70.46301511454696,70.4715207948655,70.20789660845585,70.24191284179688,5725400,402163047.7844238
2021-02-26 00:00:00,70.30146018267223,70.42901947301314,70.25043906170986,70.37799835205078,5507900,387634977.1232605
2021-03-01 00:00:00,70.40270796653503,70.47083019110859,70.37716375644317,70.45379638671875,3634900,256092504.48608398
2021-03-02 00:00:00,70.46231328891366,70.4793405968106,70.41122486872995,70.45379638671875,4000100,281822230.9265137
2021-03-03 00:00:00,70.36012531538502,70.40270332706086,70.31755380020164,70.37715911865234,3096900,217951024.07455444
2021-03-04 00:00:00,70.34310086054157,70.38567887394368,70.24943442825115,70.27497863769531,3401800,239061422.3297119
2021-03-05 00:00:00,70.17276318117405,70.24087887004092,70.15572938659047,70.23236846923828,4881800,342860376.39312744
2021-03-08 00:00:00,70.19833541592375,70.2153627208194,69.97694147332973,69.98545837402344,4257100,297935094.8440552
2021-03-09 00:00:00,70.01101584816323,70.07062117133209,70.0024989458554,70.03656005859375,5235000,366641391.9067383
2021-03-10 00:00:00,70.0535666374545,70.14723304564528,70.04505623415793,70.12168884277344,2462500,172674658.7753296
2021-03-11 00:00:00,70.17280115930627,70.215372675827,70.1387400481941,70.20685577392578,2848500,199984228.6720276
2021-03-12 00:00:00,70.12171522924605,70.15577634472255,70.07062680427804,70.08765411376953,2641300,185122520.81069946
2021-03-15 00:00:00,70.07910457971835,70.1387098743992,70.07058768148111,70.1131591796875,3107000,217841585.57128906
2021-03-16 00:00:00,70.16426434851776,70.17278124800234,70.13020324707031,70.13020324707031,2087200,146375760.21728516
2021-03-17 00:00:00,70.11316202378221,70.30049481366102,70.09613472310693,70.26643371582031,5296600,372173192.81921387
2021-03-18 00:00:00,70.1387098743992,70.15573717438377,70.06207078324388,70.1131591796875,5300500,371634800.2319336
2021-03-19 00:00:00,70.10465240478516,70.13871350300633,70.06207440788612,70.10465240478516,3613600,253330171.92993164
2021-03-22 00:00:00,70.12168884277344,70.16426684522054,70.1131719429858,70.12168884277344,3226400,226240616.88232422
2021-03-23 00:00:00,70.1983463650794,70.25795168624873,70.14725144943944,70.18131256103516,1927900,135302552.48641968
2021-03-24 00:00:00,70.1642675034315,70.2068390097869,70.13872330032004,70.18981170654297,2400900,168518718.926239
2021-03-25 00:00:00,70.17276318117405,70.23236846923828,70.16424628388226,70.23236846923828,2132200,149749456.05010986
2021-03-26 00:00:00,70.20682276274795,70.2238565585411,70.18127856554784,70.21533966064453,2488300,174716829.6775818
2021-03-29 00:00:00,70.0791307357735,70.21536867596869,70.0791307357735,70.1983413696289,3178800,223146487.54577637
2021-03-30 00:00:00,70.17278440329903,70.2068390097869,70.13020640045251,70.18981170654297,2324900,163184293.23654175
2021-03-31 00:00:00,70.1983165098072,70.26643220753634,70.1983165098072,70.24940490722656,4090300,287341140.8920288
2021-04-01 00:00:00,70.28008913389729,70.31419818474848,70.22039992131678,70.25450897216797,2060500,144759415.7371521
2021-04-05 00:00:00,70.1777809936294,70.2204124355637,70.1436719366995,70.21188354492188,2434100,170902745.73669434
2021-04-06 00:00:00,70.21186812590226,70.33125305175781,70.21186812590226,70.33125305175781,5345200,375934613.81225586
2021-04-07 00:00:00,70.34832686513452,70.35685575663622,70.33127558776917,70.33979797363281,3193400,224623110.84899902
2021-04-08 00:00:00,70.36537444050948,70.40801239013672,70.34832316404123,70.40801239013672,3865700,272176253.4965515
2021-04-09 00:00:00,70.35687297383309,70.39950443049793,70.33129279870626,70.3739242553711,2118100,149059008.9653015
2021-04-12 00:00:00,70.32274746757113,70.356856528314,70.32274746757113,70.34832763671875,2671400,187928522.44873047
2021-04-13 00:00:00,70.34833882605423,70.42507934570312,70.33980993310242,70.42507934570312,2233000,157259202.17895508
2021-04-14 00:00:00,70.41656494140625,70.41656494140625,70.38245587137123,70.41656494140625,1687000,118792745.05615234
2021-04-15 00:00:00,70.39950951877087,70.4933078381085,70.39950951877087,70.46772766113281,1734300,122212180.08270264
2021-04-16 00:00:00,70.47622973441061,70.47622973441061,70.39948272705078,70.39948272705078,1760000,123903089.59960938
2021-04-19 00:00:00,70.37390255981005,70.42506289429151,70.34832239256932,70.39948272705078,4018800,282921441.1834717
2021-04-20 00:00:00,70.40805289236343,70.46774215279517,70.40805289236343,70.45921325683594,2828300,199279792.85430908
2021-04-21 00:00:00,70.45066952033862,70.48477858819925,70.43361173358856,70.47624969482422,2197600,154878606.3293457
2021-04-22 00:00:00,70.45917742425569,70.49328648510473,70.43359725502843,70.4847640991211,2334300,164532584.83657837
2021-04-23 00:00:00,70.47620589474397,70.51031494140625,70.46767700666955,70.51031494140625,4702600,331581807.04345703
2021-04-26 00:00:00,70.51037444093355,70.51037444093355,70.47626536548864,70.49331665039062,1954000,137743940.73486328
2021-04-27 00:00:00,70.46774215279517,70.5103801269499,70.44216197055893,70.45921325683594,2104400,148274368.37768555
2021-04-28 00:00:00,70.46767700666955,70.51031494140625,70.43356796000727,70.51031494140625,3269000,230498219.54345703
2021-04-29 00:00:00,70.49331020302552,70.51889038085938,70.44214984735778,70.51889038085938,3852000,271638765.7470703
2021-04-30 00:00:00,70.51035504526578,70.54446411132812,70.50182615234041,70.54446411132812,1816800,128165182.39746094
2021-05-03 00:00:00,70.52480814703428,70.55896137881861,70.51626821057248,70.5333480834961,5225800,368593170.4147339
2021-05-04 00:00:00,70.56750131528041,70.62726784238725,70.5333480834961,70.5333480834961,3696200,260705361.18621826
2021-05-05 00:00:00,70.54190419446674,70.60167073527741,70.10645853195214,70.57605743408203,3548900,250467370.22781372
2021-05-06 00:00:00,70.61021423339844,70.62729411267503,70.59314086818718,70.61021423339844,3410200,240794952.57873535
2021-05-07 00:00:00,70.66996144237118,70.72119455211455,70.64434814453125,70.64434814453125,3176100,224373514.1418457
2021-05-10 00:00:00,70.66142801913355,70.67850137967233,70.63581472129363,70.64434814453125,1586600,112084322.76611328
2021-05-11 00:00:00,70.61021158656074,70.6187515258789,70.5845982826713,70.6187515258789,2829600,199822819.31762695
2021-05-12 00:00:00,70.5333480834961,70.55042144235681,70.51626821057248,70.5333480834961,2050800,144649790.2496338
2021-05-13 00:00:00,70.52482553862977,70.60167195761075,70.52482553862977,70.59313201904297,2288000,161517086.0595703
2021-05-14 00:00:00,70.63583495976471,70.65290832519531,70.6187550802687,70.65290832519531,1459700,103132050.2822876
2021-05-17 00:00:00,70.59313822198946,70.63583140451524,70.54191161421059,70.6187515258789,1735700,122572967.02346802
2021-05-18 00:00:00,70.6187515258789,70.63583140451524,70.59313822198946,70.6187515258789,2003900,141512916.18270874
2021-05-19 00:00:00,70.50775095485143,70.65289733766816,70.50775095485143,70.57605743408203,2429500,171464531.5361023
2021-05-20 00:00:00,70.65287873262125,70.69557189941406,70.58457227137781,70.69557189941406,2136200,151019880.69152832
2021-05-21 00:00:00,70.66141866879235,70.70410532152249,70.66141866879235,70.69557189941406,1859100,131430137.71820068
2021-05-24 00:00:00,70.70408102219962,70.72116088867188,70.67846773655168,70.72116088867188,1982100,140176412.99743652
2021-05-25 00:00:00,70.72120646187409,70.7638931274414,70.65289998008882,70.7638931274414,1479400,104688103.49273682
2021-05-26 00:00:00,70.72120646187409,70.7638931274414,70.70412658439545,70.7638931274414,3323700,235197951.587677
2021-05-27 00:00:00,70.7809591624935,70.7809591624935,70.72119263113592,70.73826599121094,2551700,180502833.32977295
2021-05-28 00:00:00,70.72973103774412,70.78096414970575,70.72973103774412,70.74681091308594,2136000,151115188.11035156
2021-06-01 00:00:00,70.73827613931756,70.76392349233343,70.71262878630169,70.75537872314453,2532500,179187996.61636353
2021-06-02 00:00:00,70.77243294874377,70.78953552246094,70.7638816618852,70.78953552246094,3245400,229740358.58459473
2021-06-03 00:00:00,70.68695831298828,70.70405436849889,70.66986225747766,70.68695831298828,2816100,199061543.3052063
2021-06-04 00:00:00,70.72114336990951,70.7724380493164,70.72114336990951,70.7724380493164,3854200,272771130.7296753
2021-06-07 00:00:00,70.75534199708784,70.7724380493164,70.73823942213808,70.7724380493164,2317000,163979738.9602661
2021-06-08 00:00:00,70.78955982692295,70.81520717358359,70.77245724733389,70.80665588378906,1854900,131339265.99884033
2021-06-09 00:00:00,70.83228302001953,70.86648164671689,70.8151869680314,70.83228302001953,3108500,220182151.7677307
2021-06-10 00:00:00,70.64421298207066,70.86650085449219,70.64421298207066,70.86650085449219,2057400,145800738.85803223
2021-06-11 00:00:00,70.87508140720686,70.8836327004099,70.84088275712026,70.85797882080078,1655000,117269954.9484253
2021-06-14 00:00:00,70.78953820804696,70.83228159852003,70.78953820804696,70.815185546875,2288900,162088878.1982422
2021-06-15 00:00:00,70.71258966884189,70.82373031133703,70.71258966884189,70.815185546875,2056200,145610184.52148438
2021-06-16 00:00:00,70.83229123479559,70.84939381148828,70.63565726188256,70.69550323486328,2933200,207364050.08850098
2021-06-17 00:00:00,70.67842471652322,70.68697600778036,70.6356813056857,70.64422607421875,5382800,380263740.1123047
2021-06-18 00:00:00,70.61003860533442,70.61003860533442,70.52454524740669,70.60149383544922,3384700,238964876.18484497
2021-06-21 00:00:00,70.58438858059718,70.62713851930671,70.53309387232562,70.57584381103516,2629500,185579181.30111694
2021-06-22 00:00:00,70.61854311777776,70.70403641907177,70.60144706660728,70.66129302978516,3147400,222399353.6819458
2021-06-23 00:00:00,70.66989506075068,70.68699112419687,70.62714511804698,70.63569641113281,3097400,218787006.06384277
2021-06-24 00:00:00,70.65278625488281,70.6698888395489,70.61858760827553,70.65278625488281,1836900,129782103.07159424
2021-06-25 00:00:00,70.66132724269433,70.66987853378033,70.61002601890219,70.62712860107422,2023600,142921057.4371338
2021-06-28 00:00:00,70.64423496254977,70.66133754721587,70.63569019294162,70.65278625488281,2366000,167164492.27905273
2021-06-29 00:00:00,70.65275967924461,70.68695831298828,70.62711233461748,70.68695831298828,2427300,171578453.91311646
2021-06-30 00:00:00,70.69551990879383,70.71261596679688,70.6784173280674,70.71261596679688,2571600,181844563.22021484
2021-07-01 00:00:00,70.7066303241234,70.71519227765808,70.64670971109472,70.66383361816406,2509800,177352089.61486816
2021-07-02 00:00:00,70.6980860495861,70.73232734143026,70.68096866909333,70.7152099609375,1936200,136918789.5263672
2021-07-06 00:00:00,70.73230510333973,70.81791157146496,70.72374968121247,70.77510833740234,2399700,169839027.4772644
2021-07-07 00:00:00,70.76655699617933,70.8093602366605,70.74943961850141,70.792236328125,2801700,198338608.5205078
2021-07-08 00:00:00,70.80935491649274,70.85215162290085,70.79223100924384,70.81791687011719,2485300,176003768.79730225
2021-07-09 00:00:00,70.80935846284233,70.80935846284233,70.77511717748668,70.80079650878906,2352300,166544713.6276245
2021-07-12 00:00:00,70.79222571251344,70.80078766549728,70.74086705632357,70.77510833740234,3195000,226126471.1380005
2021-07-13 00:00:00,70.73226805976348,70.8435537977016,70.6809094304709,70.70658874511719,3172800,224337864.7705078
2021-07-14 00:00:00,70.74088408125226,70.77512537057176,70.73232212620785,70.76656341552734,3778300,267377306.55288696
2021-07-15 00:00:00,70.78367029038618,70.79222571251344,70.73230510333973,70.77510833740234,4418200,312698583.65631104
2021-07-16 00:00:00,70.73229449158174,70.77509771922271,70.72373907073802,70.75798034667969,2792300,197577508.5220337
2021-07-19 00:00:00,70.86924975490072,70.87781170541118,70.79220526201598,70.82644653320312,2975800,210765339.59350586
2021-07-20 00:00:00,70.93772411045799,70.93772411045799,70.83500030875177,70.86067962646484,2771300,196376201.44882202
2021-07-21 00:00:00,70.83500848371358,70.8521258538798,70.81789111354736,70.82644653320312,2573400,182264777.50854492
2021-07-22 00:00:00,70.85210364921186,70.88634490966797,70.80930697178121,70.88634490966797,2353300,166816835.47592163
2021-07-23 00:00:00,70.83500970473403,70.86925097651141,70.81789233427276,70.85212707519531,3095400,219315674.14855957
2021-07-26 00:00:00,70.83500030875177,70.86067962646484,70.83500030875177,70.86067962646484,2898900,205418024.16915894
2021-07-27 00:00:00,70.89496491715519,70.90352687199422,70.85216167381803,70.8692855834961,2018300,143035479.09317017
2021-07-28 00:00:00,70.87781768488027,70.9291763305664,70.83501445957167,70.9291763305664,3021800,214333785.03570557
2021-07-29 00:00:00,70.8949385967732,70.91205596923828,70.87782122430811,70.91205596923828,2151000,152531832.38983154
2021-07-30 00:00:00,70.92060498163949,70.93772888183594,70.87780829285711,70.93772888183594,2732300,193823156.62384033
2021-08-02 00:00:00,70.90175326268952,70.99603803080845,70.90175326268952,70.98746490478516,2560100,181735008.90274048
2021-08-03 00:00:00,70.95315960274709,71.0131583898001,70.95315960274709,71.00458526611328,2738700,194460257.66830444
2021-08-04 00:00:00,70.98743970012778,71.07315131179082,70.91886779504664,70.97886657714844,3660800,259839434.765625
2021-08-05 00:00:00,70.92743859776304,70.92743859776304,70.8588666949251,70.90172576904297,3064100,217249977.92892456
2021-08-06 00:00:00,70.86746162114729,70.86746162114729,70.80746282254863,70.83317565917969,3191700,226078246.7514038
2021-08-09 00:00:00,70.80746884733969,70.82460856009257,70.7303237915039,70.7303237915039,2451900,173423680.90438843
2021-08-10 00:00:00,70.73032557139953,70.75604495024477,70.68747301874942,70.7046127319336,2340700,165498287.02163696
2021-08-11 00:00:00,70.72176414161542,70.77318982429732,70.68747817336757,70.75605010986328,2295300,162406361.8171692
2021-08-12 00:00:00,70.73890385604946,70.75605010986328,70.72176414161542,70.75605010986328,2554200,180725103.1906128
2021-08-13 00:00:00,70.75602667379468,70.91031021011779,70.66174192718735,70.7903060913086,1768300,125178498.26126099
2021-08-16 00:00:00,70.87607060536143,70.87607060536143,70.8160717764071,70.82463836669922,1783000,126280330.2078247
2021-08-17 00:00:00,70.81598199200363,70.81598199200363,70.79026263558998,70.79883575439453,2868300,203072300.59432983
2021-08-18 00:00:00,70.80740887319908,70.80740887319908,70.74741012031447,70.79883575439453,3725300,263746902.83584595
2021-08-19 00:00:00,70.79887921537589,70.79887921537589,70.7474535497274,70.7903060913086,2959300,209489752.81600952
2021-08-20 00:00:00,70.79031549737358,70.80746174778642,70.75603607530489,70.76460266113281,2157200,152653400.8605957
2021-08-23 00:00:00,70.77316638255164,70.7903060913086,70.76459325848435,70.7903060913086,2209300,156397023.24752808
2021-08-24 00:00:00,70.79034301738088,70.79891614592013,70.75606358198593,70.78177642822266,2199700,155698673.60916138
2021-08-25 00:00:00,70.78174891154566,70.79031549737358,70.74746295009847,70.76460266113281,2622100,185551864.63775635
2021-08-26 00:00:00,70.78176827062923,70.79033485880015,70.72176945653136,70.74748229980469,5142200,363797703.48205566
2021-08-27 00:00:00,70.7388779727358,70.85030896361377,70.72173826457319,70.84173583984375,3522800,249561267.01660156
2021-08-30 00:00:00,70.82462947447712,70.88462829589844,70.82462947447712,70.88462829589844,2833900,200879948.12774658
2021-08-31 00:00:00,70.87606170668188,70.92748739950555,70.8589154494866,70.88462829589844,3039100,215425473.85406494
2021-09-01 00:00:00,70.91544766117094,71.14717311788702,70.71805869202252,70.88970184326172,3331300,236154863.75045776
2021-09-02 00:00:00,70.90690930130452,70.91548688017366,70.88115692138672,70.88115692138672,3580700,253804158.58840942
2021-09-03 00:00:00,70.90693770673823,70.91551528904357,70.89835357666016,70.89835357666016,2741300,194353656.6596985
2021-09-07 00:00:00,70.86399715544843,70.86399715544843,70.82108306884766,70.82108306884766,3086900,218617601.32522583
2021-09-08 00:00:00,70.84685516357422,70.96700678216584,70.82968690504848,70.84685516357422,2804800,198711259.36279297
2021-09-09 00:00:00,70.88118105377175,70.94126341293227,70.86401934242043,70.9240951538086,2869100,203488321.40579224
2021-09-10 00:00:00,70.8983525155582,70.91551422768477,70.86402254353243,70.90693664550781,1962500,139154863.16680908
2021-09-13 00:00:00,70.91551102424675,70.94126341293227,70.89834931289543,70.9240951538086,9248400,655934401.6204834
2021-09-14 00:00:00,70.94125152121086,70.9584132296854,70.93266739308795,70.9498291015625,1689400,119862641.28417969
2021-09-15 00:00:00,70.91548708114547,70.93265533447266,70.89832537558843,70.93265533447266,1686300,119613736.69052124
2021-09-16 00:00:00,70.87260667348204,70.90693664550781,70.85543841358282,70.90693664550781,1921700,136261860.15167236
2021-09-17 00:00:00,70.86399521587832,70.88115692138672,70.83824938373066,70.88115692138672,3485400,247049184.33380127
2021-09-20 00:00:00,70.86402360412058,70.89835357666016,70.84686189173716,70.89835357666016,2490600,176579439.4180298
2021-09-21 00:00:00,70.89833511825653,70.92408095401508,70.88116686257013,70.91549682617188,1526700,108266689.0045166
2021-09-22 00:00:00,70.88972134989602,70.92405129914368,70.82964557565467,70.86397552490234,2145900,152067005.07888794
2021-09-23 00:00:00,70.82966170464766,70.82966170464766,70.79533174758254,70.8125,2894800,204988025.0
2021-09-24 00:00:00,70.78675948085677,70.79533705993934,70.75242952121559,70.7781753540039,1906400,134931513.49487305
2021-09-27 00:00:00,70.75243163696952,70.77817747052772,70.73526338275039,70.7610092163086,2163700,153105595.6413269
2021-09-28 00:00:00,70.71808391933284,70.73524562147226,70.67516984233102,70.68375396728516,2790400,197235947.0703125
2021-09-29 00:00:00,70.71809281488405,70.75242277125007,70.68376285851804,70.72667694091797,2367500,167445407.6576233
2021-09-30 00:00:00,70.71809281488405,70.76958447554824,70.70950868885014,70.72667694091797,4241000,299951836.9064331
2021-10-01 00:00:00,70.78512125075973,70.85386471409666,70.76793046765344,70.84527587890625,1719000,121783029.23583984
2021-10-04 00:00:00,70.8023041926667,70.81089958406386,70.77652457483782,70.79370880126953,2767400,195914509.7366333
2021-10-05 00:00:00,70.78511505811205,70.79370389255106,70.75074005126953,70.75074005126953,1797600,127181530.31616211
2021-10-06 00:00:00,70.72497275418853,70.74215698242188,70.69918657729355,70.74215698242188,1940100,137246858.76159668
2021-10-07 00:00:00,70.75076734091905,70.75076734091905,70.66483306884766,70.66483306884766,2903700,205189475.78201294
2021-10-08 00:00:00,70.6733977285343,70.73355235404127,70.61324310302734,70.61324310302734,2194100,154932516.6923523
2021-10-11 00:00:00,70.61326285766775,70.61326285766775,70.52732859095448,70.55310821533203,1112300,78476222.26791382
2021-10-12 00:00:00,70.52730113059768,70.59605113974565,70.52730113059768,70.58745574951172,2890100,204004805.86166382
2021-10-13 00:00:00,70.53591459843247,70.60466462520034,70.34685530300254,70.5702896118164,2331000,164499345.08514404
2021-10-14 00:00:00,70.6132660897745,70.64764110930606,70.50155219357032,70.63904571533203,2482500,175361430.98831177
2021-10-15 00:00:00,70.58747843470319,70.59607382769948,70.51872840346054,70.53591918945312,2650700,186969560.9954834
2021-10-18 00:00:00,70.44137279573881,70.46715241223752,70.39840239733279,70.43277740478516,2640700,185991835.29281616
2021-10-19 00:00:00,70.44997875405936,70.47575837442497,70.43278796957345,70.4413833618164,2881200,202955713.74206543
2021-10-20 00:00:00,70.44136527580118,70.50151989333047,70.4327698857651,70.45854949951172,9879200,696074102.2155762
2021-10-21 00:00:00,70.3726441785616,70.3812395721288,70.32108492988692,70.32967376708984,2473700,173974513.99765015
2021-10-22 00:00:00,70.32108306884766,70.35545808584247,70.25233303485803,70.32108306884766,3140200,220822265.0527954
2021-10-25 00:00:00,70.35543844774547,70.42418190618284,70.35543844774547,70.40699768066406,3048900,214663895.22857666
2021-10-26 00:00:00,70.38121806420476,70.40699768066406,70.36402728232372,70.40699768066406,4370000,307678579.86450195
2021-10-27 00:00:00,70.43277729712337,70.44996807900442,70.32965227492389,70.40699768066406,4627900,325836544.5663452
2021-10-28 00:00:00,70.34686582620047,70.42420470061089,70.34686582620047,70.38124084472656,8029500,565126173.3627319
2021-10-29 00:00:00,70.29530071449801,70.41560999112427,70.27810992848634,70.36404418945312,4684100,329592219.3878174
2021-11-01 00:00:00,70.31326167857954,70.37349059177184,70.2874502249913,70.3476791381836,1870800,131606438.13171387
2021-11-02 00:00:00,70.40794879340149,70.4767837524414,70.39934278240575,70.4767837524414,4376800,308462787.12768555
2021-11-03 00:00:00,70.45095937007412,70.45956538029425,70.34771350528227,70.4423599243164,3008500,211925839.8323059
2021-11-04 00:00:00,70.50259154318356,70.58002594471682,70.48537952208994,70.55421447753906,3078000,217165872.16186523
2021-11-05 00:00:00,70.57142382981358,70.66607025766508,70.1928446828706,70.6402587890625,1990300,140595307.0678711
2021-11-08 00:00:00,70.60580692182305,70.61441292865346,70.52837255372866,70.54557800292969,3490200,246218176.3458252
2021-11-09 00:00:00,70.60580565722931,70.64882912615106,70.57138819498387,70.57999420166016,1975900,139459010.5430603
2021-11-10 00:00:00,70.5369872856251,70.5369872856251,70.32188303947585,70.33048248291016,2786400,195968856.39038086
2021-11-11 00:00:00,70.27886443814162,70.31328190764756,70.21863550762153,70.22724151611328,4200200,294968459.815979
2021-11-12 00:00:00,70.29606628417969,70.31327830028015,70.25304937285004,70.29606628417969,4345000,305436408.00476074
2021-11-15 00:00:00,70.29604702875751,70.3046530344504,70.21000666520555,70.21861267089844,2157000,151461547.53112793
2021-11-16 00:00:00,70.17558283786163,70.2358117433276,70.15837739249636,70.18418884277344,6066300,425758344.7769165
2021-11-17 00:00:00,70.18422444191448,70.26166539648402,70.17561843263749,70.25305938720703,3394100,238445908.86611938
2021-11-18 00:00:00,70.21864191456075,70.27026484129932,70.20142989600677,70.25305938720703,5760100,404664647.3762512
2021-11-19 00:00:00,70.31327315221611,70.36489606781636,70.2272327713956,70.23583221435547,3591800,252273062.14752197
2021-11-22 00:00:00,70.1239965861249,70.16702006871093,70.03795618541466,70.04656219482422,4882900,342030358.5411072
2021-11-23 00:00:00,70.11536898090525,70.11536898090525,69.96049368154429,70.0035171508789,12185500,853027858.2420349
2021-11-24 00:00:00,69.96910090227149,70.00351836544438,69.87445451966101,69.97770690917969,3136400,219478079.94995117
2021-11-26 00:00:00,70.05515802905154,70.15841044325917,70.05515802905154,70.11538696289062,2806300,196764810.43395996
2021-11-29 00:00:00,70.0723447027332,70.19280252684337,70.06373869687988,70.17559051513672,3087900,216695205.95169067
2021-11-30 00:00:00,70.27885929064504,70.37350568373881,70.11537796358117,70.16700744628906,7059000,495308905.5633545
2021-12-01 00:00:00,70.11444647802298,70.15752224067813,70.07137071536783,70.14028930664062,3722800,261118269.03076172
2021-12-02 00:00:00,70.0627670288086,70.11445269062357,70.0369241979011,70.0627670288086,3777700,264676115.00473022
2021-12-03 00:00:00,70.03692828077817,70.2178346801159,70.03692828077817,70.17475891113281,2685100,188426245.1522827
2021-12-06 00:00:00,70.04553490257229,70.20921493012985,70.04553490257229,70.07999420166016,12122400,849537721.7102051
2021-12-07 00:00:00,70.08861066954194,70.11445350074803,70.04553490257229,70.07999420166016,4471600,313369702.07214355
2021-12-08 00:00:00,70.05412973935286,70.06274620457407,70.011053985684,70.03690338134766,6050100,423730269.14749146
2021-12-09 00:00:00,70.04553697424619,70.08861274248986,70.04553697424619,70.05415344238281,3346400,234429219.07958984
2021-12-10 00:00:00,70.06275733136084,70.14028581335252,70.01968157085105,70.0886001586914,3098900,217197563.0317688
2021-12-13 00:00:00,70.0886257154874,70.16615422574871,70.0886257154874,70.12308502197266,3591200,251826022.9309082
2021-12-14 00:00:00,70.08861066954194,70.1230699686298,70.06276783833586,70.07999420166016,3942800,276311401.13830566
2021-12-15 00:00:00,70.05416640900214,70.14031138899495,70.0024807354946,70.12308502197266,4351500,305140604.473114
2021-12-16 00:00:00,70.19199532911425,70.25229746521772,70.19199532911425,70.22644805908203,3170800,222674021.5057373
2021-12-17 00:00:00,70.2350637196289,70.27813949025281,70.1919945214448,70.20922088623047,3747900,263137138.95950317
2021-12-20 00:00:00,70.25229746521772,70.27814029891351,70.20060522538624,70.22644805908203,3569800,250694374.28131104
2021-12-21 00:00:00,70.03694143568806,70.20061492919922,70.03694143568806,70.20061492919922,6852300,481035673.6793518
2021-12-22 00:00:00,70.21783816281004,70.23506452779392,70.16614592297856,70.22644805908203,3122800,219303151.99890137
2021-12-23 00:00:00,70.20221688316518,70.2281494140625,70.19357050778207,70.2281494140625,2601500,182698530.7006836
2021-12-27 00:00:00,70.1935908856237,70.26274871826172,70.1935908856237,70.26274871826172,2909500,204429467.39578247
2021-12-28 00:00:00,70.26274871826172,70.27139509615495,70.24546255772917,70.26274871826172,3047500,214125726.7189026
2021-12-29 00:00:00,70.23682654104894,70.24547292021767,70.18496145654635,70.2022476196289,4006300,281251264.6385193
2021-12-30 00:00:00,70.21088341524673,70.28868103027344,70.05528158993938,70.28868103027344,3466500,243655712.79144287
2021-12-31 00:00:00,70.28867920795251,70.30597196323494,70.22816775497148,70.2454605102539,4911200,344989505.657959
2022-01-03 00:00:00,70.1503776407725,70.1503776407725,70.08121980275756,70.14173126220703,3450600,242031057.89337158
2022-01-04 00:00:00,70.13308773337495,70.1935991952832,70.10715519187923,70.1849594116211,2041700,143296631.6307068
2022-01-05 00:00:00,70.15900428295991,70.17629043997367,70.02068864583948,70.02933502197266,3616400,253254087.1734619
2022-01-06 00:00:00,69.96885396629496,69.97749375092772,69.92562866210938,69.92562866210938,6299400,440489505.1940918
2022-01-07 00:00:00,69.8910423417299,69.92562126236804,69.865109800065,69.89968872070312,3232800,225971713.69628906
2022-01-10 00:00:00,69.8478003953782,69.86508655231789,69.80457511015015,69.82186126708984,5635100,393453170.426178
2022-01-11 00:00:00,69.76138088455804,69.87376403808594,69.76138088455804,69.87376403808594,4637300,324025605.9738159
2022-01-12 00:00:00,69.8823984679989,69.89969122656527,69.85646592540431,69.8651123046875,3961800,276791601.92871094
2022-01-13 00:00:00,69.865109800065,69.90833509967635,69.85646342109177,69.89968872070312,5302700,370657079.37927246
2022-01-14 00:00:00,69.83918728806363,69.83918728806363,69.76138305664062,69.76138305664062,3148700,219657666.83044434
2022-01-18 00:00:00,69.64898213311861,69.65762851030922,69.55389176978204,69.56253814697266,4394300,305678661.37924194
2022-01-19 00:00:00,69.61440321960956,69.64898213311861,69.56253814697266,69.56253814697266,3737400,259983030.0704956
2022-01-20 00:00:00,69.5798397988194,69.59713255705105,69.52797471463417,69.53662109375,4433400,308283655.95703125
2022-01-21 00:00:00,69.64896619943131,69.68354510502972,69.63168004425806,69.64031982421875,4159200,289648018.2128906
2022-01-24 00:00:00,69.65764059568558,69.73543821813855,69.64034783830411,69.6749267578125,9596000,668600597.1679688
2022-01-25 00:00:00,69.65764332968082,69.7095084133518,69.61441802978516,69.61441802978516,4087200,284528049.3713379
2022-01-26 00:00:00,69.64896919315105,69.68354810023574,69.4069234388103,69.42420959472656,5138500,356736301.00250244
2022-01-27 00:00:00,69.38101982258159,69.42423852801019,69.33779452189808,69.35508728027344,4850300,336392979.83551025
2022-01-28 00:00:00,69.31186174952305,69.41559851366621,69.31186174952305,69.38101959228516,4180400,290040414.30358887
2022-01-31 00:00:00,69.37238060862404,69.44153845875877,69.33780168355668,69.4069595336914,5662500,393016908.3595276
2022-02-01 00:00:00,69.43205492122685,69.47532698378625,69.35415464318424,69.44071197509766,3000000,208322135.92529297
2022-02-02 00:00:00,69.49262237548828,69.5185869267105,69.48396532394904,69.49262237548828,4939900,343286605.27267456
2022-02-03 00:00:00,69.42339497705599,69.42339497705599,69.36280880927737,69.39743041992188,2551400,177060603.97338867
2022-02-04 00:00:00,69.19836541027323,69.2070224647345,69.09450717032901,69.13777923583984,6190300,427983594.8036194
2022-02-07 00:00:00,69.12044702239902,69.22431182861328,69.11178997103231,69.22431182861328,26102800,1806948366.7999268
2022-02-08 00:00:00,69.15510501872924,69.18106958309833,69.11182634251485,69.1204833984375,6117900,422872205.3833008
2022-02-09 00:00:00,69.12913814691191,69.18972432955046,69.11182403564453,69.11182403564453,10124700,699736484.8136902
2022-02-10 00:00:00,68.93869601946086,68.97331762527644,68.69635138214788,68.70500183105469,9865600,677816066.0644531
2022-02-11 00:00:00,68.81751326166486,68.93868556194036,68.7223055109634,68.92137145996094,6545100,451097268.34259033
2022-02-14 00:00:00,68.74827344545892,68.80020254716376,68.71365184319055,68.73961639404297,7723800,530931049.1043091
2022-02-15 00:00:00,68.7223129272461,68.79155613584604,68.7049988233982,68.7223129272461,4701200,323077337.53356934
2022-02-16 00:00:00,68.75695986482219,68.80023193359375,68.70502413753877,68.80023193359375,10822300,744576750.0549316
2022-02-17 00:00:00,68.80020372724415,68.85213943323525,68.78289622751082,68.8088607788086,8068100,555156769.6495056
2022-02-18 00:00:00,68.83481409719235,68.86077864425305,68.7742279529192,68.79154205322266,3363500,231380351.6960144
2022-02-22 00:00:00,68.72231593566053,68.7482804891732,68.65307272402937,68.70500183105469,5628600,386712973.3062744
2022-02-23 00:00:00,68.64440858954829,68.6790301917919,68.5924794878806,68.60978698730469,8229100,564596798.097229
2022-02-24 00:00:00,68.54917685732208,68.71362775960925,68.53186936395176,68.67034912109375,11538400,792345956.2988281
2022-02-25 00:00:00,68.62712917704388,68.67040124501172,68.58385050567793,68.66175079345703,3264100,224118820.7649231
2022-02-28 00:00:00,68.80885621067515,68.93868556194036,68.80885621067515,68.92137145996094,6668700,459615949.8550415
2022-03-01 00:00:00,69.00977077498179,69.20907362607556,69.00977077498179,69.06175994873047,5941400,410323540.5593872
2022-03-02 00:00:00,68.9664255600189,68.9664255600189,68.72380065917969,68.72380065917969,3240200,222678858.89587402
2022-03-03 00:00:00,68.7584698642767,68.77580399397566,68.70648069724675,68.73247528076172,3214600,220947415.03753662
2022-03-04 00:00:00,68.82779316100562,68.87978232803559,68.72380821591224,68.73247528076172,3766700,258894614.64004517
2022-03-07 00:00:00,68.56783935845134,68.64582972600648,68.411865234375,68.411865234375,5845800,399922081.7871094
2022-03-08 00:00:00,68.29922116114838,68.34254987852928,68.06526327598017,68.19523620605469,7137100,486716220.3262329
2022-03-09 00:00:00,68.12591181961037,68.24722428133505,68.12591181961037,68.20389556884766,4534400,309263744.0673828
2022-03-10 00:00:00,68.16057230555333,68.16923275907652,68.00459819870409,68.03925323486328,5856800,398492298.34594727
2022-03-11 00:00:00,68.02194594321064,68.04794053357618,67.93529510498047,67.93529510498047,2663800,180966039.10064697
2022-03-14 00:00:00,67.77934033419515,67.79666786238215,67.62336613636377,67.64069366455078,6516400,440773816.1956787
2022-03-15 00:00:00,67.70130905971676,67.78796648144953,67.70130905971676,67.71864318847656,11805300,799438898.4329224
2022-03-16 00:00:00,67.71865458202788,67.91795081906508,67.58000797275486,67.81397247314453,10383200,704126038.9831543
2022-03-17 00:00:00,67.80530800116091,67.9352875495681,67.79664093499123,67.92662048339844,5078900,344992512.7731323
2022-03-18 00:00:00,67.86596424227967,67.9352875495681,67.8486367209748,67.92662048339844,4216100,286385424.62005615
2022-03-21 00:00:00,67.81397389190178,67.83130141290633,67.58867645263672,67.58867645263672,4833200,326669591.0308838
2022-03-22 00:00:00,67.58865988865425,67.64064904996121,67.5366707273473,67.62332153320312,6622500,447835446.8536377
2022-03-23 00:00:00,67.69268947118596,67.69268947118596,67.61469906675173,67.64069366455078,4820100,326034907.5325012
2022-03-24 00:00:00,67.63196448160788,67.6579590529925,67.5193125242341,67.6492919921875,4519000,305707150.5126953
2022-03-25 00:00:00,67.5107081570471,67.54536320699503,67.32007232715424,67.38938903808594,6332400,426736567.1447754
2022-03-28 00:00:00,67.3373692144565,67.44135415009598,67.32004169736634,67.40669250488281,3353300,226034861.97662354
2022-03-29 00:00:00,67.40672916147466,67.63202667236328,67.38939502392515,67.63202667236328,6169000,417221972.5418091
2022-03-30 00:00:00,67.5973561387451,67.66667284673868,67.56269447923052,67.65801239013672,6746600,456461546.3912964
2022-03-31 00:00:00,67.64067716147284,67.76198966229511,67.64067716147284,67.66667175292969,4666200,315746223.7335205
2022-04-01 00:00:00,67.4375970179956,67.6198130937854,67.42891817057107,67.55907440185547,5340100,360772213.2133484
2022-04-04 00:00:00,67.55906387090265,67.64583247155998,67.52435510663572,67.63715362548828,3665100,247896931.7527771
2022-04-05 00:00:00,67.58511448794732,67.58511448794732,67.32480198623122,67.33348083496094,8286300,557945422.2427368
2022-04-06 00:00:00,67.22936222078926,67.4115783269374,67.15126582099889,67.27274322509766,18131100,1219728834.688568
2022-04-07 00:00:00,67.32476806640625,67.42021549427866,67.30741699771062,67.32476806640625,6136000,413104776.85546875
2022-04-08 00:00:00,67.14254837473236,67.26402570899897,67.12519730698779,67.1859359741211,5183000,348224706.1538696
2022-04-11 00:00:00,67.07315983799953,67.1425707521294,67.07315983799953,67.09918975830078,4758600,319298204.3838501
2022-04-12 00:00:00,67.23803601577414,67.36819227177506,67.22068493765104,67.29877471923828,5292600,356185495.0790405
2022-04-13 00:00:00,67.35950387658025,67.45495134278606,67.31612287740931,67.37686157226562,7623600,513654241.8823242
2022-04-14 00:00:00,67.38553603326547,67.38553603326547,67.17728341872588,67.19464111328125,3801500,255440428.19213867
2022-04-18 00:00:00,67.19463115093482,67.19463115093482,66.9690274953089,67.12521362304688,8409300,564476058.9202881
2022-04-19 00:00:00,66.95167838259262,67.10785789488114,66.79549225028408,66.8128433227539,7142200,477190689.57977295
2022-04-20 00:00:00,66.87357645839344,66.98637497013927,66.87357645839344,66.9256362915039,5628700,376704328.99398804
2022-04-21 00:00:00,66.83021450308597,66.88228097620124,66.58725969528805,66.65667724609375,6130600,408645425.52490234
2022-04-22 00:00:00,66.52652099333858,66.72609479689945,66.43975236484246,66.65667724609375,4392500,292789454.8034668
2022-04-25 00:00:00,66.82153708816092,67.02110425621116,66.82153708816092,66.91698455810547,7572300,506715482.16934204
2022-04-26 00:00:00,67.05579218450139,67.11653086285614,67.00373235163144,67.0297622680664,4706400,315468873.13842773
2022-04-27 00:00:00,67.05579249429954,67.1165311729349,66.89960637494868,66.9256362915039,5882000,393656592.666626
2022-04-28 00:00:00,66.89092620143032,66.90828389213551,66.75209777588543,66.8562240600586,4639600,310186137.14904785
2022-04-29 00:00:00,66.61325332357596,66.76076719366172,66.59590225534032,66.63928985595703,5492800,366036291.3208008
2022-05-02 00:00:00,66.59413790897,66.65496214393652,66.54200474452567,66.60282897949219,7305100,486540325.9780884
2022-05-03 00:00:00,66.65496826171875,66.75924122952229,66.62021060578424,66.65496826171875,9779600,651858927.6123047
2022-05-04 00:00:00,66.5680715637157,67.00253228055013,66.45511416390276,66.9590835571289,7353500,492383620.9373474
2022-05-05 00:00:00,66.84611712175581,66.84611712175581,66.59412914453164,66.7418441772461,7185300,479560172.96676636
2022-05-06 00:00:00,66.56804507876818,66.73314220686947,66.55066294457762,66.62017822265625,4266600,284241652.40478516
2022-05-09 00:00:00,66.62017594132338,66.81133963482252,66.61149150386728,66.76789093017578,6344000,423575500.06103516
2022-05-10 00:00:00,66.86349757129913,66.93301287277501,66.79398889916729,66.80267333984375,6692400,447070211.0595703
2022-05-11 00:00:00,66.76791906757558,66.87219202506562,66.68102825100605,66.7853012084961,9741700,650602368.7828064
2022-05-12 00:00:00,66.91561582769995,67.47172480185526,66.87216712092393,66.8895492553711,4748200,317604957.774353
2022-05-13 00:00:00,66.82006803226079,66.87220120348908,66.75924378937937,66.86351013183594,5051900,337787766.835022
2022-05-16 00:00:00,66.87216444537478,66.97643735986016,66.87216444537478,66.95037078857422,8438100,564933923.7510681
2022-05-17 00:00:00,66.72447323550065,66.79398853659919,66.67234007434875,66.71578216552734,6127300,408787612.0628357
2022-05-18 00:00:00,66.62019416676767,66.7418426178483,66.61150972693575,66.66364288330078,5355400,357010473.097229
2022-05-19 00:00:00,66.76789499870182,66.88085898593022,66.75921056071654,66.7939682006836,5740400,383424095.0592041
2022-05-20 00:00:00,66.88084411621094,66.89821961766036,66.81132885173228,66.88084411621094,4792200,320506381.17370605
2022-05-23 00:00:00,66.82873316360215,66.89824182181088,66.77659338326724,66.83741760253906,5481000,366335885.8795166
2022-05-24 00:00:00,66.89824276964487,67.15892178698476,66.89824276964487,67.1067886352539,7578000,508535244.2779541
2022-05-25 00:00:00,67.20237649167031,67.3240315841285,67.20237649167031,67.29795837402344,2379400,160128762.15515137
2022-05-26 00:00:00,67.367445013938,67.46302685562554,67.29792974192138,67.33268737792969,5283200,355732053.9550781
2022-05-27 00:00:00,67.37613074151955,67.46302150998466,67.35006417391409,67.45433044433594,3606900,243301024.4796753
2022-05-31 00:00:00,67.2631695197365,67.3066115867891,67.15889662599767,67.25447845458984,5784300,389020079.72488403
2022-06-01 00:00:00,67.24232344586422,67.26843578864063,66.98125977174485,67.04217529296875,4879800,327152406.9946289
2022-06-02 00:00:00,67.05088911870507,67.08569230219337,66.97256535761935,67.06829071044922,4016400,269373082.80944824
2022-06-03 00:00:00,66.98992816967672,67.01603385924076,66.93771015125829,66.9812240600586,2363000,158276632.45391846
2022-06-06 00:00:00,66.9986652116415,66.9986652116415,66.87683416219159,66.9116439819336,3112800,208282565.3869629
2022-06-07 00:00:00,66.90295059709436,66.9986759569138,66.90295059709436,66.94646453857422,3808700,254978999.48806763
2022-06-08 00:00:00,66.8942677351664,66.95518328296971,66.85075378417969,66.85075378417969,2429200,162393851.0925293
2022-06-09 00:00:00,66.87681752700585,66.87681752700585,66.69407099828803,66.72017669677734,4684300,312537323.7007141
2022-06-10 00:00:00,66.50263078608165,66.50263078608165,66.29377852612178,66.3111801147461,9321600,618126296.5576172
2022-06-13 00:00:00,65.83256916681826,65.95440022189352,65.54539312015747,65.70203399658203,7375600,484591921.9451904
2022-06-14 00:00:00,65.78032922995153,65.96308239105677,65.42354029859081,65.44964599609375,5775800,378024065.3442383
2022-06-15 00:00:00,65.7107263009837,66.01530388392749,65.55408545271355,65.9195785522461,8806000,580487808.7310791
2022-06-16 00:00:00,65.68462267781705,65.94568634033203,65.65851033620133,65.94568634033203,5231600,345001452.65808105
2022-06-17 00:00:00,65.93699952897356,66.01532329578647,65.83257669228342,65.9631118774414,4827300,318423729.9659729
2022-06-21 00:00:00,65.96310117479747,66.02401669941483,65.91088312562957,65.9369888305664,5621300,370651595.31326294
2022-06-22 00:00:00,66.07623330616332,66.15455042713343,65.9631063627749,65.99790954589844,6598200,435467406.7657471
2022-06-23 00:00:00,66.11104444973044,66.3547065722331,66.11104444973044,66.18936157226562,8451400,559392770.3918457
2022-06-24 00:00:00,66.15455382781185,66.34600454130667,66.13715223535554,66.21546936035156,5554300,367780581.4682007
2022-06-27 00:00:00,66.16325520461528,66.2154666191178,66.0849380828615,66.09363555908203,6073400,401413086.2045288
2022-06-28 00:00:00,66.1371331663434,66.1371331663434,65.98049232221982,66.07621765136719,8938400,590615663.8549805
2022-06-29 00:00:00,66.12840655148923,66.26764576079496,66.03268125491427,66.25894165039062,9002200,596476244.5251465
2022-06-30 00:00:00,66.32859350106308,66.45042454878899,66.30248779644955,66.3634033203125,5690800,377660855.6152344
2022-07-01 00:00:00,66.63183602325995,66.79743722699017,66.57954370611674,66.7364273071289,2971000,198273925.52947998
2022-07-05 00:00:00,66.79742657189963,66.81486177455459,66.67540675164093,66.75384521484375,4448300,296941129.66918945
2022-07-06 00:00:00,66.86715722851797,66.86715722851797,66.58825381915365,66.60568237304688,7403100,493088527.1759033
2022-07-07 00:00:00,66.60569279728874,66.64055656011342,66.46624439557287,66.61441040039062,4218400,281006228.8330078
2022-07-08 00:00:00,66.51852696604686,66.56210832558612,66.44879945061679,66.5272445678711,2284500,151981490.2153015
2022-07-11 00:00:00,66.55340825889917,66.63184674723816,66.47496312097655,66.48368072509766,3000600,199490932.38372803
2022-07-12 00:00:00,66.54466269232024,66.62310779727976,66.50979894006943,66.51851654052734,13693600,910877958.0993652
2022-07-13 00:00:00,66.27447413675918,66.5446598933625,66.21346423528163,66.50979614257812,5031000,334610784.39331055
2022-07-14 00:00:00,66.22217690084808,66.48364503787697,66.19602410252314,66.4139175415039,4369500,290195612.6976013
2022-07-15 00:00:00,66.39653021150569,66.59699522563292,66.38781260665212,66.5011215209961,4518700,300498617.81692505
2022-07-18 00:00:00,66.51852664839788,66.59697176527759,66.42265297753482,66.44879913330078,4533900,301272210.3904724
2022-07-19 00:00:00,66.42265856620122,66.50110368968113,66.40523001075145,66.46623992919922,5400400,358944282.11364746
2022-07-20 00:00:00,66.50980971012854,66.55339106989446,66.370361328125,66.370361328125,1807400,119957791.06445312
2022-07-21 00:00:00,66.45753424609768,66.7625838930483,66.44881664201806,66.74515533447266,4497900,300213034.17892456
2022-07-22 00:00:00,66.91947157462614,67.11993658310615,66.90204301499415,67.05020904541016,3390500,227333733.76846313
2022-07-25 00:00:00,66.90200279889874,66.98915884383554,66.89328519953105,66.9630126953125,4301000,288007917.60253906
2022-07-26 00:00:00,66.91075738960012,66.99792014096671,66.86718266350115,66.87590026855469,5169700,345728341.61834717
2022-07-27 00:00:00,66.89329731928838,67.15477215105292,66.89329731928838,67.11119079589844,3785100,254022568.28155518
2022-07-28 00:00:00,67.37268044011242,67.41625515526599,67.26808915449509,67.3988265991211,5826700,392712742.9450989
2022-07-29 00:00:00,67.39879565764919,67.48595169752734,67.32906816591483,67.45108795166016,4323900,291651759.19418335
2022-08-01 00:00:00,67.38737745864114,67.46594485078411,67.37864552823258,67.41356658935547,5449800,367390455.19866943
2022-08-02 00:00:00,67.3786621915548,67.43104046593703,67.07311115680332,67.1080322265625,3982500,267257738.34228516
2022-08-03 00:00:00,67.03817363556507,67.22150421142578,66.95959958276113,67.22150421142578,4254100,285967001.0658264
2022-08-04 00:00:00,67.26515707496671,67.41356658935547,67.18658302231238,67.41356658935547,5395600,363736639.88952637
2022-08-05 00:00:00,67.02072125578685,67.05564232295843,66.95088578195622,67.0381851196289,3293200,220770151.2359619
2022-08-08 00:00:00,67.0992865383,67.15166480194443,67.03817634387761,67.05563354492188,2953500,198048813.67492676
2022-08-09 00:00:00,66.97707632770853,66.98580825981344,66.90723419189453,66.90723419189453,4369100,292324396.9078064
2022-08-10 00:00:00,67.09933592758885,67.30012385969272,67.09933592758885,67.16044616699219,3159900,212220293.8430786
2022-08-11 00:00:00,67.29137459967953,67.3874058931606,67.05565900276626,67.08184814453125,4067800,272875541.8823242
2022-08-12 00:00:00,67.16041555444356,67.2564468383789,67.1080372761201,67.2564468383789,1774300,119333113.6253357
2022-08-15 00:00:00,67.25646350736547,67.3175737340597,67.25646350736547,67.30010986328125,2220300,149426433.92944336
2022-08-16 00:00:00,67.30008803159842,67.30008803159842,67.15167848070048,67.20406341552734,4781100,321309347.5959778
2022-08-17 00:00:00,67.04692210740255,67.0905684492739,66.89850589560349,67.01200103759766,2881700,193108483.39004517
2022-08-18 00:00:00,67.12548961233388,67.1691426147789,67.07311133781029,67.09056854248047,4372800,293373638.1225586
2022-08-19 00:00:00,66.95959070162824,66.95959070162824,66.8111812066411,66.88975524902344,8532800,570756903.5888672
2022-08-22 00:00:00,66.80246839399553,66.83738946054642,66.69771185485527,66.7064437866211,3033000,202320644.00482178
2022-08-23 00:00:00,66.75008002023955,66.88103233485458,66.68023789771001,66.7588119506836,4821300,321864260.0578308
2022-08-24 00:00:00,66.67151527207547,66.7326254665847,66.6627833412851,66.68897247314453,3489300,232697831.6505432
2022-08-25 00:00:00,66.8373857591135,66.91595981962969,66.74135449654484,66.87230682373047,9409500,629234971.0578918
2022-08-26 00:00:00,66.88104015739292,66.88104015739292,66.70644149115907,66.7413558959961,2403500,160412848.8960266
2022-08-29 00:00:00,66.59294500963017,66.6540552076207,66.5667558762788,66.60167694091797,4861100,323757411.77749634
2022-08-30 00:00:00,66.62786607426933,66.6627871389085,66.49691374700048,66.60167694091797,4142900,275924087.39852905
2022-08-31 00:00:00,66.57548910584748,66.60167823970954,66.3834265768427,66.39215850830078,5379500,357156616.69540405
2022-09-01 00:00:00,66.33616972425929,66.38864849043996,66.1700058699431,66.34491729736328,6742200,447310701.4022827
2022-09-02 00:00:00,66.52860259887022,66.60731744303818,66.44114685058594,66.44114685058594,5733900,380966891.9265747
2022-09-06 00:00:00,66.36240858731132,66.36240858731132,66.21373320045058,66.22248077392578,5549100,367475168.06259155
2022-09-07 00:00:00,66.32744932270127,66.43240022561328,66.25748872653925,66.42365264892578,7101800,471727496.3821411
2022-09-08 00:00:00,66.44987772901578,66.5023498303115,66.38865805335604,66.4148941040039,5204500,345656316.36428833
2022-09-09 00:00:00,66.44988965448978,66.56358145184902,66.37992239190929,66.40615844726562,5909500,392427193.3441162
2022-09-12 00:00:00,66.4586186309356,66.52858588095937,66.371162904628,66.4148941040039,2609700,173322949.143219
2022-09-13 00:00:00,66.1262621941723,66.16999337899381,66.07379011034008,66.135009765625,5534600,366030825.0488281
2022-09-14 00:00:00,66.04759597319467,66.15254689049124,66.04759597319467,66.1000747680664,4005000,264730799.44610596
2022-09-15 00:00:00,66.01259422587579,66.10004995456922,66.01259422587579,66.03008270263672,7327300,483822224.98703
2022-09-16 00:00:00,66.00384665127314,66.07381390320563,65.89889577337439,66.03008270263672,8910400,588354448.9135742
2022-09-19 00:00:00,65.85517265842127,65.96886444091797,65.85517265842127,65.96886444091797,3780600,249401888.90533447
2022-09-20 00:00:00,65.8639197361732,65.89015579055967,65.8027000517897,65.85517883300781,3093300,203709824.68414307
2022-09-21 00:00:00,65.87263818206463,65.8988742248492,65.59277593829226,65.79393005371094,5184600,341115209.7564697
2022-09-22 00:00:00,65.61028048527093,65.64526410836949,65.4528575175493,65.51408386230469,5466700,358145842.25006104
2022-09-23 00:00:00,65.41788909897296,65.44412515160774,65.27795458832784,65.32168579101562,4732500,309134878.00598145
2022-09-26 00:00:00,65.1817483224737,65.24296799999165,64.90188598632812,64.90188598632812,4424000,287125943.6035156
2022-09-27 00:00:00,65.05056901903951,65.05931659469458,64.69199848652416,64.72698211669922,11783100,762684502.9792786
2022-09-28 00:00:00,64.97186045334347,65.33917855924042,64.97186045334347,65.31294250488281,9254200,604419032.5286865
2022-09-29 00:00:00,65.01558638606129,65.11178970240697,64.92813064550482,65.07681274414062,6272700,408207323.3001709
2022-09-30 00:00:00,65.08554360041435,65.22547810165963,64.96310424804688,64.96310424804688,9671400,628284166.4245605
2022-10-03 00:00:00,65.25579096416877,65.55371938622183,65.22950394874124,65.3609390258789,5217300,341007627.179718
2022-10-04 00:00:00,65.56248527862017,65.61505931053811,65.43980808054106,65.51866912841797,3479900,227998416.6999817
2022-10-05 00:00:00,65.30836808207943,65.39599369944843,65.21197789735172,65.32589721679688,4526400,295691141.1621094
2022-10-06 00:00:00,65.3258561985987,65.3258561985987,65.2119369506836,65.2119369506836,10863900,708455961.8385315
2022-10-07 00:00:00,65.14188577066405,65.15065033950835,65.0016860961914,65.0016860961914,3083800,200452199.58343506
2022-10-10 00:00:00,65.124342398674,65.124342398674,64.83517188836665,64.9140396118164,1936200,125686563.49639893
2022-10-11 00:00:00,64.94033627870924,65.04549103047317,64.80889451035586,64.82642364501953,16251900,1053552554.4364929
2022-10-12 00:00:00,64.80886062678579,64.86143463247781,64.7124704927487,64.75628662109375,14272200,924214673.9135742
2022-10-13 00:00:00,64.19548687702324,64.77382110336201,64.19548687702324,64.73876953125,8927400,577948891.1132812
2022-10-14 00:00:00,64.82644238475083,64.92282591163898,64.48469101407767,64.5022201538086,6396300,412575550.7698059
2022-10-17 00:00:00,64.72123380610732,64.81762393828369,64.58102754643173,64.65113067626953,24533800,1586137909.7854614
2022-10-18 00:00:00,64.7738493679971,64.83518797460782,64.60736268457185,64.72127532958984,4604100,297983223.7449646
2022-10-19 00:00:00,64.46713309538178,64.55475868960825,64.3970299458389,64.4233169555664,3347400,215650611.177063
2022-10-20 00:00:00,64.36198626170744,64.50219257798223,64.25683820990649,64.27436065673828,5660600,363831445.9335327
2022-10-21 00:00:00,64.309428496578,64.59859908295824,64.309428496578,64.58106994628906,9489600,612848521.3623047
2022-10-24 00:00:00,64.52846474868011,64.68619347550734,64.46712617076972,64.57228088378906,5654800,365143333.9416504
2022-10-25 00:00:00,64.70370592999916,64.88772832072638,64.70370592999916,64.75628662109375,5865900,379853901.6906738
2022-10-26 00:00:00,64.82640530671085,64.93155334332411,64.74753759384676,64.8614501953125,6473400,419874111.69433594
2022-10-27 00:00:00,64.9140604639701,65.06302470728704,64.88777344284443,65.0016860961914,10654500,692560464.5118713
2022-10-28 00:00:00,64.81763595637966,65.03670326368909,64.81763595637966,64.9753646850586,17232600,1119694469.4717407
2022-10-31 00:00:00,64.8351821899414,64.89652079107942,64.77384358880339,64.8351821899414,4539400,294312826.03302
2022-11-01 00:00:00,65.00904216174229,65.0441640036098,64.79831780934362,64.85977935791016,11465100,743623856.3163757
2022-11-02 00:00:00,64.86852017350779,65.17583445113121,64.7104753188568,64.75437927246094,9398700,608606984.4680786
2022-11-03 00:00:00,64.52612560707075,64.75441423121269,64.50856803543203,64.71051025390625,6241800,403910062.90283203
2022-11-04 00:00:00,64.78951810448196,64.91244116828064,64.67537717347021,64.8773193359375,3216300,208664922.18017578
2022-11-07 00:00:00,64.79829866778098,64.87731776453568,64.78073440263256,64.82463836669922,5299500,343538171.0243225
2022-11-08 00:00:00,64.86853277774763,64.98268039977668,64.84219307998835,64.92121887207031,12791000,830407310.5926514
2022-11-09 00:00:00,64.91244679858623,65.0617095748877,64.90366466503757,65.03536987304688,9924900,645469542.4530029
2022-11-10 00:00:00,65.50070102679756,65.82557287369673,65.50070102679756,65.79045104980469,8863800,583153400.0152588
2022-11-11 00:00:00,65.7728987880965,65.82557817877868,65.6850908718882,65.80801391601562,2784100,183216091.5435791
2022-11-14 00:00:00,65.641193480965,65.755334393482,65.641193480965,65.67631530761719,5606200,368194558.8775635
2022-11-15 00:00:00,65.86949710304927,65.9924268864127,65.78169585676598,65.89584350585938,8213100,541209152.2979736
2022-11-16 00:00:00,65.94853225344465,66.07145535541065,65.94853225344465,66.0187759399414,15195300,1003175106.0401917
2022-11-17 00:00:00,65.86072166758493,65.90461894132372,65.76413828703161,65.89584350585938,6943900,457574147.7203369
2022-11-18 00:00:00,65.93093947196606,65.93972160368216,65.82558068658776,65.86070251464844,8713000,573844301.0101318
2022-11-21 00:00:00,65.87827074219925,65.9485144096901,65.8343734741211,65.8343734741211,8055400,530322212.08343506
2022-11-22 00:00:00,65.86947882479762,65.95728674552062,65.8607033917684,65.92216491699219,3418300,225341736.3357544
2022-11-23 00:00:00,65.93969307070205,66.06261606632214,65.89579582872392,66.05384063720703,3385800,223645093.62945557
2022-11-25 00:00:00,66.14170893930464,66.14170893930464,66.04512553062058,66.06268310546875,981200,64820704.66308594
2022-11-28 00:00:00,66.15046519898007,66.15046519898007,65.99242697474206,66.02754211425781,6157100,406538179.5516968
2022-11-29 00:00:00,65.87826695191282,66.01875427881164,65.86948481928053,65.93094635009766,6325400,417039608.0429077
2022-11-30 00:00:00,65.87825860468892,66.29093170166016,65.83436134469846,66.29093170166016,8318700,551454373.5466003
2022-12-01 00:00:00,66.29093731542478,66.50208109333005,66.29093731542478,66.4668960571289,8519400,566258074.269104
2022-12-02 00:00:00,66.26454372215865,66.5724631231817,66.23815158951948,66.55487060546875,7111400,473298306.82373047
2022-12-05 00:00:00,66.48447529340395,66.48447529340395,66.24693942973131,66.29092407226562,6164800,408670288.7207031
2022-12-06 00:00:00,66.28214998580705,66.3701327290367,66.27335708119682,66.32614135742188,3576300,237202179.33654785
2022-12-07 00:00:00,66.42291553980333,66.57247546056857,66.41411592324633,66.56368255615234,5955200,396400042.35839844
2022-12-08 00:00:00,66.47569010099558,66.53727398361404,66.43170544891943,66.44049835205078,3547200,235677735.75439453
2022-12-09 00:00:00,66.5108706864584,66.5108706864584,66.38770294189453,66.38770294189453,5013100,332808193.6180115
2022-12-12 00:00:00,66.44929179689315,66.519675288247,66.33492365754752,66.3525161743164,4845300,321497846.6194153
2022-12-13 00:00:00,66.71324891747362,66.81881747778628,66.54608974745668,66.60767364501953,11773400,784198784.892273
2022-12-14 00:00:00,66.76599675219128,66.76599675219128,66.43168530678881,66.62523651123047,7650600,509723034.4528198
2022-12-15 00:00:00,66.66045850019334,66.71324949294647,66.55488993897004,66.66925811767578,12424300,828318863.6314392
2022-12-16 00:00:00,66.56366087017345,66.71322074221312,66.51086990017112,66.68682861328125,6426300,428549566.7175293
2022-12-19 00:00:00,66.63404727751748,66.63404727751748,66.4492956361436,66.51087951660156,7214100,479816135.92071533
2022-12-20 00:00:00,66.4404872003823,66.4404872003823,66.32611906961259,66.38770294189453,6730900,446848989.7315979
2022-12-21 00:00:00,66.50207962805085,66.58126273810794,66.47568749541166,66.55487060546875,6055700,403036329.9255371
2022-12-22 00:00:00,66.50209309638159,66.61646797716786,66.50209309638159,66.53728485107422,4464900,297082323.1315613
2022-12-23 00:00:00,66.54522653937465,66.54522653937465,66.40414425807111,66.527587890625,3005500,199948665.40527344
2022-12-27 00:00:00,66.43940010783382,66.43940010783382,66.28950526254015,66.29832458496094,3512000,232839715.9423828
2022-12-28 00:00:00,66.34239997562929,66.37767053401117,66.26304626464844,66.26304626464844,4535400,300529420.0286865
2022-12-29 00:00:00,66.37770106029804,66.39533971118635,66.30715991109328,66.38652038574219,3092300,205287036.98883057
2022-12-30 00:00:00,66.30713718020978,66.36004638756256,66.24541537760815,66.29832458496094,4306600,285520364.6575928
2023-01-03 00:00:00,66.474670023907,66.52757250357338,66.34240709756915,66.36885833740234,3823300,253748056.08139038
2023-01-04 00:00:00,66.49233220387464,66.5628666260052,66.41297172911314,66.48351287841797,4792200,318602290.4159546
2023-01-05 00:00:00,66.33357963430544,66.41293333601857,66.26303852578019,66.35121154785156,3351100,222349545.01800537
2023-01-06 00:00:00,66.50112963161699,66.80973868045649,66.4217759021323,66.76565551757812,3592100,239828911.18469238
2023-01-09 00:00:00,66.82736930310345,66.9331809902172,66.79209874073221,66.84500122070312,8465600,565883042.3339844
2023-01-10 00:00:00,66.79209861221942,66.83618849689162,66.73919613235029,66.80973052978516,7520000,502409173.5839844
2023-01-11 00:00:00,66.83621922257852,66.94202423095703,66.83621922257852,66.94202423095703,4143000,277340806.388855
2023-01-12 00:00:00,67.12714451520559,67.1800537109375,67.01252025759895,67.1800537109375,3732700,250762986.4868164
2023-01-13 00:00:00,67.07425689697266,67.14479802211946,67.02135441669853,67.07425689697266,9639000,646528762.2299194
2023-01-17 00:00:00,67.08307660519252,67.18006897103417,67.03016739744216,67.11834716796875,10662000,715615817.5048828
2023-01-18 00:00:00,67.39169311523438,67.44459560169608,67.30352006207393,67.39169311523438,8730300,588349698.4039307
2023-01-19 00:00:00,67.35643005371094,67.37406870261206,67.28588891245346,67.35643005371094,10769800,725415280.392456
2023-01-20 00:00:00,67.25061073246803,67.2947006225586,67.18007632636497,67.2947006225586,5258500,353869183.22372437
2023-01-23 00:00:00,67.25060323857194,67.29469312374945,67.1977007580965,67.2065200805664,5559000,373601045.12786865
2023-01-24 00:00:00,67.18887342959577,67.31231702077727,67.17124151392893,67.2858657836914,4248500,285864000.78201294
2023-01-25 00:00:00,67.31231689453125,67.35640677437246,67.25059509905627,67.31231689453125,2896600,194976857.11669922
2023-01-26 00:00:00,67.3299556636153,67.33877498503432,67.23296330951968,67.2858657836914,4014400,270112379.6020508
2023-01-27 00:00:00,67.19771587955078,67.26825702083984,67.19771587955078,67.23298645019531,5283100,355198590.71502686
2023-01-30 00:00:00,67.21534704163491,67.24179828487864,67.14480590820312,67.14480590820312,5921400,397591253.704834
2023-01-31 00:00:00,67.31232542307352,67.43577575683594,67.24179102443044,67.43577575683594,3598300,242654151.90582275
2023-02-01 00:00:00,67.45522402682155,67.64964602698801,67.27847368924478,67.61429595947266,6838400,462373601.4892578
2023-02-02 00:00:00,67.76452361487355,67.76452361487355,67.63196255720227,67.66731262207031,5386400,364483212.70751953
2023-02-03 00:00:00,67.46403423611072,67.47287343565822,67.33147995456686,67.34915161132812,5222200,351710739.54467773
2023-02-06 00:00:00,67.19011415503303,67.21662502492427,67.09290313720703,67.09290313720703,5576100,374116737.1833801
2023-02-07 00:00:00,67.11055755615234,67.26079026005893,67.07520749482113,67.11055755615234,6047700,405864518.9323425
2023-02-08 00:00:00,67.1724134190008,67.18124587691732,67.09287410141214,67.16357421875,4509000,302840556.15234375
2023-02-09 00:00:00,67.17244103477857,67.20779110798054,67.00452987265348,67.02220153808594,4065200,272458653.69262695
2023-02-10 00:00:00,67.07520324792928,67.07520324792928,66.94264221191406,66.94264221191406,3675200,246027598.65722656
2023-02-13 00:00:00,66.90731176532866,66.9691727012911,66.89847256238077,66.93382263183594,4758800,318524675.14038086
2023-02-14 00:00:00,66.88080778070672,66.88964698456412,66.71289661910109,66.8189468383789,3247100,216967802.27890015
2023-02-15 00:00:00,66.80123643475417,66.80123643475417,66.71286466551875,66.74821472167969,2791300,186314291.7526245
2023-02-16 00:00:00,66.73940149185322,66.80126242862286,66.65986889129357,66.712890625,3398900,226750443.9453125
2023-02-17 00:00:00,66.65102678947227,66.81009872600971,66.64219432912962,66.79242706298828,6193800,413698934.7427368
2023-02-21 00:00:00,66.67752194864384,66.67752194864384,66.53612845077056,66.54496765136719,2373200,157924517.2302246
2023-02-22 00:00:00,66.63334181378,66.66869187509641,66.55380249023438,66.55380249023438,1648900,109740564.92614746
2023-02-23 00:00:00,66.61567904631148,66.66870752189901,66.5803289766986,66.64219665527344,8594400,572749694.934082
2023-02-24 00:00:00,66.40359188248709,66.4831312324998,66.39475267863301,66.4389419555664,5305700,352505094.3336487
2023-02-27 00:00:00,66.52730886808588,66.58033060263186,66.49195879760971,66.53614807128906,3196700,212696104.53948975
2023-02-28 00:00:00,66.50963393982482,66.55381646899922,66.430094599573,66.52730560302734,3313000,220404963.4628296
2023-03-01 00:00:00,66.43342176851395,66.47770075645909,66.32714003474483,66.33599853515625,6241900,414062669.2565918
2023-03-02 00:00:00,66.30943026154242,66.40685349559148,66.26514451622701,66.39799499511719,5907700,392259435.0326538
2023-03-03 00:00:00,66.43343002601722,66.53085327148438,66.40686127853651,66.53085327148438,3004900,199918560.9954834
2023-03-06 00:00:00,66.6193897724329,66.6193897724329,66.46882909583388,66.5042495727539,2797900,186072239.87960815
2023-03-07 00:00:00,66.52197672001135,66.53968696117408,66.28284454345703,66.28284454345703,3754300,248845683.26950073
2023-03-08 00:00:00,66.30940592534458,66.38911212919211,66.1765554952118,66.21198272705078,4085700,270522297.8279114
2023-03-09 00:00:00,66.3359869461698,66.46883740090804,66.32712844730595,66.37141418457031,3433800,227906162.02697754
2023-03-10 00:00:00,66.6814193725586,66.8054113754744,66.59285462148407,66.6814193725586,8216800,547907886.7004395
2023-03-13 00:00:00,67.00910473104291,67.24823019306463,66.6991180206044,66.71683502197266,14827000,989210512.8707886
2023-03-14 00:00:00,66.69908905029297,66.8319394746273,66.39796772838486,66.69908905029297,17462300,1164719502.722931
2023-03-15 00:00:00,66.71685118928403,66.93826646064866,66.56629042644997,66.8408432006836,19063200,1274200362.1032715
2023-03-16 00:00:00,66.97365479048362,66.97365479048362,66.53967624575138,66.64595794677734,23486300,1565266962.1253967
2023-03-17 00:00:00,66.71682245898292,67.13308407102272,66.69910546095083,66.95594787597656,21153000,1416319165.4205322
2023-03-20 00:00:00,67.05337748480882,67.07109448452951,66.82310378782903,66.90281677246094,8473100,566874256.7947388
2023-03-21 00:00:00,66.93826782163143,67.21282060144725,66.86741331166026,67.0268325805664,10122800,678499220.8465576
2023-03-22 00:00:00,67.04452517224478,67.60249584499446,66.92053319097957,67.3810806274414,8906400,600122856.5002441
2023-03-23 00:00:00,67.36335087667456,67.57591431037551,67.36335087667456,67.48734283447266,5956700,402001855.0621033
2023-03-24 00:00:00,67.59365324162884,67.68221799806832,67.4785197339633,67.57594299316406,4631800,312998252.7557373
2023-03-27 00:00:00,67.32794494299569,67.41651644692614,67.15967395105338,67.16852569580078,3409600,229017805.21240234
2023-03-28 00:00:00,67.13309189553061,67.14194363852341,67.05337890920539,67.08880615234375,4449900,298538478.49731445
2023-03-29 00:00:00,67.10654096835759,67.23939148950949,66.95598019767927,67.20396423339844,6010400,403922706.62841797
2023-03-30 00:00:00,67.15968887881611,67.2836809034103,67.15968887881611,67.23939514160156,5640200,379243636.47766113
2023-03-31 00:00:00,67.26595575696204,67.53165678154862,67.26595575696204,67.51394653320312,5491300,370739334.5977783
2023-04-03 00:00:00,67.47928830158116,67.7989275775635,67.45265282425393,67.78116607666016,8938700,605875509.2094421
2023-04-04 00:00:00,67.69239119467198,67.87884634387132,67.61248474817042,67.86109161376953,6553000,444693733.34503174
2023-04-05 00:00:00,67.94098915803792,68.08305407635369,67.8877182006836,67.8877182006836,8058700,547086754.6638489
2023-04-06 00:00:00,67.95876861422171,67.95876861422171,67.79894892590696,67.8255844116211,5521900,374526094.5625305
2023-04-10 00:00:00,67.58584964175972,67.6835175929351,67.5414526552149,67.67463684082031,3590600,242992551.0406494
2023-04-11 00:00:00,67.67463824444403,67.71015447961072,67.56808953894398,67.63912200927734,5467400,369810135.67352295
2023-04-12 00:00:00,67.82555807492764,67.85219355029922,67.6568576988713,67.71900939941406,4819400,326364993.89953613
2023-04-13 00:00:00,67.85224914550781,67.89664615685564,67.79897815111673,67.85224914550781,5717900,387972375.3890991
2023-04-14 00:00:00,67.7012939453125,67.7989619276807,67.64802296366848,67.7012939453125,4349100,294439697.4975586
2023-04-17 00:00:00,67.63913259549115,67.63913259549115,67.49706763258979,67.55921936035156,6854000,463050889.4958496
2023-04-18 00:00:00,67.6036008129443,67.65687177477037,67.55032985111822,67.57696533203125,4518700,305360033.2458496
2023-04-19 00:00:00,67.56808992075017,67.56808992075017,67.45266723632812,67.45266723632812,2982500,201177580.03234863
2023-04-20 00:00:00,67.568104642805,67.64801788330078,67.568104642805,67.64801788330078,4324900,292570912.54348755
2023-04-21 00:00:00,67.72790270003841,67.76341893179121,67.57696379561047,67.6213607788086,3197100,216192252.54592896
2023-04-24 00:00:00,67.66575342261052,67.73678588867188,67.66575342261052,67.73678588867188,3984000,269863354.98046875
2023-04-25 00:00:00,67.86107231152307,67.99425645850545,67.8433175864714,67.958740234375,3535500,240268126.0986328
2023-04-26 00:00:00,67.94987867534437,67.98539490950535,67.77230427856844,67.8699722290039,3679600,249734349.81384277
2023-04-27 00:00:00,67.80784268263177,67.80784268263177,67.6746584544905,67.7012939453125,3517200,238118991.06445312
2023-04-28 00:00:00,67.8522107249089,67.88772695906988,67.77230427856844,67.8699722290039,8460300,574200326.0490417
2023-05-01 00:00:00,67.76583912728205,67.81923793127845,67.65013945519475,67.6590347290039,3372800,228200392.33398438
2023-05-02 00:00:00,67.71242121755863,67.89042170751226,67.67681976151121,67.85482025146484,9005000,611032656.3644409
2023-05-03 00:00:00,67.92604362150084,68.06844948858024,67.917141557237,68.0595474243164,9307600,633471043.6065674
2023-05-04 00:00:00,68.02395705513054,68.219761759166,67.88155116481872,68.08625793457031,10356300,705121713.0477905
2023-05-05 00:00:00,68.03284920308285,68.03284920308285,67.88154126911242,67.89934539794922,2818700,191387884.87319946
2023-05-08 00:00:00,67.79252895129719,67.854829810586,67.73913015484517,67.75692749023438,4228000,286476289.42871094
2023-05-09 00:00:00,67.75691162789184,67.79251308062011,67.73021223591634,67.74801635742188,3773700,255660689.32800293
2023-05-10 00:00:00,67.86375924697215,68.05066190022772,67.86375924697215,68.01506042480469,5017400,341258764.17541504
2023-05-11 00:00:00,68.13075179832745,68.18415060446848,68.06845092773438,68.06845092773438,4629200,315102473.03466797
2023-05-12 00:00:00,68.10404534757328,68.10404534757328,67.89044333353083,67.89934539794922,3979200,270185075.20751953
2023-05-15 00:00:00,67.89932725640406,67.89932725640406,67.83702640269217,67.88152313232422,2882600,195675278.5812378
2023-05-16 00:00:00,67.83703247519679,67.83703247519679,67.71243075661916,67.75692749023438,3407600,230888506.11572266
2023-05-17 00:00:00,67.70352587416485,67.76582673085906,67.62342768282264,67.67682647705078,4176900,282679336.5119934
2023-05-18 00:00:00,67.55225024947227,67.60564906384647,67.49884464481138,67.52555084228516,3223900,217695623.36044312
2023-05-19 00:00:00,67.55224117770334,67.63233938850804,67.41873736940973,67.51663970947266,3496800,236092185.73608398
2023-05-22 00:00:00,67.48992361269522,67.58782592854267,67.48992361269522,67.50772094726562,2652200,179043977.4963379
2023-05-23 00:00:00,67.48102790940128,67.57002817120849,67.4365243833553,67.55223083496094,5001000,337828706.40563965
2023-05-24 00:00:00,67.55221255299199,67.57000988442297,67.40091146983855,67.41870880126953,6588500,444188162.9371643
2023-05-25 00:00:00,67.34753757206265,67.39204110699679,67.23183788763443,67.25853729248047,5630300,378685742.5178528
2023-05-26 00:00:00,67.21404281811563,67.29414783373815,67.16954606746934,67.26744842529297,3393800,228292266.46575928
2023-05-30 00:00:00,67.34752412154808,67.55223083496094,67.34752412154808,67.55223083496094,11236100,759023620.8847046
2023-05-31 00:00:00,67.54334191323935,67.65904159707132,67.51664250853088,67.59674072265625,4184600,282865321.22802734
2023-06-01 00:00:00,67.67256168540959,67.76179783435303,67.66364351672512,67.72610473632812,3778300,255889541.52526855
2023-06-02 00:00:00,67.69042080817975,67.72611391103993,67.54764839673905,67.56549835205078,5767800,389704281.3949585
2023-06-05 00:00:00,67.49413019081996,67.65474579274955,67.46736205845922,67.52982330322266,7216200,487308710.92071533
2023-06-06 00:00:00,67.6101013573532,67.6101013573532,67.47626074769784,67.5030288696289,4906700,331217111.75460815
2023-06-07 00:00:00,67.49413178202276,67.52089991501458,67.34244115655896,67.36920928955078,2820100,189987907.11746216
2023-06-08 00:00:00,67.44056965525559,67.53872397709746,67.4316446784256,67.5208740234375,1937400,130814941.33300781
2023-06-09 00:00:00,67.42272827738411,67.44057823331448,67.34242389898793,67.35134887695312,3397200,228806002.40478516
2023-06-12 00:00:00,67.4227329096265,67.46735099475441,67.34242852571306,67.44950103759766,3702100,249704797.79129028
2023-06-13 00:00:00,67.52982147335338,67.56551458478889,67.27997650106971,67.34243774414062,3233100,217724835.47058105
2023-06-14 00:00:00,67.42271780685981,67.4851790273891,67.18179790132184,67.33348846435547,3151900,212228422.290802
2023-06-15 00:00:00,67.47627041067386,67.58334291373154,67.42272735138161,67.57442474365234,3707200,250511907.40966797
2023-06-16 00:00:00,67.40488637349554,67.51196568776395,67.36919326873941,67.47627258300781,2653800,179068532.18078613
2023-06-20 00:00:00,67.46738070563575,67.5744600724393,67.46738070563575,67.55661010742188,2725200,184105273.8647461
2023-06-21 00:00:00,67.46734060453532,67.58333807713424,67.44057248068655,67.53872680664062,4373500,295380621.6888428
2023-06-22 00:00:00,67.46734477756061,67.52980600632542,67.41380852655175,67.45841979980469,3487000,235227509.84191895
2023-06-23 00:00:00,67.48519075337411,67.62796317239865,67.44057947825168,67.47627258300781,5017000,338528459.5489502
2023-06-26 00:00:00,67.56548510302075,67.61009636702562,67.5297920071597,67.58332824707031,3378900,228357307.81402588
2023-06-27 00:00:00,67.56550194101634,67.61011321613877,67.41381135162548,67.47627258300781,3225700,217658212.4710083
2023-06-28 00:00:00,67.54766285126932,67.61904907226562,67.45843347890631,67.61904907226562,2080800,140701717.3095703
2023-06-29 00:00:00,67.3870468354912,67.44950807653024,67.34243555347172,67.44058990478516,2985200,201323648.98376465
2023-06-30 00:00:00,67.4405843053977,67.53873864856169,67.43165932662895,67.51197052001953,4707200,317792347.63183594
2023-07-03 00:00:00,67.46008585325758,67.59426700486765,67.43324279785156,67.43324279785156,895600,60393212.24975586
2023-07-05 00:00:00,67.4421922107303,67.50481235811388,67.3348404616081,67.34378814697266,3491900,235157773.83041382
2023-07-06 00:00:00,67.17381605510417,67.19171142578125,67.0217395297698,67.19171142578125,4863600,326793607.6904297
2023-07-07 00:00:00,67.26329691578466,67.34380562971359,67.2096176147461,67.2096176147461,2652500,178273510.723114
2023-07-10 00:00:00,67.2364503745516,67.41536315036785,67.2364503745516,67.3885269165039,2975200,200494345.28198242
2023-07-11 00:00:00,67.41535219919396,67.4958608877077,67.40640451433117,67.46902465820312,6969000,470191632.8430176
2023-07-12 00:00:00,67.66584206676713,67.80897774389247,67.66584206676713,67.72846221923828,3714500,251577372.9133606
2023-07-13 00:00:00,67.943136075655,68.0057562070809,67.88051594422909,67.97891998291016,2910700,197866242.3942566
2023-07-14 00:00:00,67.88946875497997,67.91630498117766,67.71055603027344,67.71055603027344,2381200,161232376.0192871
2023-07-17 00:00:00,67.76422882080078,67.79106504713238,67.71949722685946,67.76422882080078,4216800,285748200.09155273
2023-07-18 00:00:00,67.88052699616712,67.92525859378964,67.80001831054688,67.80001831054688,7426100,503489715.97595215
2023-07-19 00:00:00,67.87157883883792,67.93419897372608,67.84473578810058,67.85368347167969,10528300,714383935.6948853
2023-07-20 00:00:00,67.79106265790705,67.79106265790705,67.66582238938491,67.746337890625,5933200,401952571.97265625
2023-07-21 00:00:00,67.78212294146445,67.80896599508809,67.7373981689255,67.80001831054688,1906700,129274294.91271973
2023-07-24 00:00:00,67.8447351086786,67.8805190175539,67.746337890625,67.746337890625,14670200,993852326.1230469
2023-07-25 00:00:00,67.64793589411785,67.74633994023134,67.64793589411785,67.71055603027344,9780700,662256635.3652954
2023-07-26 00:00:00,67.76422825225666,67.90736389160156,67.71949665869064,67.90736389160156,4114800,279425220.9411621
2023-07-27 00:00:00,67.84471627034856,67.88050016928779,67.65685591972823,67.67475128173828,5649200,382308204.9407959
2023-07-28 00:00:00,67.84473419189453,67.85368187526313,67.7642255168251,67.84473419189453,2738300,185779235.6376648
2023-07-31 00:00:00,67.84472407484273,67.9610234660439,67.84472407484273,67.92523956298828,4483800,304563189.15252686
2023-08-01 00:00:00,67.84275213247004,67.89656492370582,67.77099718220322,67.77996826171875,3822900,259116040.6677246
2023-08-02 00:00:00,67.7261366493311,67.7709783485898,67.64541064198256,67.74407196044922,5212800,353136298.3154297
2023-08-03 00:00:00,67.67233633075679,67.73512020196682,67.63646569829,67.70821380615234,4777100,323448908.17337036
2023-08-04 00:00:00,67.8337651299114,67.9593328419387,67.8158298180191,67.93242645263672,3574100,242797285.3843689
2023-08-07 00:00:00,67.9413945685436,68.01314949883921,67.9234592574331,67.9772720336914,3459000,235133383.96453857
2023-08-08 00:00:00,68.03109632267743,68.04903847975102,67.96831245877571,68.02212524414062,4458000,303242634.3383789
2023-08-09 00:00:00,68.01315464660316,68.04006103676879,67.94139971087657,67.95037078857422,2925100,198761629.59365845
2023-08-10 00:00:00,67.97730326630082,68.04008714842425,67.80688693928157,67.8248291015625,4223900,286485295.64208984
2023-08-11 00:00:00,67.69922637939453,67.78891661569598,67.69025530288647,67.69922637939453,2575900,174386437.23068237
2023-08-14 00:00:00,67.67232234624554,67.69026450169993,67.59160317548276,67.6364517211914,3467500,234529396.3432312
2023-08-15 00:00:00,67.61850271597017,67.69922872148271,67.57365417480469,67.57365417480469,2673200,180637892.3400879
2023-08-16 00:00:00,67.62748269831413,67.65438908938593,67.46603750895576,67.50191497802734,2633400,177759542.9031372
2023-08-17 00:00:00,67.53779275072189,67.5736633770272,67.42118926498316,67.51087951660156,5681600,383569813.06152344
2023-08-18 00:00:00,67.49295351495213,67.6454276480319,67.49295351495213,67.6005859375,3134400,211887276.5625
2023-08-21 00:00:00,67.51087812284098,67.56469774704297,67.4570653415664,67.4929428100586,2805600,189358200.3479004
2023-08-22 00:00:00,67.46601758413941,67.51085927504009,67.43014012566356,67.45704650878906,3309900,223276078.23944092
2023-08-23 00:00:00,67.55573314250546,67.76202689537112,67.55573314250546,67.71717834472656,3723900,252172000.43792725
2023-08-24 00:00:00,67.62748094715802,67.70820011828327,67.62748094715802,67.64541625976562,3013700,203862990.98205566
2023-08-25 00:00:00,67.62747379278859,67.68128656784587,67.510870322929,67.57365417480469,1882400,127200646.61865234
2023-08-28 00:00:00,67.61852215029208,67.69027709960938,67.59161575503023,67.69027709960938,2089900,141465910.11047363
2023-08-29 00:00:00,67.68132549018206,67.90555463910644,67.63648376615554,67.8965835571289,6454600,438245288.22784424
2023-08-30 00:00:00,67.92346487888601,67.97727765959795,67.87861633300781,67.87861633300781,1877100,127414950.71868896
2023-08-31 00:00:00,67.91450451289755,68.00419477587292,67.91450451289755,67.98625946044922,3213000,218439851.64642334
2023-09-01 00:00:00,68.09418741108854,68.09418741108854,67.8783313853138,67.89631652832031,3152500,214043137.8555298
2023-09-05 00:00:00,67.851329329772,67.87831046693651,67.75239391887726,67.76138305664062,3501300,237252930.49621582
2023-09-06 00:00:00,67.76136784877804,67.76136784877804,67.61746619555109,67.64444732666016,2071300,140111943.74771118
2023-09-07 00:00:00,67.70742865520955,67.82435607910156,67.68044751490771,67.82435607910156,3918400,265762956.86035156
2023-09-08 00:00:00,67.83334976675918,67.8963080523314,67.77938748253683,67.78838348388672,1820600,123415530.97076416
2023-09-11 00:00:00,67.76140405215301,67.8063772026534,67.76140405215301,67.7793960571289,2061600,139734002.91137695
2023-09-12 00:00:00,67.77036910005361,67.77036910005361,67.71640683365229,67.72540283203125,2133600,144498919.48242188
2023-09-13 00:00:00,67.72543016392314,67.82436560021034,67.72543016392314,67.8063735961914,2441300,165535699.86038208
2023-09-14 00:00:00,67.87832291157012,67.8963080523314,67.78838348388672,67.78838348388672,2095800,142070894.1055298
2023-09-15 00:00:00,67.77037905634121,67.79736019350572,67.72541278171275,67.76138305664062,3918000,265489098.81591797
2023-09-18 00:00:00,67.73442290662854,67.79738120016545,67.73442290662854,67.7793960571289,1700200,115238529.17633057
2023-09-19 00:00:00,67.74340014231086,67.75239614230667,67.68943786621094,67.68943786621094,2612100,176811580.6503296
2023-09-20 00:00:00,67.78837207876542,67.82434921617347,67.62647839139787,67.63546752929688,3052400,206450501.08642578
2023-09-21 00:00:00,67.55451871035623,67.6174769802976,67.5365267121234,67.56351470947266,4840800,327061462.00561523
2023-09-22 00:00:00,67.64447064154605,67.71642492392772,67.62648550191966,67.69843292236328,3106700,210318721.559906
2023-09-25 00:00:00,67.63547018482822,67.68943932402792,67.61748504638672,67.61748504638672,3435600,232306631.6253662
2023-09-26 00:00:00,67.65347531795871,67.67146045989145,67.5455438805455,67.57252502441406,3039100,205359660.80169678
2023-09-27 00:00:00,67.61749922682198,67.65347637318754,67.37466206627822,67.44660949707031,3009600,202987315.9423828
2023-09-28 00:00:00,67.4555999067056,67.6084976196289,67.43761476598341,67.6084976196289,4134800,279547615.9576416
2023-09-29 00:00:00,67.71642406893326,67.74340520900121,67.57251550598694,67.59050750732422,2751000,185941486.15264893
2023-10-02 00:00:00,67.53190054777266,67.53190054777266,67.4326812342166,67.44169616699219,6653000,448689604.598999
2023-10-03 00:00:00,67.42363443608113,67.44167117657689,67.2161740714395,67.26127624511719,8718700,586430889.1983032
2023-10-04 00:00:00,67.34246559489193,67.43266306974766,67.26128305038343,67.41461944580078,5736100,386696998.60305786
2023-10-05 00:00:00,67.51384068225084,67.56796467402822,67.45070175986594,67.4777603149414,6166600,416108356.7581177
2023-10-06 00:00:00,67.30640335907763,67.46876161020317,67.29738154467397,67.44169616699219,3551600,239525928.10668945
2023-10-09 00:00:00,67.57697119586797,67.76638793945312,67.57697119586797,67.76638793945312,1421000,96296037.26196289
2023-10-10 00:00:00,67.66717713326155,67.7844400475125,67.64011857816561,67.74835968017578,2811000,190440639.06097412
2023-10-11 00:00:00,67.71226114916368,67.75736331664261,67.6581440534886,67.72128295898438,3324300,225125860.94055176
2023-10-12 00:00:00,67.65815539557245,67.69423575927914,67.55893611578551,67.59501647949219,6101200,412410714.54467773
2023-10-13 00:00:00,67.7122706892939,67.73932924094377,67.62207322325247,67.64913177490234,4110300,278058226.3343811
2023-10-16 00:00:00,67.64913077468968,67.64913077468968,67.54088968806502,67.54991149902344,5298800,357933471.0510254
2023-10-17 00:00:00,67.39658256787953,67.39658256787953,67.2432461727707,67.29736328125,12228600,822952536.6210938
2023-10-18 00:00:00,67.2792996206638,67.32440178538201,67.18008724520725,67.18910217285156,5750500,386370932.0449829
2023-10-19 00:00:00,67.189102072408,67.28832132934039,67.13498498012639,67.20714569091797,4735200,318239276.27563477
2023-10-20 00:00:00,67.2702982032058,67.39657603182869,67.25225458104508,67.37853240966797,4558400,307138302.13623047
2023-10-23 00:00:00,67.33343801014213,67.52285475558753,67.31539438774222,67.49579620361328,5316600,358848150.0961304
2023-10-24 00:00:00,67.48679255192188,67.54993148405993,67.45071217903907,67.52287292480469,6409900,432814863.16070557
2023-10-25 00:00:00,67.46875483478672,67.48679158015467,67.36953553119457,67.42365264892578,5269000,355255225.80718994
2023-10-26 00:00:00,67.46872727530358,67.60402001436753,67.46872727530358,67.58598327636719,3147400,212720123.7640381
2023-10-27 00:00:00,67.58601293670137,67.64013005607642,67.55895437701385,67.60404968261719,3047000,205989539.38293457
2023-10-30 00:00:00,67.5589532976875,67.56797511131506,67.50482929754955,67.52287292480469,4330400,292401048.9135742
2023-10-31 00:00:00,67.50482929754955,67.58601185694273,67.50482929754955,67.52287292480469,5237000,353617285.50720215
2023-11-01 00:00:00,67.5472856951366,67.85489122211641,67.5472856951366,67.83679962158203,3733200,253248340.34729004
2023-11-02 00:00:00,68.01773847855387,68.01773847855387,67.90916817527385,67.94535827636719,3549100,241144871.0586548
2023-11-03 00:00:00,68.22582106101774,68.2981943513419,68.1263000214475,68.16248321533203,4414700,300916914.6507263
2023-11-06 00:00:00,68.11728995668378,68.11728995668378,67.99967725251368,68.01776885986328,4795400,326172408.7905884
2023-11-07 00:00:00,68.03584726965252,68.16250920420714,68.01775566581232,68.13536834716797,4344700,296027734.8579407
2023-11-08 00:00:00,68.081080525875,68.1715523420757,68.081080525875,68.1263198852539,2545900,173442797.79586792
2023-11-09 00:00:00,68.12632097431673,68.13536332429136,67.94537043646554,67.9725112915039,6220400,422816209.2376709
2023-11-10 00:00:00,68.05394903216623,68.09013914413593,67.99061806185878,68.03585052490234,4139100,281607188.9076233
2023-11-13 00:00:00,67.99966342592249,68.07203674316406,67.95442406290853,68.07203674316406,1929700,131358609.30328369
2023-11-14 00:00:00,68.3886838906549,68.497254208152,68.3886838906549,68.48820495605469,4051100,277452567.09747314
2023-11-15 00:00:00,68.3977333710511,68.40678262317863,68.31631080957419,68.35250091552734,4486100,306636154.3571472
2023-11-16 00:00:00,68.4882071158001,68.55153807736463,68.4882071158001,68.54249572753906,4346100,297892540.6814575
2023-11-17 00:00:00,68.55155181884766,68.56965032724095,68.48822084458814,68.55155181884766,8803200,603473020.9716797
2023-11-20 00:00:00,68.50631697864229,68.61488041500536,68.50631697864229,68.57869720458984,3643200,249845909.65576172
2023-11-21 00:00:00,68.63297414497221,68.70535436588112,68.63297414497221,68.687255859375,4473600,307279307.8125
2023-11-22 00:00:00,68.71438972721104,68.75057983398438,68.65105876599698,68.75057983398438,6005300,412867857.07702637
2023-11-24 00:00:00,68.67820055769894,68.70534140978225,68.66010205460574,68.66915130615234,1882100,129242209.67330933
2023-11-27 00:00:00,68.7053632539275,68.82297595120106,68.7053632539275,68.81392669677734,5030800,346189102.42614746
2023-11-28 00:00:00,68.81391099447339,69.03105163574219,68.80486864467169,69.03105163574219,4798600,331252404.37927246
2023-11-29 00:00:00,69.17580866803037,69.24818888545644,69.13961855931734,69.20294952392578,7159900,495486198.2963562
2023-11-30 00:00:00,69.15770879399808,69.1758003949122,69.05818773257889,69.13961029052734,6019000,416151314.3386841
2023-12-01 00:00:00,69.09060118632117,69.39907854568179,69.09060118632117,69.38093566894531,7665900,531867314.7445679
2023-12-04 00:00:00,69.31743586964691,69.35372855081728,69.23577560648332,69.28114318847656,3968600,274949144.8577881
2023-12-05 00:00:00,69.33560247902814,69.43540565587361,69.29930978543673,69.40818786621094,3260500,226305396.53778076
2023-12-06 00:00:00,69.44447648157461,69.4535513849704,69.38096600205027,69.39910888671875,3926300,272481721.2219238
2023-12-07 00:00:00,69.3900375095518,69.51705846238416,69.3900375095518,69.46261596679688,5655500,392845824.6002197
2023-12-08 00:00:00,69.29023282593455,69.33559349545395,69.25394013704548,69.26300811767578,3461300,239740049.99771118
2023-12-11 00:00:00,69.18133615053526,69.25392150878906,69.13596857109644,69.25392150878906,2924300,202519242.66815186
2023-12-12 00:00:00,69.2448588208584,69.3537368774414,69.21764103724314,69.3537368774414,3640400,252475343.7286377
2023-12-13 00:00:00,69.42633034225271,69.90720333790848,69.39911255275065,69.87091064453125,7464300,521537438.3239746
2023-12-14 00:00:00,69.99790226812522,70.15214095873111,69.99790226812522,70.03419494628906,4153700,290901035.5484009
2023-12-15 00:00:00,70.02514206759972,70.0432849513269,69.93441380471835,69.97977447509766,3415600,239022917.69714355
2023-12-18 00:00:00,69.97976650135975,70.02513408869248,69.94347381591797,69.94347381591797,3517100,245998191.7579651
2023-12-19 00:00:00,69.9797790736158,70.06143936106103,69.96163618869642,70.00700378417969,4137800,289674980.2581787
2023-12-20 00:00:00,70.0614244200789,70.12493488693758,70.02513173585653,70.11585998535156,6825700,478589825.50201416
2023-12-21 00:00:00,70.20658892615083,70.26103141408132,70.12493557743781,70.18844604492188,4105800,288179721.77124023
2023-12-22 00:00:00,70.27127251384482,70.28037459659102,70.18027251494755,70.22576904296875,2957800,207713779.67529297
2023-12-26 00:00:00,70.15296626670897,70.24397320846113,70.15296626670897,70.22576904296875,2487800,174707668.22509766
2023-12-27 00:00:00,70.26216425341505,70.40776979313249,70.26216425341505,70.37136840820312,4702400,330914322.8027344
2023-12-28 00:00:00,70.39867444151109,70.39867444151109,70.33497374750831,70.3804702758789,2735500,192525776.43966675
2023-12-29 00:00:00,70.34406756299549,70.43506755189665,70.34406756299549,70.40776824951172,2617100,184264170.28579712
2024-01-02 00:00:00,70.2166584332271,70.27125703196555,70.20755635248624,70.23485565185547,3714500,260887371.31881714
2024-01-03 00:00:00,70.08925949929694,70.22576295724099,70.0801643601938,70.18936157226562,5046700,354224651.0467529
2024-01-04 00:00:00,70.12565591429315,70.14386007691779,70.0801593934391,70.13475799560547,5224000,366383975.76904297
2024-01-05 00:00:00,70.07104470987547,70.2621467259419,70.04374541370204,70.08014678955078,2351100,164765433.11691284
2024-01-08 00:00:00,70.18027363119381,70.27127363153849,70.08926668799415,70.20757293701172,3971100,278801292.89016724
2024-01-09 00:00:00,70.1620528916353,70.26215495122469,70.1620528916353,70.23485565185547,8503700,597256142.0066833
2024-01-10 00:00:00,70.28036520408835,70.334963807559,70.22575965776375,70.2712631225586,3448000,242295315.24658203
2024-01-11 00:00:00,70.34407119860862,70.49877188202146,70.2985677303792,70.48966979980469,3732200,263081545.62683105
2024-01-12 00:00:00,70.6807798366583,70.70807914353145,70.57158260916572,70.65348052978516,3083500,217860007.21359253
2024-01-16 00:00:00,70.5260496083075,70.60794749463834,70.41684548368069,70.46234893798828,21890600,1542463095.6619263
2024-01-17 00:00:00,70.30767059326172,70.32586781504286,70.23486782042808,70.30767059326172,6742900,474077592.04330444
2024-01-18 00:00:00,70.36226023812137,70.38045745758438,70.28945747456194,70.3349609375,3774600,265486343.5546875
2024-01-19 00:00:00,70.32584513269641,70.32584513269641,70.21664795152012,70.29854583740234,12938000,909522586.0443115
2024-01-22 00:00:00,70.32584990459209,70.39865265888447,70.32584990459209,70.36225128173828,5479300,385535883.44802856
2024-01-23 00:00:00,70.29855934237582,70.34406280517578,70.28036212296803,70.34406280517578,3903900,274616186.78512573
2024-01-24 00:00:00,70.44417405661116,70.47147336071014,70.29856851094388,70.30767059326172,3979300,279775313.59176636
2024-01-25 00:00:00,70.4714584350586,70.48055357259555,70.38955359725432,70.4714584350586,5002000,352498235.0921631
2024-01-26 00:00:00,70.47145387575097,70.48054901269951,70.39865112304688,70.39865112304688,3520000,247803251.953125
2024-01-29 00:00:00,70.49876403808594,70.53516542004843,70.46236265612345,70.49876403808594,4312400,304018870.0378418
2024-01-30 00:00:00,70.48966238399358,70.56246514835969,70.3986623999628,70.48056030273438,5565500,392259558.36486816
2024-01-31 00:00:00,70.60794766788703,70.72625387223611,70.55334907686584,70.63525390625,8308300,586858880.0292969
2024-02-01 00:00:00,70.81233694985372,70.83971879591607,70.65716851293581,70.77582550048828,8559800,605826911.1190796
2024-02-02 00:00:00,70.47461781503897,70.64804547467901,70.4654882108875,70.55677032470703,4999800,352769740.2694702
2024-02-05 00:00:00,70.4837589575717,70.4837589575717,70.3468427282764,70.38335418701172,5243500,369055117.67959595
2024-02-06 00:00:00,70.42898573844866,70.57502458981558,70.4198561340358,70.5111312866211,5835000,411432451.0574341
2024-02-07 00:00:00,70.46549296060181,70.59327957194552,70.46549296060181,70.49288177490234,4250800,299651141.8487549
2024-02-08 00:00:00,70.49286847771896,70.49286847771896,70.41071597800997,70.41984558105469,4388900,309065660.2706909
2024-02-09 00:00:00,70.37421493318475,70.43810823624973,70.3650853287904,70.42898559570312,8317600,585800130.5908203
2024-02-12 00:00:00,70.4654769897461,70.49286579783902,70.41071330125317,70.4654769897461,4451800,313698210.46295166
2024-02-13 00:00:00,70.27381879260626,70.27381879260626,70.13690256529475,70.16429138183594,10534200,739124678.2745361
2024-02-14 00:00:00,70.19165615831355,70.31944274902344,70.19165615831355,70.31944274902344,8669800,609655504.7454834
2024-02-15 00:00:00,70.45636187971417,70.45636187971417,70.33769792350404,70.41072082519531,4648000,327269030.3955078
2024-02-16 00:00:00,70.29206570010714,70.30118834017549,70.22817240039177,70.2829360961914,3841900,270020012.18795776
2024-02-20 00:00:00,70.38334933785409,70.42899039909092,70.36509012782007,70.3924789428711,4112600,289496108.90045166
2024-02-21 00:00:00,70.39245527918936,70.43808936123726,70.31030278934975,70.33768463134766,2961500,208305053.03573608
2024-02-22 00:00:00,70.32857441859288,70.39246771582503,70.28293336463545,70.30118560791016,4955500,348377525.2799988
2024-02-23 00:00:00,70.31033118179718,70.37422449354209,70.28294932874203,70.3285903930664,5137600,361320166.00341797
2024-02-26 00:00:00,70.29206771932583,70.32857917219022,70.20079256908866,70.23729705810547,7436100,522291564.6537781
2024-02-27 00:00:00,70.26471154657118,70.30121604892736,70.21907047285077,70.24645233154297,4183800,293897107.2647095
2024-02-28 00:00:00,70.24642191423892,70.30118560791016,70.24642191423892,70.30118560791016,2920400,205307582.44934082
2024-02-29 00:00:00,70.30118838924196,70.37421129292403,70.2646839012483,70.31031799316406,5460200,383908398.3062744
2024-03-01 00:00:00,70.28192000483789,70.51079170953395,70.21783620690739,70.49248504638672,3949100,278381872.6966858
2024-03-04 00:00:00,70.49252010910241,70.49252010910241,70.41012960704397,70.42843627929688,3967600,279431863.7817383
2024-03-05 00:00:00,70.49251477706227,70.59321892836998,70.49251477706227,70.53829193115234,4003400,282392997.9171753
2024-03-06 00:00:00,70.64813297339727,70.66644662552102,70.53827899910195,70.56574249267578,2561500,180754149.394989
2024-03-07 00:00:00,70.62980510899807,70.67557525634766,70.62064828568427,70.67557525634766,3459800,244523355.27191162
2024-03-08 00:00:00,70.76713872225113,70.83122252456126,70.73051840884384,70.74882507324219,3297500,233294250.6790161
2024-03-11 00:00:00,70.74883192584099,70.77629541740389,70.69390494271522,70.71221160888672,2209700,156252773.99215698
2024-03-12 00:00:00,70.62982785391321,70.69391166852729,70.61151420138808,70.63898468017578,2223400,157058718.53790283
2024-03-13 00:00:00,70.60236358642578,70.67559724188835,70.60236358642578,70.60236358642578,2646400,186842094.9951172
2024-03-14 00:00:00,70.54741202043853,70.5931891552218,70.47417838323949,70.49248504638672,2348200,165530453.3859253
2024-03-15 00:00:00,70.42842941810052,70.47420657119353,70.42842941810052,70.46504974365234,2864800,201868274.50561523
2024-03-18 00:00:00,70.44673608856998,70.50167006920417,70.44673608856998,70.46504974365234,4201400,296051859.99298096
2024-03-19 00:00:00,70.52911842592678,70.62066572784637,70.52911842592678,70.58404541015625,1950100,137645946.9543457
2024-03-20 00:00:00,70.58404773471781,70.72137218442545,70.54742741582167,70.69390869140625,8366300,591446448.2849121
2024-03-21 00:00:00,70.79460751462553,70.79460751462553,70.70306021655446,70.72136688232422,5326800,376718577.10876465
2024-03-22 00:00:00,70.80375128022395,70.82206492903353,70.7854446160249,70.79460144042969,5299900,375204308.1741333
2024-03-25 00:00:00,70.78546984171521,70.80377651243818,70.73054284493331,70.73969268798828,4396000,310971689.0563965
2024-03-26 00:00:00,70.71223138803997,70.73969488728476,70.69392471674784,70.73054504394531,1935500,136898969.93255615
2024-03-27 00:00:00,70.7213677941786,70.87699890136719,70.7213677941786,70.87699890136719,1884400,133560616.72973633
2024-03-28 00:00:00,70.84038233427827,70.84953916007144,70.76714868176764,70.77629852294922,2242100,158687538.91830444
2024-04-01 00:00:00,70.7285382770588,70.76527644361525,70.59077190424433,70.62751007080078,3205500,226396483.5319519
2024-04-02 00:00:00,70.55405497113428,70.66426950397299,70.55405497113428,70.6458969116211,2235100,157900644.1871643
2024-04-03 00:00:00,70.58158684949268,70.7285395182974,70.58158684949268,70.71016693115234,1980100,140013201.54037476
2024-04-04 00:00:00,70.7928264224093,70.7928264224093,70.6917982188547,70.75608825683594,2110500,149330724.26605225
2024-04-05 00:00:00,70.64591166333162,70.73775362299612,70.64591166333162,70.65509796142578,5882400,415621548.248291
2024-04-08 00:00:00,70.62751371032056,70.63670000420524,70.57240295410156,70.57240295410156,2924100,206360763.47808838
2024-04-09 00:00:00,70.6367002350039,70.70099027822849,70.6367002350039,70.67343139648438,6293700,444797375.1800537
2024-04-10 00:00:00,70.34280986082678,70.39792062895766,70.2509679233962,70.26934051513672,5239000,368141074.95880127
2024-04-11 00:00:00,70.33360503213642,70.38870877316708,70.24176312805596,70.3060531616211,7426400,522120873.1994629
2024-04-12 00:00:00,70.39791157545058,70.43464974711624,70.36117340378492,70.38872528076172,3826800,269363573.90441895
2024-04-15 00:00:00,70.23260711921186,70.27852458750725,70.18668264382534,70.2050552368164,3228800,226678082.3486328
2024-04-16 00:00:00,70.10398702466944,70.16827704929894,70.04887628421048,70.12235260009766,7769500,544815618.5264587
2024-04-17 00:00:00,70.26014210071779,70.26014210071779,70.18666576061034,70.22340393066406,8331600,585073312.1887207
2024-04-18 00:00:00,70.22341583362993,70.25096771406794,70.14993948106813,70.1683120727539,8328000,584361702.9418945
2024-04-19 00:00:00,70.26013659840407,70.26013659840407,70.1866602640508,70.19584655761719,2602900,182712769.00482178
2024-04-22 00:00:00,70.23257783777284,70.31523345049835,70.23257783777284,70.28768157958984,2329700,163749211.77597046
2024-04-23 00:00:00,70.27850863661403,70.46219948937727,70.26014305488249,70.41627502441406,6700200,471803125.9185791
2024-04-24 00:00:00,70.34279582266225,70.39790657979479,70.29687836665595,70.35198211669922,2287400,160923123.8937378
2024-04-25 00:00:00,70.17747409595583,70.29686787225542,70.17747409595583,70.28768157958984,2846500,200073885.6163025
2024-04-26 00:00:00,70.37952848938755,70.39790107602511,70.31523845033357,70.32442474365234,2851200,200508999.82910156
2024-04-29 00:00:00,70.37953685386142,70.45301319496672,70.37953685386142,70.41627502441406,2486500,175090067.84820557
2024-04-30 00:00:00,70.33361103697112,70.37952848938755,70.29687287078474,70.32442474365234,3746000,263435295.08972168
2024-05-01 00:00:00,70.33272370072554,70.54464857389868,70.31429117178439,70.45250701904297,1901800,133986577.84881592
2024-05-02 00:00:00,70.49859344548429,70.68287658691406,70.49859344548429,70.68287658691406,2325700,164387166.07818604
2024-05-03 00:00:00,70.88561248779297,70.9961866221741,70.79347089078531,70.88561248779297,2713300,192333932.36312866
2024-05-06 00:00:00,70.93168680127341,70.93168680127341,70.88561248779297,70.88561248779297,2770200,196367323.71368408
2024-05-07 00:00:00,70.95929807198081,70.96850730675527,70.88558201408392,70.8947982788086,2649200,187814499.60021973
2024-05-08 00:00:00,70.88559718710755,70.91323895724804,70.85795541696707,70.87638092041016,2822600,200055672.7859497
2024-05-09 00:00:00,70.87635756758038,70.93164811959556,70.87635756758038,70.90399932861328,1789300,126868525.99868774
2024-05-10 00:00:00,70.87635845239988,70.90400021377785,70.81185866586813,70.8395004272461,3209600,227366460.57128906
2024-05-13 00:00:00,70.885575181651,70.90400067937415,70.81185913085938,70.81185913085938,1769300,125287422.36022949
2024-05-14 00:00:00,70.86714833386903,70.91321559227404,70.86714833386903,70.90399932861328,2222600,157591228.90777588
2024-05-15 00:00:00,71.05143695534888,71.13436224489931,71.0237951921654,71.08829498291016,2388700,169808610.2256775
2024-05-16 00:00:00,71.08829540571018,71.10672090462545,71.04222111349706,71.05143737792969,3652500,259515375.02288818
2024-05-17 00:00:00,71.04220627173326,71.06984802930637,71.01456451416016,71.01456451416016,1341800,95287342.6651001
2024-05-20 00:00:00,70.97772170086019,71.04222149233252,70.97772170086019,71.00536346435547,1576900,111968357.64694214
2024-05-21 00:00:00,71.0422134399414,71.06985520030359,71.03299717650427,71.0422134399414,2970000,210995373.91662598
2024-05-22 00:00:00,70.99615478515625,71.05143831257924,70.96850599149468,70.99615478515625,2627400,186535297.08251953
2024-05-23 00:00:00,70.98695503092381,71.04223857120479,70.85795541696707,70.87638092041016,3169300,224628514.0510559
2024-05-24 00:00:00,70.86715609100237,70.94086511850847,70.86715609100237,70.93165588378906,1544800,109575222.00927734
2024-05-28 00:00:00,70.97773876422642,71.0053805343669,70.86717168366447,70.87638092041016,2530100,179324331.36672974
2024-05-29 00:00:00,70.86714968392786,70.86714968392786,70.77500110546356,70.81185913085938,2022300,143202822.7203369
2024-05-30 00:00:00,70.83949912377324,70.94085693359375,70.83949912377324,70.94085693359375,1444700,102488256.01196289
2024-05-31 00:00:00,70.97772081190905,71.079078630089,70.97772081190905,71.06986236572266,2172800,154420596.9482422
2024-06-03 00:00:00,71.15121848990557,71.22518194921794,71.11423676024938,71.21593475341797,2807200,199917372.03979492
2024-06-04 00:00:00,71.21593695611955,71.34536948714768,71.21593695611955,71.30838775634766,2604200,185701303.39508057
2024-06-05 00:00:00,71.30837733972172,71.37309359578212,71.25290827839648,71.36385345458984,3072800,219286848.89526367
2024-06-06 00:00:00,71.3361404851621,71.39160956325277,71.3361404851621,71.38236236572266,3285100,234498198.6076355
2024-06-07 00:00:00,71.1974601105011,71.20670025440496,71.13274383544922,71.13274383544922,2558300,181978898.55422974
2024-06-10 00:00:00,71.12350501103747,71.15123955310405,71.10501766750833,71.1142578125,3297100,234470819.43359375
2024-06-11 00:00:00,71.21593475341797,71.22518194921794,71.14197129410559,71.21593475341797,1795900,127896697.22366333
2024-06-12 00:00:00,71.50253970624868,71.55801583166725,71.3823543660062,71.3916015625,2029700,144903533.69140625
2024-06-13 00:00:00,71.4933000749751,71.5672635403664,71.48405287841511,71.51178741455078,1220300,87265834.18197632
2024-06-14 00:00:00,71.46556685495513,71.53952326816413,71.46556685495513,71.49330139160156,1958600,140026780.10559082
2024-06-17 00:00:00,71.44707063437434,71.44707063437434,71.3731071695124,71.3916015625,2454100,175202129.39453125
2024-06-18 00:00:00,71.44707114571946,71.53952195068645,71.44707114571946,71.51178741455078,1731500,123822659.90829468
2024-06-20 00:00:00,71.40085132528196,71.47480773925781,71.40085132528196,71.47480773925781,2060000,147238103.9428711
2024-06-21 00:00:00,71.53952363901007,71.54877083578829,71.44707283186128,71.48405456542969,5405500,386407056.9534302
2024-06-24 00:00:00,71.48405419487128,71.53952326816413,71.474806998141,71.49330139160156,1340600,95843919.84558105
2024-06-25 00:00:00,71.51178947301798,71.51178947301798,71.42858586221597,71.47480773925781,2244500,160425205.97076416
2024-06-26 00:00:00,71.33613879698804,71.41009521484375,71.33613879698804,71.41009521484375,4053700,289475102.9724121
2024-06-27 00:00:00,71.4285868082305,71.50254322318584,71.4285868082305,71.46556854248047,1431300,102288668.2548523
2024-06-28 00:00:00,71.57649979136684,71.60423432599443,71.42857992217176,71.44706726074219,3025200,216141667.87719727
2024-07-01 00:00:00,71.3691635131836,71.46192160031846,71.35060764956357,71.3691635131836,1486600,106097398.47869873
2024-07-02 00:00:00,71.51757985477562,71.52685778721062,71.46192641414345,71.49903106689453,2778100,198631458.2069397
2024-07-03 00:00:00,71.59179753924232,71.6845556434818,71.55469288214859,71.67527770996094,1171700,83981922.89276123
2024-07-05 00:00:00,71.75874397478546,71.86077998270959,71.75874397478546,71.84222412109375,1469500,105572148.34594727
2024-07-08 00:00:00,71.88860669814568,71.88860669814568,71.83295326727348,71.84222412109375,1821800,130882163.9038086
2024-07-09 00:00:00,71.85150377909328,71.86078171012423,71.78657241585233,71.82367706298828,2401300,172470195.73135376
2024-07-10 00:00:00,71.90716898735631,71.90716898735631,71.82368882536996,71.87007141113281,1679800,120727345.9564209
2024-07-11 00:00:00,72.04630161988217,72.10196213197794,72.03703076535636,72.06485748291016,1421500,102440194.91195679
2024-07-12 00:00:00,72.11123780139705,72.1947250366211,72.09268901411875,72.1947250366211,2840800,205090774.8840332
2024-07-15 00:00:00,72.16687891836108,72.23181027186425,72.1390451294425,72.14832305908203,1799100,129802048.01559448
2024-07-16 00:00:00,72.18544537598109,72.22255002663789,72.12979193849014,72.21327209472656,5287000,381791569.56481934
2024-07-17 00:00:00,72.18544478812194,72.23182737031233,72.12979135108422,72.22254943847656,3330100,240508311.8850708
2024-07-18 00:00:00,72.1854511898194,72.25038256445127,72.13906860351562,72.13906860351562,1391500,100381513.96179199
2024-07-19 00:00:00,72.14834999884515,72.14834999884515,72.08341862109698,72.10197448730469,682100,49180756.79779053
2024-07-22 00:00:00,72.15760388655015,72.15760388655015,72.06484581739001,72.11122131347656,1319100,95121912.03460693
2024-07-23 00:00:00,72.11122776868577,72.19471499229438,72.11122776868577,72.1297836303711,1339900,96646697.08633423
2024-07-24 00:00:00,72.25966049710983,72.25966049710983,72.12979774784611,72.13906860351562,2870700,207089624.2401123
2024-07-25 00:00:00,72.14830663273861,72.22251589898575,72.13902870521143,72.16686248779297,3436300,247986989.56680298
2024-07-26 00:00:00,72.33384880454348,72.33384880454348,72.16688145010826,72.30601501464844,2126900,153787663.33465576
2024-07-29 00:00:00,72.3709716796875,72.3709716796875,72.29676944497874,72.3709716796875,1437500,104033271.78955078
2024-07-30 00:00:00,72.37096114545022,72.40806579589844,72.32458564013129,72.40806579589844,2377100,172121213.20343018
2024-07-31 00:00:00,72.4358879445952,72.56575775146484,72.37095657965438,72.56575775146484,3929400,285139888.50860596
2024-08-01 00:00:00,72.66535921563617,72.73051296213636,72.59089576214286,72.70259094238281,5979100,434696061.5036011
2024-08-02 00:00:00,72.91666300084952,73.10282163076907,72.91666300084952,73.06558990478516,3028800,221301058.70361328
2024-08-05 00:00:00,73.19589823992338,73.19589823992338,72.89805152984007,72.95389556884766,4686600,341905726.9729614
2024-08-06 00:00:00,72.89802999663301,72.96318372330481,72.81426396286513,72.8421859741211,3474500,253090175.16708374
2024-08-07 00:00:00,72.87945220696808,72.87945220696808,72.7491446919078,72.78636932373047,1967000,143170788.45977783
2024-08-08 00:00:00,72.67463368135816,72.80494111117007,72.67463368135816,72.7956314086914,3381000,246122029.79278564
2024-08-09 00:00:00,72.95387401914495,72.95387401914495,72.80495425870527,72.8421859741211,1476800,107573340.24658203
2024-08-12 00:00:00,72.81427813335263,72.94458561205552,72.81427813335263,72.91665649414062,2723000,198552055.63354492
2024-08-13 00:00:00,73.08419771966666,73.12142944335938,73.03766339096966,73.12142944335938,2075500,151763526.80969238
2024-08-14 00:00:00,73.14933013916016,73.1958715555164,73.09348612051116,73.14933013916016,2757100,201680018.12667847
2024-08-15 00:00:00,73.13072365603837,73.13072365603837,72.9445721782382,72.98180389404297,7737800,564718602.1713257
2024-08-16 00:00:00,73.01904847199887,73.0842022171643,72.98182384724059,73.06558990478516,1354600,98974648.08502197
2024-08-19 00:00:00,73.07488407806245,73.14003780937816,73.05626466841561,73.1028060913086,3675600,268696674.06921387
2024-08-20 00:00:00,73.1586569237284,73.21450805664062,73.1493472180389,73.21450805664062,5277400,386382244.81811523
2024-08-21 00:00:00,73.27034495099595,73.38203300349119,73.23311323308951,73.31687927246094,4069700,298377703.5751343
2024-08-22 00:00:00,73.27034208004514,73.27034208004514,73.17726633953805,73.22380065917969,2883200,211118862.06054688
2024-08-23 00:00:00,73.29827769641219,73.45650719476438,73.27035567920005,73.44720458984375,2335000,171499222.71728516
2024-08-26 00:00:00,73.51234859374884,73.51234859374884,73.40996314338182,73.41926574707031,1815800,133314702.74353027
2024-08-27 00:00:00,73.41926178979746,73.48441551822616,73.36341776577967,73.47511291503906,7083600,520468309.8449707
2024-08-28 00:00:00,73.47513001907808,73.50305203758685,73.43789829399122,73.4658203125,8462800,621726544.140625
2024-08-29 00:00:00,73.44720458984375,73.45650719476438,73.39135345419434,73.44720458984375,1818800,133585775.70800781
2024-08-30 00:00:00,73.44720458984375,73.49373891812228,73.40997286648586,73.44720458984375,2048600,150463943.3227539
2024-09-03 00:00:00,73.54338073730469,73.58073696029476,73.46866829132455,73.54338073730469,4352800,320119627.67333984
2024-09-04 00:00:00,73.60875922672376,73.7021462304426,73.5433876116234,73.6834716796875,6112100,450360747.25341797
2024-09-05 00:00:00,73.77685546875,73.80487085614779,73.66478679418752,73.77685546875,5728300,422615961.1816406
2024-09-06 00:00:00,73.81422889741431,73.99166922558456,73.73951643029284,73.87960052490234,3016100,222828263.14315796
2024-09-09 00:00:00,73.87958747293108,73.93561825088696,73.83289040798665,73.89826202392578,2941500,217371737.7433777
2024-09-10 00:00:00,73.87023851633504,74.01032257080078,73.87023851633504,74.01032257080078,3961500,293191892.8642273
2024-09-11 00:00:00,73.9262845377799,74.04768693167478,73.88892831081877,73.95429992675781,2685000,198567295.30334473
2024-09-12 00:00:00,74.1504169866863,74.1504169866863,73.86090800034358,73.97297668457031,2592700,191789736.65008545
2024-09-13 00:00:00,74.08502960205078,74.12238582217621,74.05701421819931,74.08502960205078,3865600,286383090.4296875
2024-09-16 00:00:00,74.08503918850603,74.16908535093583,74.06635751354071,74.13172912597656,2819900,209044062.9623413
2024-09-17 00:00:00,74.11305457598263,74.15041080094188,74.08503918850603,74.13172912597656,5991600,444167668.2312012
2024-09-18 00:00:00,74.0943633133543,74.26246274143354,74.01965799807388,74.08502960205078,3342500,247629211.44485474
2024-09-19 00:00:00,74.08504435541639,74.18777219997605,74.07570351728226,74.14107513427734,3608400,267530655.51452637
2024-09-20 00:00:00,74.1037056258332,74.24378967285156,74.0850310778837,74.24378967285156,4092700,303857557.9940796
2024-09-23 00:00:00,74.2157900485619,74.2531462773643,74.1410775909571,74.18777465820312,2035800,151031471.64916992
2024-09-24 00:00:00,74.18775620218891,74.28114318847656,74.15039998267979,74.28114318847656,2262100,168031374.00665283
2024-09-25 00:00:00,74.24380051651193,74.24380051651193,74.1504135131836,74.1504135131836,3360600,249189879.6524048
2024-09-26 00:00:00,74.16907796578998,74.18775963889513,74.06635013862365,74.10370635986328,1629100,120722348.03085327
2024-09-27 00:00:00,74.18776111167242,74.26246643066406,74.1597457264292,74.26246643066406,3031000,225089535.75134277
2024-09-30 00:00:00,74.23446188776843,74.23446188776843,74.10371865422377,74.1690902709961,1912700,141863218.96133423
2024-10-01 00:00:00,74.1887556512741,74.30119382264748,74.1887556512741,74.27307891845703,2048900,152178111.3960266
2024-10-02 00:00:00,74.18876648889604,74.27308976839704,74.16065872906236,74.26372528076172,3774600,280315857.4447632
2024-10-03 00:00:00,74.21686491597657,74.21686491597657,74.09506225585938,74.09506225585938,1938200,143611049.66430664
2024-10-04 00:00:00,73.88892362055134,74.00136178575333,73.77648545534933,73.81396484375,2171800,160309168.84765625
2024-10-07 00:00:00,73.6921632327938,73.75775037630498,73.68279159844577,73.71089935302734,2898700,213665783.95462036
2024-10-08 00:00:00,73.69216920678677,73.77649247736733,73.67342593657126,73.76712799072266,1851000,136542953.91082764
2024-10-09 00:00:00,73.74839126765629,73.74839126765629,73.6734324770658,73.72028350830078,9104400,671178949.1729736
2024-10-10 00:00:00,73.7577563556149,73.79523574758284,73.65468981481884,73.76712799072266,4446800,328027664.7491455
2024-10-11 00:00:00,73.83271789550781,73.86082565341718,73.77649523122574,73.83271789550781,1446400,106791643.1640625
2024-10-14 00:00:00,73.76713133145829,73.81397521219233,73.72028030226082,73.80460357666016,1403000,103547858.8180542
2024-10-15 00:00:00,73.86083221435547,73.87019670218152,73.81398118136926,73.86083221435547,1722400,127217897.40600586
2024-10-16 00:00:00,73.98262726592388,73.98262726592388,73.89830399339779,73.93578338623047,1927000,142474254.5852661
2024-10-17 00:00:00,73.9826185173218,73.9826185173218,73.80459320953423,73.81396484375,2033500,150100697.50976562
2024-10-18 00:00:00,73.87956833847156,73.90767609887769,73.78587342096314,73.86083221435547,1459800,107822042.86651611
2024-10-21 00:00:00,73.7952384730252,73.80460296001571,73.67342865751488,73.68280029296875,1686600,124273410.9741211
2024-10-22 00:00:00,73.68279540192164,73.71090315795412,73.61720825502488,73.67342376708984,3563800,262557347.6211548
2024-10-23 00:00:00,73.60785019285593,73.62659346597562,73.53289854576983,73.57974243164062,1761200,129588642.37060547
2024-10-24 00:00:00,73.57975279758989,73.6921910067557,73.57975279758989,73.64533996582031,2905100,213947077.1347046
2024-10-25 00:00:00,73.65469848467335,73.74839340139043,73.57973969191411,73.589111328125,1473000,108396760.98632812
2024-10-28 00:00:00,73.59846876903359,73.64531264412516,73.5141383563287,73.56098937988281,2036900,149836379.2678833
2024-10-29 00:00:00,73.46729235498711,73.61720275878906,73.457920720855,73.61720275878906,1835200,135102290.5029297
2024-10-30 00:00:00,73.60784254703643,73.67342969921421,73.32675781561598,73.50477600097656,2122500,156013887.06207275
2024-10-31 00:00:00,73.37361038265698,73.51415633923689,73.37361038265698,73.47667694091797,1947000,143059090.0039673
2024-11-01 00:00:00,73.54625413085277,73.64027756572408,73.37700907867314,73.38641357421875,2457800,180369127.28271484
2024-11-04 00:00:00,73.3958086925557,73.62147353770523,73.3958086925557,73.5274429321289,2906500,213707512.88223267
2024-11-05 00:00:00,73.58386738648335,73.5932647088132,73.43342414686379,73.574462890625,2962200,217942273.97460938
2024-11-06 00:00:00,73.35819413068131,73.54624815868162,73.34879680942706,73.45222473144531,5243100,385117359.4894409
2024-11-07 00:00:00,73.56504902807083,73.74369855899032,73.56504902807083,73.71549224853516,6022100,443922065.86990356
2024-11-08 00:00:00,73.74370663343478,73.781317442669,73.65908051927572,73.68729400634766,4423100,325926270.1194763
2024-11-11 00:00:00,73.61208807071954,73.64969888796662,73.5650727557782,73.63088989257812,3019800,222350561.29760742
2024-11-12 00:00:00,73.696686307059,73.696686307059,73.43341783388612,73.46162414550781,2259700,166001232.081604
2024-11-13 00:00:00,73.50862884521484,73.62146124895584,73.43340724272085,73.50862884521484,2754100,202450114.7026062
2024-11-14 00:00:00,73.53685892948099,73.57446974288871,73.37701835264502,73.42402648925781,3111100,228429488.81072998
2024-11-15 00:00:00,73.44282234475286,73.57445658136764,73.32998992471396,73.48983764648438,4186800,307687252.2583008
2024-11-18 00:00:00,73.38640377413243,73.5838551130528,73.38640377413243,73.55564880371094,1802700,132598768.0984497
2024-11-19 00:00:00,73.60266412157722,73.64027492888465,73.5838623046875,73.5838623046875,2724200,200457157.6904297
2024-11-20 00:00:00,73.55565388458777,73.583860195878,73.49923408847953,73.54624938964844,3141800,231067606.33239746
2024-11-21 00:00:00,73.5556644941876,73.62148162120079,73.46163387828689,73.4992446899414,2260300,166130342.77267456
2024-11-22 00:00:00,73.58387080954627,73.58387080954627,73.4898473671744,73.4992446899414,2011000,147806981.07147217
2024-11-25 00:00:00,73.6684714356198,73.75309753417969,73.65906694166267,73.75309753417969,2038800,150367815.25268555
2024-11-26 00:00:00,73.70610002029987,73.73430633544922,73.62148107485179,73.73430633544922,9241300,681400845.1377869
2024-11-27 00:00:00,73.80951182663016,73.84712262978546,73.74369471449018,73.81891632080078,9145300,675096135.4286194
2024-11-29 00:00:00,73.89413409999135,73.98816469890154,73.88473677892236,73.95055389404297,1587100,117366924.0852356
2024-12-02 00:00:00,73.65145710586597,74.10435164544535,73.65145710586597,73.95338439941406,5536300,409428122.0504761
2024-12-03 00:00:00,73.90622028170357,74.04775029006625,73.90622028170357,73.94396209716797,6338600,468701198.1491089
2024-12-04 00:00:00,73.98171349921243,74.09493176176125,73.91565991470405,74.05718994140625,4789100,354667288.3483887
2024-12-05 00:00:00,74.00055725512209,74.03829906346355,73.86846452518394,74.00999450683594,4113800,304462315.4022217
2024-12-06 00:00:00,74.17985473457354,74.19872204602133,74.09493383676757,74.16098022460938,2694200,199804512.92114258
2024-12-09 00:00:00,74.04774573793955,74.20814304491628,74.0383084850248,74.10435485839844,4805800,356130708.5784912
2024-12-10 00:00:00,74.10435485839844,74.1326594186279,74.05717579233949,74.10435485839844,4540700,336485644.1055298
2024-12-11 00:00:00,74.11379211131319,74.20814304491628,74.08548035256894,74.10435485839844,6556600,485872613.0645752
2024-12-12 00:00:00,74.08547843953929,74.09491569221035,74.00056476104359,74.0194320678711,1704900,126195729.73251343
2024-12-13 00:00:00,74.09490656041062,74.09490656041062,73.90620472133357,73.93450927734375,1537200,113652127.66113281
2024-12-16 00:00:00,73.93450927734375,73.98168833636988,73.9156347743278,73.93450927734375,5997900,443451793.1945801
2024-12-17 00:00:00,73.90620422363281,73.95337608382755,73.89676697218839,73.90620422363281,1862500,137650305.3665161
2024-12-18 00:00:00,73.90621349130696,74.00056442204149,73.60428619384766,73.60428619384766,9856600,725488007.2982788
2024-12-19 00:00:00,73.69862967349081,73.73637148167178,73.5665369441144,73.6231460571289,2708900,199437740.3541565
2024-12-20 00:00:00,73.8307469480957,73.8307469480957,73.6703496088875,73.69865417480469,3086900,227500375.5722046
2024-12-23 00:00:00,73.67034087701407,73.72695000213876,73.63259906075915,73.6514663696289,1699000,125133841.36199951
2024-12-24 00:00:00,73.72722625732422,73.72722625732422,73.63253565792634,73.72722625732422,906800,66855848.7701416
2024-12-26 00:00:00,73.50941528651687,73.7745590209961,73.50941528651687,73.7745590209961,1456300,107437890.30227661
2024-12-27 00:00:00,73.85977610319307,73.85977610319307,73.72720785224413,73.73667907714844,2563500,189023976.81427002
2024-12-30 00:00:00,73.75562202844672,73.87871906738579,73.73668680108247,73.86925506591797,1697700,125407834.32540894
2024-12-31 00:00:00,73.9260679724393,73.95447442569996,73.82190616086447,73.86925506591797,2486500,183675902.72140503
2025-01-02 00:00:00,73.87871999712891,73.96394658241206,73.83137831590822,73.88819122314453,2584600,190971419.03533936
2025-01-03 00:00:00,73.88819659107696,73.95448072914438,73.83138367971324,73.8503189086914,1924300,142110168.67599487
2025-01-06 00:00:00,73.8597901353951,73.88819659107696,73.81244122630585,73.8503189086914,4316400,318767516.5374756
2025-01-07 00:00:00,73.83138497180398,73.85979142798298,73.73669437639758,73.802978515625,3574100,263779225.5126953
2025-01-08 00:00:00,73.79350192360275,73.87872128594384,73.79350192360275,73.84085083007812,9211100,680155461.0809326
2025-01-10 00:00:00,73.80297394476952,73.80297394476952,73.60412153940281,73.66093444824219,2738500,201720468.98651123
2025-01-13 00:00:00,73.60412016024978,73.6325266141372,73.56624248025696,73.5757064819336,2759600,203039519.60754395
2025-01-14 00:00:00,73.6135810618367,73.66092996594091,73.6135810618367,73.65145874023438,4346900,320155525.9979248
2025-01-15 00:00:00,73.89766471250401,73.94500639517467,73.85978703171011,73.92607116699219,2286500,169031961.72332764
2025-01-16 00:00:00,73.85979154913022,74.03023751091308,73.85979154913022,74.0018310546875,4489000,332194219.6044922
2025-01-17 00:00:00,74.0396921334152,74.0396921334152,73.97340800894415,73.98287200927734,4766500,352639359.43222046
2025-01-21 00:00:00,74.03969667071814,74.068103122314,74.00181899378093,74.05863189697266,2711700,200824792.11502075
2025-01-22 00:00:00,74.09652480295287,74.09652480295287,73.98289174878626,73.99236297607422,8317100,615401882.1083069
2025-01-23 00:00:00,73.96395563000091,74.03971099853516,73.95448440282672,74.03971099853516,3610700,267335184.5024109
2025-01-24 00:00:00,74.07757346817498,74.1438575959211,74.03969579168746,74.1059799194336,1821300,134969221.2272644
2025-01-27 00:00:00,74.21013647020796,74.27642059326172,74.19119402109112,74.27642059326172,2683100,199291064.09378052
2025-01-28 00:00:00,74.2101481661466,74.28589630126953,74.20067694009546,74.28589630126953,2266900,168398698.3253479
2025-01-29 00:00:00,74.30482925761088,74.30482925761088,74.16278978271059,74.24801635742188,12647500,939051786.8804932
2025-01-30 00:00:00,74.25747907620675,74.3332344247698,74.25747907620675,74.29535675048828,7351000,546145167.4728394
2025-01-31 00:00:00,74.30484771728516,74.35218940439455,74.23856357578832,74.30484771728516,3586700,266509197.30758667
2025-02-03 00:00:00,74.22024786991152,74.33428927542242,74.19173933113163,74.2487564086914,3257500,241865324.00131226
2025-02-04 00:00:00,74.22977722203112,74.35331668029882,74.22977722203112,74.34381866455078,3153100,234413494.63119507
2025-02-05 00:00:00,74.43882655226443,74.46733509147876,74.39130748664623,74.4293212890625,2662800,198190396.72851562
2025-02-06 00:00:00,74.44833540062898,74.44833540062898,74.36280977053818,74.3818130493164,1769500,131618618.19076538
2025-02-07 00:00:00,74.37230655236824,74.40081509248022,74.26777040502988,74.28677368164062,1654300,122892609.70153809
2025-02-10 00:00:00,74.29627574880347,74.37230335275903,74.29627574880347,74.33428955078125,1582900,117663746.92993164
2025-02-11 00:00:00,74.29627990722656,74.30578517085087,74.25826610312112,74.29627990722656,1457300,108271968.70880127
2025-02-12 00:00:00,74.19175624178612,74.22977005228765,74.14423716606098,74.1822509765625,2146100,159202528.82080078
2025-02-13 00:00:00,74.37230335275903,74.37230335275903,74.23925867103247,74.33428955078125,2350400,174715314.16015625
2025-02-14 00:00:00,74.40082479984618,74.54337476939679,74.40082479984618,74.47685241699219,4398200,327564092.30041504
2025-02-18 00:00:00,74.49586557889218,74.49586557889218,74.41033993605134,74.41983795166016,1966900,146376379.26712036
2025-02-19 00:00:00,74.40082479984618,74.47685241699219,74.40082479984618,74.47685241699219,11229700,836352709.5870972
2025-02-20 00:00:00,74.45784438944432,74.5243667440842,74.45784438944432,74.50536346435547,2506000,186710440.8416748
2025-02-21 00:00:00,74.55286183974866,74.66690324872695,74.52435330010198,74.6098861694336,3614900,269707277.5138855
2025-02-24 00:00:00,74.60038745948431,74.71442887848076,74.59088219530322,74.6859130859375,2466300,184197867.44384766
2025-02-25 00:00:00,74.68591835155613,74.84747885245639,74.68591835155613,74.8284683227539,3155200,236098783.25195312
2025-02-26 00:00:00,74.8284565338907,74.89497887658369,74.7619341911977,74.86647033691406,2715600,203307386.84692383
2025-02-27 00:00:00,74.87597463779123,74.87597463779123,74.79044176949022,74.85696411132812,1967400,147273591.19262695
2025-02-28 00:00:00,74.94249879866243,74.98051260211984,74.87597645520988,74.96150207519531,7306400,547698718.762207
2025-03-03 00:00:00,74.95101971882977,75.04636366422488,74.91288068581638,75.03682708740234,7878100,591147627.4772644
2025-03-04 00:00:00,75.0845031963896,75.1703105655326,75.01776170674167,75.06543731689453,8723300,654818329.3464661
2025-03-05 00:00:00,75.17031728454381,75.17031728454381,74.9510269165039,74.9510269165039,4709100,352951880.85250854
2025-03-06 00:00:00,74.97009279770316,75.01776841211746,74.89382199862871,74.9510269165039,6332900,474657358.3595276
2025-03-07 00:00:00,75.10356035174634,75.10356035174634,74.87473345300238,74.92240905761719,5457900,408919016.39556885
2025-03-10 00:00:00,75.12264955835771,75.12264955835771,74.97962998822341,75.02730560302734,2342100,175721452.45285034
2025-03-11 00:00:00,75.02730468280178,75.06544371932165,74.89382169212097,74.91288757324219,5812300,435416176.44195557
2025-03-12 00:00:00,74.88427655499275,74.91287901054399,74.77939603512054,74.7984619140625,8657200,647545244.4824219
2025-03-13 00:00:00,74.7603458486021,74.88429227343299,74.72220680843611,74.86521911621094,6706600,502091078.5247803
2025-03-14 00:00:00,74.91288695913317,74.92242353675432,74.7794039695466,74.83660888671875,3549300,265617575.92163086
2025-03-17 00:00:00,74.86520404606703,74.94148211104448,74.83660159026967,74.85567474365234,4206500,314880395.8091736
2025-03-18 00:00:00,74.94149000787202,74.97009246668334,74.84614605374185,74.93195343017578,2923600,219071059.0484619
2025-03-19 00:00:00,74.86519809021443,75.14170059805318,74.85566878855784,75.11309814453125,5841700,438788185.4309082
2025-03-20 00:00:00,75.22751523289503,75.22751523289503,75.11309814453125,75.11309814453125,3882800,291649137.47558594
2025-03-21 00:00:00,75.18939194925781,75.2275309866993,75.13218703023438,75.1607894897461,3281200,246617582.47375488
2025-03-24 00:00:00,75.22753006702393,75.22753006702393,75.02730557861207,75.04637145996094,2125300,159496053.26385498
2025-03-25 00:00:00,75.06542981342007,75.15123717398585,75.0558932374874,75.11309814453125,6033400,453187366.34521484
2025-03-26 00:00:00,75.09404721572078,75.10357651927434,75.03683502301176,75.0749740600586,1407500,105668025.98953247
2025-03-27 00:00:00,75.06543746055644,75.13217895033212,75.04636430674807,75.09403991699219,14403200,1081594475.7324219
2025-03-28 00:00:00,75.17031954467168,75.28473665813968,75.13218778112667,75.26567077636719,6015700,452775695.6893921
2025-03-31 00:00:00,75.38008061555752,75.38008061555752,75.21799516051944,75.26567077636719,6960800,523909281.1401367
2025-04-01 00:00:00,75.32212720738565,75.39868556293915,75.29341964930475,75.34127044677734,4431500,333874839.9848938
2025-04-02 00:00:00,75.39868556293915,75.408257182635,75.2838480296089,75.34127044677734,2798500,210842545.3453064
2025-04-03 00:00:00,75.59006314472133,75.62834231692455,75.48479724641389,75.56135559082031,12196300,921568961.1923218
2025-04-04 00:00:00,75.65706209184685,75.72404882877157,75.31255678737494,75.43696594238281,5363500,404606166.8319702
2025-04-07 00:00:00,75.31254527492779,75.35082444746286,74.85320980651815,74.92019653320312,9945300,745103830.581665
2025-04-08 00:00:00,74.9584780831011,75.06374398565974,74.72880304060634,74.76708221435547,11232500,839821250.9727478
2025-04-09 00:00:00,74.40343427175662,75.15943145751953,74.36515510147689,75.15943145751953,10140300,762139182.8086853
2025-04-10 00:00:00,74.81494020371986,75.00632878987052,74.66182349399408,74.71924591064453,7476400,558630970.1263428
2025-04-11 00:00:00,74.65225284285233,74.65225284285233,74.2407608466282,74.58526611328125,4999200,372866662.3535156
2025-04-14 00:00:00,74.5852577908756,74.92976301908791,74.5852577908756,74.88191223144531,8126600,608535347.9400635
2025-04-15 00:00:00,74.9202046006367,75.05417806843296,74.91063298122084,74.96804809570312,4483100,336089256.4178467
2025-04-16 00:00:00,75.08288509274921,75.1594434455198,74.99676242163709,75.14987182617188,5414800,406921525.96435547
2025-04-17 00:00:00,75.12115023872543,75.24555206298828,75.12115023872543,75.24555206298828,2774500,208768784.198761
2025-04-21 00:00:00,75.22643268679285,75.29341942244868,75.1115951538086,75.1115951538086,3531400,265249087.12615967
2025-04-22 00:00:00,75.140302711803,75.21686106712583,75.09245921548118,75.1115951538086,2215000,166372183.26568604
2025-04-23 00:00:00,75.3125524104471,75.36997482519304,75.08288465448231,75.1020278930664,5882500,441787679.08096313
2025-04-24 00:00:00,75.14986630500113,75.40824890136719,75.14029468635643,75.40824890136719,3699800,278995439.2852783
2025-04-25 00:00:00,75.51351351489753,75.56135700529298,75.40824761461955,75.54222106933594,4734400,357647091.43066406
2025-04-28 00:00:00,75.51353506989692,75.69535206690759,75.51353506989692,75.67621612548828,4400900,333043459.5466614
2025-04-29 00:00:00,75.67618932621909,75.75274766680023,75.63791015592852,75.73360443115234,2663900,201746748.84414673
2025-04-30 00:00:00,75.77189636230469,75.7814679817406,75.67620207096485,75.77189636230469,4122600,312377219.9432373
2025-05-01 00:00:00,75.84103740493634,75.92746789148521,75.57213278842706,75.62975311279297,4919400,372053007.46307373
2025-05-02 00:00:00,75.63936565025601,75.63936565025601,75.43768716998919,75.50491333007812,6176500,466356097.18322754
2025-05-05 00:00:00,75.52411567082353,75.5817359987784,75.42807934853153,75.54332733154297,5961000,450313774.22332764
2025-05-06 00:00:00,75.60095977783203,75.6105656097315,75.50492344014603,75.60095977783203,5494600,415397033.5952759
2025-05-07 00:00:00,75.65856285282221,75.66816868253002,75.56252653704779,75.63935852050781,2894200,218915431.4300537
2025-05-08 00:00:00,75.67778364507566,75.7546083107057,75.44728766687919,75.46649932861328,4475200,337727677.79541016
2025-05-09 00:00:00,75.49531555175781,75.6201620546385,75.48570972012,75.49531555175781,2158500,162956638.61846924
2025-05-12 00:00:00,75.48569802444771,75.48569802444771,75.3704573710601,75.4280776977539,4019900,303213329.5372009
2025-05-13 00:00:00,75.49531555175781,75.54333738284414,75.39927921668784,75.49531555175781,4152000,313456550.17089844
2025-05-14 00:00:00,75.47609618496237,75.51451218048994,75.35124969482422,75.35124969482422,3915500,295037818.1800842
2025-05-15 00:00:00,75.44729577585211,75.6105656097315,75.44729577585211,75.60095977783203,3833300,289801159.1163635
2025-05-16 00:00:00,75.67777493449874,75.76420542104762,75.5913371208486,75.62975311279297,3140300,237500113.70010376
2025-05-19 00:00:00,75.49531205089383,75.71619487860173,75.49531205089383,75.70659637451172,2175100,164669417.77420044
2025-05-20 00:00:00,75.65857454565224,75.72580070979409,75.6297643791775,75.70659637451172,3215600,243442131.30187988
2025-05-21 00:00:00,75.59134382429166,75.63936565025601,75.48570166885162,75.50491333007812,5109900,385822556.6253662
2025-05-22 00:00:00,75.54333066950551,75.63936699604098,75.5049146734709,75.62015533447266,4684900,354272865.72647095
2025-05-23 00:00:00,75.70659116149027,75.72579549545027,75.61055483748659,75.6585693359375,1837500,139022621.15478516
2025-05-27 00:00:00,75.74500075627108,75.81222691010342,75.69697893477601,75.78341674804688,3043500,230646828.87268066
2025-05-28 00:00:00,75.7161865234375,75.79301851029342,75.66817202697872,75.7161865234375,4238800,320945771.4355469
2025-05-29 00:00:00,75.79301253743144,75.85064018658281,75.78341403515702,75.83142852783203,3734600,283200052.9800415
2025-05-30 00:00:00,75.8026193035412,75.9562759399414,75.8026193035412,75.9562759399414,3145700,238935657.22427368
2025-06-02 00:00:00,75.91483306884766,75.93410979037557,75.83771147329567,75.91483306884766,6855400,520426546.6201782
2025-06-03 00:00:00,75.9148379410268,75.97267546404271,75.86663510203314,75.89556121826172,5371100,407642648.8594055
2025-06-04 00:00:00,76.03051574016895,76.07871122152505,75.9726708659334,76.06907653808594,3336400,253796866.96166992
2025-06-05 00:00:00,76.04014526783537,76.06907138035196,75.91482819914222,75.9341049194336,3090900,234704724.8954773
2025-06-06 00:00:00,75.82806887531899,75.84734559483489,75.75094728781659,75.76058197021484,2312200,175173617.63153076
2025-06-09 00:00:00,75.77987000324266,75.87626831529688,75.77987000324266,75.83770751953125,11543100,875402241.6687012
2025-06-10 00:00:00,75.95339570630668,75.95339570630668,75.84735534853432,75.87627410888672,3403500,258244898.92959595
2025-06-11 00:00:00,75.99195526355754,76.0208740234375,75.95339446547752,76.0208740234375,2885900,219388640.34423828
2025-06-12 00:00:00,76.09799621792,76.12691497802734,76.07871214136827,76.12691497802734,2735200,208222337.8479004
2025-06-13 00:00:00,76.06906618788034,76.06906618788034,75.96302584671687,76.00157928466797,2756700,209513553.6140442
2025-06-16 00:00:00,76.02087553973261,76.09799713743092,76.01123350134024,76.030517578125,1736200,132004184.61914062
2025-06-17 00:00:00,76.01123166385037,76.07871122152505,76.01123166385037,76.06907653808594,2630900,200130133.4640503
2025-06-18 00:00:00,76.09799194335938,76.1943902565424,76.05943114714219,76.09799194335938,5093200,387582292.56591797
2025-06-20 00:00:00,76.04014616024179,76.21366606377933,76.04014616024179,76.19438934326172,1903700,145051258.99276733
2025-06-23 00:00:00,76.25223022096606,76.36791261333063,76.21366942351119,76.31970977783203,3210600,245032060.21270752
2025-06-24 00:00:00,76.33899872206874,76.46431580574846,76.31971464475151,76.45467376708984,3581300,273807123.16207886
2025-06-25 00:00:00,76.39682282912821,76.4450256592362,76.36790407295113,76.41609954833984,2913900,222668872.47390747
2025-06-26 00:00:00,76.5028848223517,76.56072235107422,76.46432401829624,76.56072235107422,3849200,294697532.4737549
2025-06-27 00:00:00,76.48356749521717,76.59924985709591,76.48356749521717,76.54141235351562,2730900,209026942.99621582
2025-06-30 00:00:00,76.5896374295662,76.64748231022628,76.57036070582683,76.6378402709961,3938000,301799814.9871826
2025-07-01 00:00:00,76.63783311905222,76.63783311905222,76.53140453028116,76.57010650634766,5487100,420147831.4109802
2025-07-02 00:00:00,76.62815687524602,76.6378342148128,76.55076030365359,76.58946228027344,5534600,423892037.93640137
2025-07-03 00:00:00,76.5797895363751,76.5797895363751,76.50238557849028,76.53141021728516,3349900,256372571.08688354
2025-07-07 00:00:00,76.54108367398521,76.56043097165094,76.4443324223619,76.4540023803711,3774200,288552695.7839966
2025-07-08 00:00:00,76.47335099858165,76.48302833747117,76.3959470507589,76.40562438964844,3322100,253827124.78485107
2025-07-09 00:00:00,76.46366945050329,76.55075073242188,76.45399211214648,76.55075073242188,6332700,484772939.163208
2025-07-10 00:00:00,76.52171871735145,76.57977536584596,76.50237142228417,76.55075073242188,7312800,559800329.9560547
2025-07-11 00:00:00,76.49270218429699,76.51205686306021,76.45400020841767,76.4830322265625,1628200,124529673.07128906
2025-07-14 00:00:00,76.4830322265625,76.53140416017631,76.45400020841767,76.4830322265625,2045200,156423097.50976562
2025-07-15 00:00:00,76.55076586450238,76.55076586450238,76.38628060650757,76.39595794677734,2574800,196704312.5213623
2025-07-16 00:00:00,76.45400190174793,76.55076053441285,76.43465460420332,76.521728515625,3928200,300592653.9550781
2025-07-17 00:00:00,76.55075073242188,76.57009802748915,76.51204876064098,76.55075073242188,3344200,256001020.59936523
2025-07-18 00:00:00,76.68620542011602,76.68620542011602,76.61847881360636,76.65718078613281,3853600,295406111.8774414
2025-07-21 00:00:00,76.73457772732709,76.76360236145321,76.70555309320098,76.74425506591797,2139600,164202008.1390381
2025-07-22 00:00:00,76.74426137075274,76.80231064377394,76.74426137075274,76.79264068603516,2532900,194508079.59365845
2025-07-23 00:00:00,76.77328975437005,76.78296709422828,76.7055631386574,76.71524047851562,1916500,147024758.3770752
2025-07-24 00:00:00,76.65717400754038,76.69586859499869,76.61847203843625,76.67652130126953,2146100,164555482.36465454
2025-07-25 00:00:00,76.70555309320098,76.74425506591797,76.68620579766575,76.74425506591797,2087500,160203632.45010376
2025-07-28 00:00:00,76.72491345547134,76.7539380917481,76.69588143754753,76.70555877685547,1433300,109942077.39486694
2025-07-29 00:00:00,76.80231064377394,76.82166532254575,76.71523673424215,76.79264068603516,5621400,431682150.352478
2025-07-30 00:00:00,76.77329823450175,76.87004949882846,76.70557161130823,76.7345962524414,2780700,213375891.79916382
2025-07-31 00:00:00,76.74426075244016,76.79264006733278,76.70555877685547,76.70555877685547,8830600,677356107.3348999
2025-08-01 00:00:00,77.00371026394662,77.15909288476006,76.97457648563187,77.12995910644531,8211000,633314094.2230225
2025-08-04 00:00:00,77.16880323467981,77.19793701171875,77.1202494094163,77.19793701171875,16595600,1281146083.4716797
2025-08-05 00:00:00,77.15908813476562,77.20764936857034,77.12024803900664,77.15908813476562,17712000,1366641769.0429688
2025-08-06 00:00:00,77.16880935141904,77.21737058993587,77.11054179272263,77.20765686035156,15528100,1198888216.493225
2025-08-07 00:00:00,77.22706790590668,77.23678163435842,77.14938030650427,77.1688003540039,20613000,1590680481.6970825
2025-08-08 00:00:00,77.17851133424317,77.17851133424317,77.09110260009766,77.09110260009766,4646900,358234644.6723938
2025-08-11 00:00:00,77.13966369628906,77.16879747115208,77.10081619333718,77.13966369628906,3854800,297357975.6164551
2025-08-12 00:00:00,77.16880460457284,77.23678588867188,77.13967082701673,77.23678588867188,6345500,490106024.8565674
2025-08-13 00:00:00,77.3630430089214,77.38246305770951,77.32419550194079,77.37274932861328,5522900,427321957.2669983
2025-08-14 00:00:00,77.33389317671354,77.33389317671354,77.23677812482043,77.28533935546875,4467900,345303167.7062988
2025-08-15 00:00:00,77.31447313009633,77.37274067935151,77.26591189944801,77.28533935546875,3240400,250435413.64746094
2025-08-18 00:00:00,77.29505805599922,77.32419924469846,77.24650422697655,77.25621795654297,2781200,214864993.3807373
2025-08-19 00:00:00,77.27563915408498,77.33390671353953,77.27563915408498,77.29505920410156,3885700,300345411.54937744
2025-08-20 00:00:00,77.33390218155347,77.3630433689778,77.28534835465501,77.3241958618164,3712500,287066077.1369934
2025-08-21 00:00:00,77.26592441904798,77.2853518782166,77.17852308100336,77.20765686035156,4889400,377499117.4530029
2025-08-22 00:00:00,77.25622132704687,77.4990127109667,77.24650759705668,77.4698715209961,3949400,305959510.585022
2025-08-25 00:00:00,77.43102127255467,77.43102127255467,77.39217376708984,77.39217376708984,6594100,510331733.03756714
2025-08-26 00:00:00,77.44071947159358,77.49899442838226,77.40187197020221,77.4892807006836,10210200,791181053.8101196
2025-08-27 00:00:00,77.49899868476601,77.55726623535156,77.46015118124106,77.55726623535156,9710900,753150856.6848755
2025-08-28 00:00:00,77.53785115680374,77.56699234615222,77.50871737686013,77.52814483642578,2879800,223265551.49993896
2025-08-29 00:00:00,77.54754337101981,77.56697082519531,77.51840959915936,77.56697082519531,2036800,157988406.1767578
2025-09-02 00:00:00,77.45001820942397,77.5182472265553,77.41102913729105,77.4987564086914,5244400,406434478.1097412
2025-09-03 00:00:00,77.55722646755513,77.62545547603777,77.51823740036446,77.60596466064453,3180600,246833531.199646
2025-09-04 00:00:00,77.69369448732839,77.7521743774414,77.63521459721538,77.7521743774414,3594800,279503516.45202637
2025-09-05 00:00:00,77.94712516586662,77.97636511295907,77.84965619675656,77.8593978881836,2388000,185928242.15698242
2025-09-08 00:00:00,77.9568614988684,77.96660318869657,77.8691342355838,77.8788833618164,4638700,361256776.25045776
2025-09-09 00:00:00,77.90813256526678,77.937372511036,77.8204052915538,77.83015441894531,6911100,537891980.204773
2025-09-10 00:00:00,77.87888975203256,77.95686789548292,77.85939149796744,77.869140625,9387200,730973196.875
2025-09-11 00:00:00,77.91787061508629,77.99584131391735,77.89837236307531,77.9276123046875,8368600,652145016.3330078
2025-09-12 00:00:00,77.93736677467179,77.9568650280197,77.85938863408967,77.90812683105469,3634700,283172668.5928345
2025-09-15 00:00:00,77.95685930169479,78.0055900586755,77.95685930169479,77.98609924316406,2895700,225824347.57843018
2025-09-16 00:00:00,78.03484116009574,78.05433941479991,77.97636126879384,78.01535034179688,3554300,277289959.71984863
2025-09-17 00:00:00,78.01534844440255,78.11281740633696,77.89838122823818,77.93737030029297,6970300,543246852.2041321
2025-09-18 00:00:00,77.91787595772865,77.93736677467179,77.83989781714654,77.90812683105469,9558300,744669248.68927
2025-09-19 00:00:00,77.92760944455551,77.97634763638985,77.90811862966417,77.96659851074219,3408400,265741354.36401367
2025-09-22 00:00:00,77.9861049716368,78.00559578857994,77.90812683105469,77.90812683105469,3089400,240689367.03186035
2025-09-23 00:00:00,77.9276123046875,77.96660137230516,77.9081214890808,77.9276123046875,6584700,513129948.7426758
2025-09-24 00:00:00,77.92761058969324,77.92761058969324,77.83989076678719,77.84963989257812,6401100,498323329.91638184
2025-09-25 00:00:00,77.77167263174918,77.78142175890306,77.69369448732839,77.7521743774414,6283000,488516911.61346436
2025-09-26 00:00:00,77.78141250472883,77.81065244630646,77.7619142527409,77.8009033203125,6283400,488854195.92285156
2025-09-29 00:00:00,77.84965619675656,77.89838696310876,77.83990706892385,77.8593978881836,8033400,625475686.9949341
2025-09-30 00:00:00,77.92761764799782,77.94711590134574,77.88863601411155,77.90812683105469,9117400,710319555.569458
2025-10-01 00:00:00,77.98638177702388,78.07442102260595,77.96681252457252,78.06464385986328,6955500,542978630.367279
2025-10-02 00:00:00,78.0548592336376,78.07442102260595,78.00594356599223,78.06464385986328,4441700,346739728.63235474
2025-10-03 00:00:00,78.07443616775132,78.10378258863805,78.01574332597784,78.02552795410156,3322900,259271026.83868408
2025-10-06 00:00:00,78.0059508082363,78.03529722615491,77.9668197631836,77.9668197631836,4212300,328419634.88845825
2025-10-07 00:00:00,78.00595867268184,78.06465897792083,77.98639687992514,78.04508972167969,4040700,315356794.0383911
2025-10-08 00:00:00,78.09399389799357,78.09399389799357,78.00594718484383,78.01573181152344,4000000,312062927.24609375
2025-10-09 00:00:00,77.9766043903177,77.99617364458591,77.94725797239909,77.9668197631836,3094400,241260527.0751953
2025-10-10 00:00:00,78.02551643820304,78.10377106118982,77.99617002164757,78.01573181152344,4554100,355291444.2428589
2025-10-13 00:00:00,78.0157436468104,78.16248321533203,78.0157436468104,78.16248321533203,1506600,117759597.21221924
2025-10-14 00:00:00,78.1037791201484,78.24074151734497,78.1037791201484,78.21138763427734,7043800,550905372.2183228
2025-10-15 00:00:00,78.25050730398844,78.279853719305,78.17225268430529,78.22116088867188,7244900,566704488.5223389
2025-10-16 00:00:00,78.20159558731952,78.35811228313914,78.20159558731952,78.32876586914062,5489500,429985760.23864746
2025-10-17 00:00:00,78.32877340004629,78.32877340004629,78.26029593963844,78.27008056640625,6048600,473424409.31396484
2025-10-20 00:00:00,78.32876975601161,78.33855438232422,78.29942334055686,78.33855438232422,3672300,287682673.2582092
2025-10-21 00:00:00,78.37768542409158,78.39724721323373,78.33855438232422,78.33855438232422,3085900,241744944.9684143
2025-10-22 00:00:00,78.32877736099286,78.36790840655948,78.29943094268886,78.35812377929688,3736600,292792965.3137207
2025-10-23 00:00:00,78.33856563848738,78.35812743044029,78.2896499633789,78.2896499633789,8126900,636252156.287384
2025-10-24 00:00:00,78.38746643066406,78.39725105745646,78.3483353869779,78.38746643066406,4695500,368068348.6251831
2025-10-27 00:00:00,78.35813154919839,78.38747797041236,78.31900049975158,78.37770080566406,4471900,350497240.2328491
2025-10-28 00:00:00,78.3679046405627,78.39725105745646,78.33855822366894,78.38746643066406,3970700,311253112.9562378
2025-10-29 00:00:00,78.3874736152625,78.41682749833012,78.19182584238305,78.21138763427734,2983800,233367138.42315674
2025-10-30 00:00:00,78.13313679432461,78.24074531367482,78.10378290983269,78.16248321533203,5882100,459759542.52090454
2025-10-31 00:00:00,78.19182963633946,78.22117605734688,78.14291395900409,78.16248321533203,8197500,640736956.1576843
2025-11-03 00:00:00,78.1595273545158,78.1595273545158,78.10061553401323,78.139892578125,6740300,526686317.94433594
2025-11-04 00:00:00,78.14969977491474,78.23807498970963,78.13988613319384,78.16934204101562,6290200,491700795.3063965
2025-11-05 00:00:00,78.16934598341217,78.16934598341217,78.08097076416016,78.08097076416016,5777400,451105000.4928589
2025-11-06 00:00:00,78.19880465956378,78.22826056991335,78.18898352567052,78.20862579345703,6405500,500965352.519989
2025-11-07 00:00:00,78.21844376654533,78.28717671836026,78.21844376654533,78.2577133178711,5362200,419633510.3530884
2025-11-10 00:00:00,78.25771648026293,78.27735874804944,78.20862579345703,78.20862579345703,6809600,532569458.203125
2025-11-11 00:00:00,78.28717277937216,78.36571936940152,78.25770938036544,78.34608459472656,2004000,157005553.52783203
2025-11-12 00:00:00,78.32644324658473,78.34608551281939,78.25771029742265,78.30680847167969,5108500,400030331.0775757
2025-11-13 00:00:00,78.21844692735029,78.26753761415618,78.19880465956378,78.20862579345703,4414500,345251978.56521606
2025-11-14 00:00:00,78.28717105843911,78.28717105843911,78.17916107177734,78.17916107177734,3818000,298488036.9720459
2025-11-17 00:00:00,78.22827030610546,78.24791257633663,78.18899325697426,78.19881439208984,3987800,311841232.0327759
2025-11-18 00:00:00,78.27735993057838,78.32645061812588,78.21844810898925,78.23808288574219,6723600,526041574.0905762
2025-11-19 00:00:00,78.31663262751951,78.326446269686,78.22825740871183,78.2577133178711,3818800,298850555.61828613
2025-11-20 00:00:00,78.32644534973127,78.35590874987437,78.2773546654857,78.29698944091797,4207400,329426753.37371826
2025-11-21 00:00:00,78.43445376915977,78.45409603552773,78.34608604449295,78.44427490234375,4850600,380501799.8413086
2025-11-24 00:00:00,78.46392598106694,78.49338189259743,78.42464893524945,78.47373962402344,4024300,315801870.3689575
2025-11-25 00:00:00,78.48355799380315,78.62102390365699,78.47373685986209,78.59156799316406,3948800,310342383.69140625
2025-11-26 00:00:00,78.57191718090753,78.6308364868164,78.5424612736178,78.6308364868164,1976300,155398122.14889526
2025-11-28 00:00:00,78.64066196641133,78.65048310076278,78.5621153655913,78.6112060546875,1247000,98028173.95019531
2025-12-01 00:00:00,78.51363372802734,78.53334764991878,78.48407036384842,78.51363372802734,3571800,280434996.94976807
2025-12-02 00:00:00,78.54319806516904,78.57276894837251,78.52349166169172,78.56291198730469,4674800,367265900.95825195
2025-12-03 00:00:00,78.62204001142607,78.64175393388643,78.58261968516378,78.63189697265625,2091300,164442886.13891602
2025-12-04 00:00:00,78.61218175532716,78.62203871639497,78.55305502623686,78.56291198730469,3919000,307888052.0782471
2025-12-05 00:00:00,78.61218132161346,78.61218132161346,78.5136342674539,78.54319763183594,4212300,330847511.3845825
2025-12-08 00:00:00,78.52349799827847,78.54320440334602,78.44465734069036,78.49393463134766,3834700,301000691.13082886
2025-12-09 00:00:00,78.52349670703126,78.52349670703126,78.41509268429493,78.4249496459961,3510500,275310785.7322693
2025-12-10 00:00:00,78.4249451451024,78.60233285224874,78.40523122283149,78.59247589111328,5780300,454288088.3934021
2025-12-11 00:00:00,78.66145990440855,78.68116630810191,78.58261925231824,78.6121826171875,5105500,401354498.3520508
2025-12-12 00:00:00,78.59247491824486,78.59247491824486,78.54319763183594,78.54319763183594,4886700,383817043.8674927
2025-12-15 00:00:00,78.64175339483974,78.66145979850657,78.5727697040182,78.60233306884766,5933500,466386943.26400757
2025-12-16 00:00:00,78.60233436224256,78.69102445819033,78.59247740091774,78.67131805419922,2778400,218580390.0817871
2025-12-17 00:00:00,78.6417546888833,78.68116749686551,78.63189772755848,78.67131805419922,5785400,455145043.47076416
2025-12-18 00:00:00,78.79101351132428,78.79101351132428,78.72176873047025,78.77122497558594,4456500,351043964.10369873
2025-12-19 00:00:00,78.76134076585751,78.78112175511143,78.72177124023438,78.72177124023438,7666100,603488970.5047607
2025-12-22 00:00:00,78.73164927320389,78.75143780738942,78.68219303196898,78.71186828613281,8392500,660589354.5913696
2025-12-23 00:00:00,78.65252337143708,78.71187388398566,78.6228481151628,78.69209289550781,4285700,337250702.52227783
2025-12-24 00:00:00,78.75145266992314,78.80091646760768,78.72177741015877,78.7811279296875,4409200,347361749.2675781
2025-12-26 00:00:00,78.84047252982099,78.88993632379176,78.82069154050188,78.87015533447266,2148700,169468302.7671814
2025-12-29 00:00:00,78.87014625689503,78.93939103221517,78.87014625689503,78.92949676513672,2615000,206400634.04083252
2025-12-30 00:00:00,78.9097178885087,78.95918168284015,78.88004263075598,78.94928741455078,3326300,262609014.72702026
2025-12-31 00:00:00,78.91961158132808,78.93940011776253,78.87015533447266,78.87015533447266,3579800,282339382.0663452
2026-01-02 00:00:00,78.92950893789667,78.93940320650104,78.8602641518974,78.89983367919922,4118400,324941075.02441406
2026-01-05 00:00:00,78.95917714155716,78.97895812988281,78.91960761779089,78.97895812988281,4545300,358983058.38775635
2026-01-06 00:00:00,78.95917714155716,78.97895812988281,78.90971335007058,78.97895812988281,4392700,346930869.37713623
2026-01-07 00:00:00,78.99875120888224,79.00864547717161,78.93940069337681,78.94928741455078,4663900,368211581.5727234
2026-01-08 00:00:00,78.93939760562893,78.94928432641616,78.89982808113461,78.91960906982422,3259000,257199005.95855713
2026-01-09 00:00:00,78.92950893789667,78.94928992798977,78.88004514199048,78.89983367919922,3859900,304545468.01834106
2026-01-12 00:00:00,78.88003540039062,78.90971065542323,78.86025441274046,78.88003540039062,5223300,412014088.90686035
2026-01-13 00:00:00,78.93939412204662,78.97895609767995,78.90971131964946,78.95917510986328,10395300,820804313.0195618
2026-01-14 00:00:00,78.97895918673713,79.03831724673832,78.97895918673713,78.98885345458984,6699400,529177924.8336792
2026-01-15 00:00:00,78.96906734436219,78.99874259888061,78.92949782263274,78.93939208984375,6668400,526399442.21191406
2026-01-16 00:00:00,78.94928992798977,78.96907846519849,78.88004514199048,78.89983367919922,5667300,447149027.41012573
2026-01-20 00:00:00,78.90971934432046,78.90971934432046,78.85036882772008,78.88993835449219,6365000,502134457.6263428
2026-01-21 00:00:00,78.91960558711517,78.969069377329,78.89982459929851,78.95917510986328,5259300,415269989.65530396
2026-01-22 00:00:00,78.94928741455078,78.96907595112953,78.91961215679807,78.94928741455078,8737700,689835188.6421204
2026-01-23 00:00:00,78.95917819814679,79.00864199029526,78.93939720955643,78.98885345458984,2243200,177187796.06933594
2026-01-26 00:00:00,79.0185317993164,79.04821460403463,78.99875080995295,79.0185317993164,5875500,464273383.58688354
2026-01-27 00:00:00,79.03831685086419,79.0877730956499,79.02842258306104,79.05809783935547,6895700,545160925.2708435
2026-01-28 00:00:00,79.0877730956499,79.0877730956499,79.02842258306104,79.05809783935547,2873500,227173444.14138794
2026-01-29 00:00:00,79.07789263097513,79.14713741684523,79.05810409380331,79.11746215820312,8949200,708037992.3461914
2026-01-30 00:00:00,79.11746175744939,79.18670654296875,79.11746175744939,79.18670654296875,11307100,895372009.552002
2026-02-02 00:00:00,79.17379356052287,79.22344155905972,79.10429090770388,79.12415313720703,7016300,555158795.6565857
2026-02-03 00:00:00,79.11421966552734,79.12415077998305,79.08443389738099,79.11421966552734,6264700,495626851.93862915
2026-02-04 00:00:00,79.10428793948236,79.14400482177734,79.0745021715663,79.14400482177734,5579500,441583974.9031067
2026-02-05 00:00:00,79.22344024077252,79.31279754638672,79.19365447223444,79.31279754638672,5161900,409404729.6546936
2026-02-06 00:00:00,79.33265747177467,79.33265747177467,79.24329259353469,79.30287170410156,5135300,407244037.06207275
2026-02-09 00:00:00,79.31279754638672,79.34259089014567,79.29294289243497,79.31279754638672,4212000,334065503.26538086
2026-02-10 00:00:00,79.40216125638011,79.41209237081999,79.36244437384137,79.37237548828125,4819200,382511351.953125
2026-02-11 00:00:00,79.30287400702129,79.34259089014567,79.27308066326233,79.31279754638672,5214100,413544857.686615
2026-02-12 00:00:00,79.32272688006587,79.4120917588946,79.32272688006587,79.40216064453125,5010800,397868346.5576172
2026-02-13 00:00:00,79.51138008772722,79.53123474121094,79.48159431989127,79.53123474121094,5347700,425309184.02557373
2026-02-17 00:00:00,79.4617297356253,79.52130126953125,79.4617297356253,79.52130126953125,6414200,510065530.60302734
2026-02-18 00:00:00,79.50144722741537,79.52130188046306,79.47166146023356,79.49151611328125,6666500,529930192.16918945
2026-02-19 00:00:00,79.47166084968312,79.52130126953125,79.4617297356253,79.52130126953125,3819900,303763418.7194824
2026-02-20 00:00:00,79.50144661663609,79.55109461170471,79.48159196374094,79.52130126953125,5424900,431395107.2570801
2026-02-23 00:00:00,79.53123296262542,79.63052137826504,79.5213018484953,79.62059783935547,6387300,508560644.5793152
2026-02-24 00:00:00,79.56102461109181,79.59081795568457,79.53123884172017,79.58088684082031,3009000,239458888.50402832
2026-02-25 00:00:00,79.56101989746094,79.5808821260127,79.54116524412983,79.56101989746094,4817900,383317037.76397705
2026-02-26 00:00:00,79.56102164263658,79.60073852539062,79.54116698886996,79.60073852539062,2899000,230762540.98510742
2026-02-27 00:00:00,79.64045479605802,79.69010279292421,79.63052368164062,79.63052368164062,4896700,389926785.31188965
2026-03-02 00:00:00,79.60063918990252,79.60063918990252,79.45119967661847,79.49105072021484,4425200,351763797.6470947
2026-03-03 00:00:00,79.27187649066907,79.51097515961126,79.27187649066907,79.45120239257812,6398400,508360573.3886719
2026-03-04 00:00:00,79.52093982105333,79.54086154312783,79.43128067050363,79.45120239257812,4116800,327084710.0097656
2026-03-05 00:00:00,79.37149880849185,79.37149880849185,79.28183965962998,79.36154174804688,4816700,382260738.1378174
2026-03-06 00:00:00,79.29180078012982,79.41135391887673,79.23202801116129,79.30176544189453,6814600,540409810.7803345
2026-03-09 00:00:00,79.23202191369717,79.40138314661435,79.21210019251075,79.39142608642578,6801500,539980784.526825
2026-03-10 00:00:00,79.37150219961403,79.43128256888555,79.30176476947213,79.31172943115234,4713100,373804111.9819641
2026-03-11 00:00:00,79.24198761035048,79.25195227147857,79.12243447924152,79.1523208618164,7064300,559155740.2641296
2026-03-12 00:00:00,79.08258793071181,79.09255259240632,78.80363820974436,78.86341857910156,14562900,1148480078.4255981
2026-03-13 00:00:00,78.96304019589445,78.99292657933631,78.75382791099173,78.7837142944336,6309900,497117358.82644653
2026-03-16 00:00:00,78.94311102304167,79.00289139084862,78.85345187254572,78.89330291748047,11045500,871415977.3750305
2026-03-17 00:00:00,78.98295947373549,79.05269689987833,78.98295947373549,79.04273223876953,6375600,503944843.661499
2026-03-18 00:00:00,78.98295782055774,79.02280886334945,78.82356125020017,78.8434829711914,7046200,555546949.7116089
2026-03-19 00:00:00,78.67412326236327,78.97299468787068,78.61435049742366,78.93315124511719,6575000,518985469.4366455
2026-03-20 00:00:00,78.77374593638085,78.7837105973304,78.60438470428483,78.61434936523438,10483700,824169254.4403076
2026-03-23 00:00:00,78.6741237798298,78.90325778081163,78.65419445751259,78.8135986328125,5703300,449497597.08251953
2026-03-24 00:00:00,78.65419497641993,78.81359915277147,78.63427325478072,78.69404602050781,5158000,405903889.3737793
2026-03-25 00:00:00,78.84348706131733,78.86341638415166,78.76378497159926,78.7837142944336,7569300,596337568.6088562
2026-03-26 00:00:00,78.6840935789634,78.75383101000853,78.50476767044596,78.51472473144531,4914200,385837060.27526855
2026-03-27 00:00:00,78.4947975779482,78.62430776926897,78.46491119539799,78.59442138671875,5607000,440678920.71533203
2026-03-30 00:00:00,78.77375235127003,78.84348978197738,78.73390130503586,78.74386596679688,6191800,487566269.2932129
2026-03-31 00:00:00,78.90326214240763,79.01285061878175,78.88334041979861,78.9729995727539,10437600,824288580.3405762
2026-04-01 00:00:00,78.95999908447266,79.05999755859375,78.95999908447266,79.04000091552734,5233700,413671652.79159546
2026-04-02 00:00:00,78.95999908447266,79.1500015258789,78.94000244140625,79.0999984741211,3624900,286729584.46884155
2026-04-06 00:00:00,79.02999877929688,79.08999633789062,78.98999786376953,79.02999877929688,4545000,359191344.4519043
2026-04-07 00:00:00,79.0,79.13999938964844,78.91000366210938,79.12999725341797,4098300,324298467.74368286
2026-04-08 00:00:00,79.31999969482422,79.36000061035156,79.19000244140625,79.23999786376953,3755900,297617507.976532
2026-04-09 00:00:00,79.23999786376953,79.3499984741211,79.18000030517578,79.27999877929688,7872100,624100078.3905029
2026-04-10 00:00:00,79.26000213623047,79.30000305175781,79.19000244140625,79.19999694824219,4621600,366030705.8959961
